id,firstname,lastname,image,tel,created_at,updated_at,allergy
1,Richard,Jackson,https://dummyimage.com/754x817,001-978-679-3195,2025-02-08 20:35:59.903064,2025-02-08 20:35:59.903064,"{tree_nuts,shellfish,seafood}"
2,Lisa,Stevens,https://dummyimage.com/670x888,+1-599-360-2643,2025-05-07 18:32:31.118890,2025-05-07 18:32:31.118890,{}
3,Christopher,Mays,https://placekitten.com/247/337,+1-355-854-1137x499,2025-04-02 00:40:38.374758,2025-04-02 00:40:38.374758,{wheat}
4,Daniel,Shaffer,https://picsum.photos/376/312,(322)670-1101x845,2025-04-07 14:30:32.016523,2025-04-07 14:30:32.016523,"{wheat,gluten,dairy}"
5,Brenda,Perez,https://picsum.photos/433/965,294-862-5629x5999,2025-08-03 19:52:11.778803,2025-08-03 19:52:11.778803,{eggs}
6,Lauren,Wiggins,https://dummyimage.com/798x314,(693)436-4256x3645,2025-02-03 11:35:35.600343,2025-02-03 11:35:35.600343,"{soy,tree_nuts,fish}"
7,Alicia,Thomas,https://dummyimage.com/10x991,2427466574,2025-03-02 06:16:07.815372,2025-03-02 06:16:07.815372,{}
8,Jackson,Taylor,https://placekitten.com/898/859,(930)996-7091,2025-01-27 00:30:06.848017,2025-01-27 00:30:06.848017,"{wheat,eggs,seafood}"
9,Joyce,Ball,https://picsum.photos/459/873,+1-421-209-0253x206,2025-02-09 07:08:26.413223,2025-02-09 07:08:26.413223,"{wheat,eggs,dairy}"
10,Rachel,Melendez,https://placekitten.com/444/918,758-414-4418,2025-08-25 03:22:29.961455,2025-08-25 03:22:29.961455,{}
11,Andre,Phelps,https://picsum.photos/774/481,9479881435,2025-04-22 07:54:21.444595,2025-04-22 07:54:21.444595,"{peanuts,wheat,seafood}"
12,Ryan,Rodriguez,https://picsum.photos/1007/626,747.897.8780x636,2025-09-25 10:20:17.578944,2025-09-25 10:20:17.578944,"{wheat,shellfish}"
13,Robert,Jackson,https://placekitten.com/303/318,(623)798-7031,2025-09-11 20:12:04.107018,2025-09-11 20:12:04.107018,"{eggs,wheat,peanuts}"
14,John,White,https://picsum.photos/169/130,001-388-946-2728x80467,2025-07-21 15:03:27.636213,2025-07-21 15:03:27.636213,{peanuts}
15,Daniel,Vasquez,https://dummyimage.com/249x700,4975663419,2025-02-17 15:34:40.705359,2025-02-17 15:34:40.705359,"{soy,wheat}"
16,Amanda,Smith,https://dummyimage.com/733x716,641.514.2207x7132,2025-08-29 06:36:22.997241,2025-08-29 06:36:22.997241,"{eggs,shellfish}"
17,Shannon,Baldwin,https://picsum.photos/13/620,001-984-425-2240x350,2025-01-10 06:11:05.258532,2025-01-10 06:11:05.258532,{}
18,Kristine,Torres,https://dummyimage.com/834x862,667-955-6073x86791,2025-05-15 23:21:32.710271,2025-05-15 23:21:32.710271,{}
19,Jennifer,King,https://dummyimage.com/220x389,935.730.0676,2025-02-28 04:01:26.246399,2025-02-28 04:01:26.246399,{eggs}
20,Cynthia,Key,https://picsum.photos/34/916,(681)929-5978x9895,2025-07-18 21:00:40.603748,2025-07-18 21:00:40.603748,{}
21,Yolanda,Hensley,https://dummyimage.com/402x822,740-521-2872x292,2025-08-16 04:22:26.910452,2025-08-16 04:22:26.910452,"{wheat,eggs,gluten}"
22,Regina,Krause,https://placekitten.com/308/317,597.311.1805x57669,2025-01-18 00:50:08.281771,2025-01-18 00:50:08.281771,{}
23,Steve,Williams,https://placekitten.com/1000/253,908.310.9404,2025-07-15 15:06:37.298393,2025-07-15 15:06:37.298393,{}
24,Angela,Berg,https://placekitten.com/892/138,737-999-6496x6796,2025-05-11 06:01:02.984059,2025-05-11 06:01:02.984059,{}
25,Briana,Mitchell,https://placekitten.com/260/526,363-990-7825x357,2025-02-20 00:34:01.209279,2025-02-20 00:34:01.209279,{wheat}
26,Todd,Bowen,https://picsum.photos/993/241,001-615-805-6859x910,2025-06-08 02:15:13.673746,2025-06-08 02:15:13.673746,{soy}
27,Stephen,Herrera,https://picsum.photos/207/588,455.468.7980x343,2025-08-15 06:59:59.937456,2025-08-15 06:59:59.937456,"{gluten,fish}"
28,James,Santana,https://placekitten.com/26/616,(813)971-4327x673,2025-10-16 20:16:58.281096,2025-10-16 20:16:58.281096,{wheat}
29,Garrett,Martinez,https://picsum.photos/653/532,001-645-940-7475x0158,2025-08-22 01:53:40.737700,2025-08-22 01:53:40.737700,{gluten}
30,Lisa,Pearson,https://placekitten.com/917/376,322-991-1598x743,2025-02-23 22:05:17.999658,2025-02-23 22:05:17.999658,{eggs}
31,Jared,Macdonald,https://placekitten.com/41/705,001-606-327-1130x0000,2025-03-22 07:51:30.095389,2025-03-22 07:51:30.095389,{wheat}
32,Lisa,Johnston,https://placekitten.com/910/384,8826943019,2025-05-08 14:03:45.014258,2025-05-08 14:03:45.014258,{tree_nuts}
33,Heather,Roberts,https://placekitten.com/559/573,(657)579-2136,2025-05-27 22:44:01.464226,2025-05-27 22:44:01.464226,"{soy,gluten}"
34,Zachary,Newton,https://dummyimage.com/339x935,001-334-667-9002,2025-09-20 20:24:20.443795,2025-09-20 20:24:20.443795,"{eggs,dairy}"
35,Veronica,Thompson,https://placekitten.com/773/15,960.511.7428x323,2025-04-19 23:40:58.678896,2025-04-19 23:40:58.678896,"{gluten,dairy}"
36,Tina,Romero,https://picsum.photos/387/492,922.907.5619,2025-04-29 04:42:10.099368,2025-04-29 04:42:10.099368,"{gluten,tree_nuts,shellfish}"
37,Samantha,Anderson,https://placekitten.com/899/765,001-694-382-8699x4343,2025-05-05 20:20:58.032598,2025-05-05 20:20:58.032598,"{seafood,dairy}"
38,Joseph,Lawrence,https://placekitten.com/999/106,877.795.5252x7486,2025-08-05 21:09:36.929493,2025-08-05 21:09:36.929493,{}
39,Joseph,Welch,https://placekitten.com/515/750,800.564.0687x63133,2025-07-14 17:36:57.777542,2025-07-14 17:36:57.777542,"{dairy,soy}"
40,Karen,Kramer,https://placekitten.com/102/976,+1-767-511-0664x832,2025-08-20 18:07:46.497547,2025-08-20 18:07:46.497547,"{wheat,tree_nuts,seafood}"
41,Brandon,Golden,https://dummyimage.com/245x326,001-454-530-5572x26341,2025-05-08 04:29:53.902329,2025-05-08 04:29:53.902329,"{soy,dairy,eggs}"
42,Scott,Smith,https://picsum.photos/452/10,+1-963-609-8969,2025-02-07 07:40:17.989732,2025-02-07 07:40:17.989732,"{wheat,gluten,seafood}"
43,Brian,Atkins,https://picsum.photos/561/115,+1-504-792-6918x869,2025-11-02 02:05:39.977972,2025-11-02 02:05:39.977972,"{seafood,wheat}"
44,Thomas,Martin,https://picsum.photos/5/1020,990-504-1804,2025-10-11 14:30:04.938279,2025-10-11 14:30:04.938279,{gluten}
45,Michael,Harris,https://placekitten.com/796/748,359.676.0421,2025-07-12 15:03:42.070362,2025-07-12 15:03:42.070362,{}
46,Darlene,Rose,https://placekitten.com/266/900,740.881.7339x16869,2025-11-10 02:50:03.103390,2025-11-10 02:50:03.103390,{}
47,Megan,Campos,https://picsum.photos/288/330,749.727.3260,2025-10-30 21:02:54.109048,2025-10-30 21:02:54.109048,"{wheat,eggs}"
48,Gabriel,Vasquez,https://placekitten.com/369/453,241-700-4602,2025-05-21 09:07:31.395597,2025-05-21 09:07:31.395597,{eggs}
49,Justin,Taylor,https://picsum.photos/621/44,860.638.1027x956,2025-03-27 14:07:12.786639,2025-03-27 14:07:12.786639,{}
50,William,Lee,https://dummyimage.com/815x177,836-544-1181x83684,2025-06-29 17:54:43.562043,2025-06-29 17:54:43.562043,"{soy,gluten,seafood}"
51,Shelley,Hutchinson,https://placekitten.com/516/295,001-870-422-9813x52274,2025-06-09 13:43:07.075052,2025-06-09 13:43:07.075052,"{shellfish,seafood}"
52,Wendy,Hayes,https://placekitten.com/621/87,5578993239,2025-03-29 01:37:53.475337,2025-03-29 01:37:53.475337,{eggs}
53,Brett,Gregory,https://dummyimage.com/487x276,3113749007,2025-06-05 17:08:08.256196,2025-06-05 17:08:08.256196,{gluten}
54,James,Nguyen,https://dummyimage.com/629x249,001-875-680-3568x08874,2025-01-29 08:52:49.376692,2025-01-29 08:52:49.376692,"{gluten,tree_nuts}"
55,Melissa,Harris,https://picsum.photos/606/442,001-834-448-8241x50975,2025-05-13 19:29:08.221212,2025-05-13 19:29:08.221212,{dairy}
56,Shawna,Miles,https://dummyimage.com/878x755,001-256-389-9160x254,2025-09-12 12:21:08.755557,2025-09-12 12:21:08.755557,"{fish,soy}"
57,Marcus,Webb,https://placekitten.com/796/24,797.351.8265,2025-06-05 10:22:15.797553,2025-06-05 10:22:15.797553,"{seafood,gluten}"
58,Abigail,Martinez,https://placekitten.com/440/707,(238)559-5378x5540,2025-06-06 03:21:12.499222,2025-06-06 03:21:12.499222,"{shellfish,gluten}"
59,Richard,Shields,https://placekitten.com/37/561,5148252878,2025-08-05 09:05:32.279438,2025-08-05 09:05:32.279438,{peanuts}
60,Kara,Walsh,https://dummyimage.com/959x93,+1-584-616-5700x3274,2025-06-09 06:06:43.688356,2025-06-09 06:06:43.688356,{peanuts}
61,Jared,Harper,https://picsum.photos/95/286,217.905.1301,2025-01-13 02:52:23.304224,2025-01-13 02:52:23.304224,{}
62,Joshua,Espinoza,https://picsum.photos/45/732,729-400-1390,2025-05-10 23:55:29.442612,2025-05-10 23:55:29.442612,{wheat}
63,Kimberly,Romero,https://dummyimage.com/748x630,001-868-570-0241,2025-07-04 17:05:04.855814,2025-07-04 17:05:04.855814,{fish}
64,Stephanie,Cohen,https://placekitten.com/409/957,+1-265-763-7382,2025-07-09 08:32:12.587417,2025-07-09 08:32:12.587417,{}
65,Diane,Lloyd,https://picsum.photos/809/583,497.243.2510,2025-03-23 20:17:00.196686,2025-03-23 20:17:00.196686,{tree_nuts}
66,Tiffany,Campos,https://dummyimage.com/808x998,645-269-6486,2025-02-15 20:18:44.721828,2025-02-15 20:18:44.721828,{soy}
67,Steve,Martinez,https://picsum.photos/781/500,922-395-0551x087,2025-07-07 20:05:44.365624,2025-07-07 20:05:44.365624,{dairy}
68,Carol,Davis,https://dummyimage.com/180x619,+1-304-875-7885,2025-10-14 01:17:51.758929,2025-10-14 01:17:51.758929,"{wheat,tree_nuts,seafood}"
69,Joseph,Leon,https://dummyimage.com/258x585,742-707-2512x772,2025-07-23 04:31:01.430751,2025-07-23 04:31:01.430751,{eggs}
70,Nicole,Shannon,https://picsum.photos/204/192,467-496-6949x875,2025-04-09 21:41:27.227541,2025-04-09 21:41:27.227541,"{gluten,peanuts}"
71,Selena,Turner,https://placekitten.com/111/368,3025650947,2025-08-07 10:49:17.161107,2025-08-07 10:49:17.161107,{}
72,Reginald,Ramirez,https://picsum.photos/282/322,+1-949-659-9113,2025-03-16 07:28:44.311268,2025-03-16 07:28:44.311268,{dairy}
73,Morgan,Hanna,https://dummyimage.com/593x630,349.261.7792,2025-11-08 11:31:54.816236,2025-11-08 11:31:54.816236,{peanuts}
74,Thomas,Combs,https://placekitten.com/644/220,738-328-1438,2025-02-05 05:17:04.268759,2025-02-05 05:17:04.268759,{wheat}
75,Anthony,Brown,https://picsum.photos/492/661,+1-534-855-0140x52349,2025-10-26 22:14:06.729158,2025-10-26 22:14:06.729158,"{soy,wheat,gluten}"
76,David,Fuentes,https://placekitten.com/500/339,(935)365-0128,2025-09-09 11:37:11.714817,2025-09-09 11:37:11.714817,"{eggs,peanuts,wheat}"
77,Jim,Burns,https://dummyimage.com/647x543,+1-245-629-5872x7452,2025-10-13 22:33:35.130068,2025-10-13 22:33:35.130068,"{tree_nuts,eggs,dairy}"
78,Christina,Wolfe,https://placekitten.com/235/170,001-805-544-3503x567,2025-05-23 05:15:07.367106,2025-05-23 05:15:07.367106,"{shellfish,fish,peanuts}"
79,Mary,Taylor,https://placekitten.com/76/707,(443)639-6936x747,2025-02-25 04:30:55.823963,2025-02-25 04:30:55.823963,"{wheat,seafood}"
80,Eric,Johnson,https://picsum.photos/840/51,001-937-489-1106x707,2025-06-01 11:54:25.169358,2025-06-01 11:54:25.169358,"{soy,eggs,gluten}"
81,Charles,Fields,https://placekitten.com/712/356,888-927-0754x486,2025-05-25 15:58:08.215369,2025-05-25 15:58:08.215369,{}
82,Donna,Nelson,https://placekitten.com/660/763,+1-809-809-2219x54571,2025-09-04 00:40:48.141393,2025-09-04 00:40:48.141393,{tree_nuts}
83,Johnathan,Golden,https://placekitten.com/67/808,001-913-300-1409,2025-04-03 03:07:12.000923,2025-04-03 03:07:12.000923,"{peanuts,eggs,dairy}"
84,Sandy,Wise,https://dummyimage.com/880x201,471-268-5120,2025-08-26 13:08:29.721007,2025-08-26 13:08:29.721007,"{fish,shellfish,peanuts}"
85,Brandon,Martin,https://dummyimage.com/318x8,797-566-0897x9456,2025-05-20 07:33:41.316645,2025-05-20 07:33:41.316645,"{peanuts,tree_nuts}"
86,Cheryl,Castillo,https://placekitten.com/296/492,8375176806,2025-02-24 09:18:18.174797,2025-02-24 09:18:18.174797,{}
87,Corey,Buckley,https://picsum.photos/739/441,346-335-2244,2025-04-26 06:47:21.820656,2025-04-26 06:47:21.820656,{}
88,Clayton,Fisher,https://placekitten.com/179/377,9806609342,2025-05-16 12:51:39.866408,2025-05-16 12:51:39.866408,{peanuts}
89,Vanessa,Reese,https://picsum.photos/615/240,(483)584-6150,2025-09-07 17:30:05.780107,2025-09-07 17:30:05.780107,{shellfish}
90,Stephanie,Freeman,https://dummyimage.com/559x616,462.660.0786,2025-03-02 16:27:22.088351,2025-03-02 16:27:22.088351,{fish}
91,Richard,Brady,https://dummyimage.com/745x36,+1-936-422-2934x8160,2025-05-19 05:08:05.617913,2025-05-19 05:08:05.617913,"{gluten,wheat,peanuts}"
92,Jason,Rangel,https://placekitten.com/619/995,001-812-720-0492,2025-08-09 12:58:42.037079,2025-08-09 12:58:42.037079,{}
93,Erica,West,https://picsum.photos/944/312,372-992-8469,2025-05-06 12:58:01.867598,2025-05-06 12:58:01.867598,{tree_nuts}
94,Chelsea,Riddle,https://placekitten.com/273/709,423.861.7620,2025-05-16 20:54:31.304413,2025-05-16 20:54:31.304413,{}
95,Katherine,Hall,https://picsum.photos/430/1019,700.875.1937,2025-02-16 03:04:55.726244,2025-02-16 03:04:55.726244,"{gluten,wheat}"
96,Laura,Williams,https://dummyimage.com/493x657,001-588-712-5194x021,2025-11-10 12:50:05.578324,2025-11-10 12:50:05.578324,"{dairy,shellfish}"
97,Charles,Collins,https://dummyimage.com/635x762,001-366-509-7557,2025-03-21 13:34:28.164691,2025-03-21 13:34:28.164691,"{peanuts,fish,eggs}"
98,Robert,Gilbert,https://placekitten.com/645/106,(743)240-4980,2025-02-14 18:57:13.991197,2025-02-14 18:57:13.991197,"{fish,soy,dairy}"
99,Katherine,Carney,https://placekitten.com/807/847,+1-623-630-3484x009,2025-10-13 16:20:10.568890,2025-10-13 16:20:10.568890,"{wheat,shellfish}"
100,Alejandra,Warren,https://placekitten.com/617/408,(239)987-0237x348,2025-06-03 08:36:17.158125,2025-06-03 08:36:17.158125,{gluten}
