id,verification_status,is_available,firstname,lastname,image,vehicle,fee_rate,licence,tel,created_at,updated_at
101,pending,False,Ashley,Richardson,https://picsum.photos/419/572,Honda Bike,0.15,28Q•828,(900)876-2443x42766,2025-04-15 02:51:32.335779,2025-04-15 02:51:32.335779
102,rejected,True,Michael,Smith,https://dummyimage.com/552x428,Toyota Sedan,0.16,Z99-99B,(254)520-2276x820,2025-02-08 05:16:41.121952,2025-02-08 05:16:41.121952
103,approved,False,Stephanie,Huynh,https://placekitten.com/412/257,Honda Bike,0.17,408 YF5,626.210.6202x715,2025-01-24 00:01:19.058289,2025-01-24 00:01:19.058289
104,pending,True,Catherine,Torres,https://picsum.photos/654/954,Toyota Bike,0.19,WJQ-5776,(230)365-5270x43405,2025-03-08 01:02:36.758320,2025-03-08 01:02:36.758320
105,pending,False,Megan,Stokes,https://dummyimage.com/578x290,Honda Sedan,0.18,92-77718,802-981-3801,2025-04-15 02:47:29.165758,2025-04-15 02:47:29.165758
106,approved,False,Jessica,Massey,https://picsum.photos/601/984,Honda Sedan,0.15,HRD 640,663.703.7140x9368,2025-10-14 14:53:10.073967,2025-10-14 14:53:10.073967
107,approved,True,Dawn,Gonzalez,https://picsum.photos/508/688,Honda Sedan,0.16,KRK 338,956-574-5496x8650,2025-03-31 07:05:10.380754,2025-03-31 07:05:10.380754
108,approved,True,Jeremy,Allen,https://dummyimage.com/920x962,Toyota Bike,0.16,DBO 052,+1-829-701-0761,2025-09-03 22:12:05.358175,2025-09-03 22:12:05.358175
109,rejected,False,James,Houston,https://placekitten.com/136/763,Toyota Bike,0.18,932-CIA,447-682-9024x368,2025-08-11 02:30:36.229398,2025-08-11 02:30:36.229398
110,rejected,False,Jason,Kelly,https://dummyimage.com/168x18,Toyota Sedan,0.1,667K7,+1-288-851-1971x3247,2025-08-14 20:41:25.071840,2025-08-14 20:41:25.071840
111,pending,True,Bobby,Roberts,https://picsum.photos/569/734,Toyota Sedan,0.11,POL0935,(489)908-9170,2025-03-21 04:46:50.226228,2025-03-21 04:46:50.226228
112,rejected,True,Scott,Lee,https://picsum.photos/739/243,Toyota Bike,0.17,DVO 620,893.972.8305,2025-11-04 14:27:44.564171,2025-11-04 14:27:44.564171
113,approved,False,David,Mays,https://picsum.photos/906/155,Honda Bike,0.13,140-LDI,946-438-2299,2025-08-13 11:38:13.689871,2025-08-13 11:38:13.689871
114,approved,True,Patty,Williams,https://dummyimage.com/211x900,Toyota Sedan,0.17,309-HWF,739-977-6067x97998,2025-05-03 16:15:00.108153,2025-05-03 16:15:00.108153
115,pending,False,Barbara,Young,https://dummyimage.com/141x519,Honda Bike,0.16,4FR 539,+1-318-442-6647,2025-08-24 16:30:05.825315,2025-08-24 16:30:05.825315
116,approved,False,Evan,Hernandez,https://placekitten.com/209/219,Honda Bike,0.16,XFK5684,001-268-368-9940x49374,2025-08-29 07:57:43.044753,2025-08-29 07:57:43.044753
117,pending,True,Timothy,Blankenship,https://placekitten.com/515/227,Toyota Bike,0.19,OMP O77,243-371-3421,2025-01-02 14:08:28.528853,2025-01-02 14:08:28.528853
118,rejected,True,Chad,Sanders,https://picsum.photos/855/797,Toyota Sedan,0.18,23P DC2,755-758-4038x559,2025-04-01 03:32:25.235967,2025-04-01 03:32:25.235967
119,rejected,False,Jennifer,Hall,https://picsum.photos/211/255,Honda Sedan,0.16,3QA 214,244-608-4601,2025-08-12 01:46:40.485389,2025-08-12 01:46:40.485389
120,rejected,False,Jennifer,Tucker,https://dummyimage.com/535x869,Toyota Bike,0.17,5422 SU,609-423-7560,2025-11-02 09:11:54.191419,2025-11-02 09:11:54.191419
