id,customer_id,address,is_default,created_at,updated_at
1,1,"089 Daniels Shoals Apt. 193
Port Meganstad, MP 83422",True,2025-02-08 20:35:59.903064,2025-02-08 20:35:59.903064
2,1,"96754 Tina Trail Suite 480
Jamesside, MS 82233",False,2025-02-08 20:35:59.903064,2025-02-08 20:35:59.903064
3,2,"5308 Aaron Gateway Suite 542
West Zachary, AR 37416",True,2025-05-07 18:32:31.118890,2025-05-07 18:32:31.118890
4,2,"250 Joanne Overpass Suite 974
West Molly, OK 07289",False,2025-05-07 18:32:31.118890,2025-05-07 18:32:31.118890
5,3,"18278 Perez Plaza Apt. 211
Sandrashire, RI 42350",True,2025-04-02 00:40:38.374758,2025-04-02 00:40:38.374758
6,3,"Unit 6340 Box 4044
DPO AE 33280",False,2025-04-02 00:40:38.374758,2025-04-02 00:40:38.374758
7,4,"561 Timothy Circle Suite 229
Amberberg, CA 55866",True,2025-04-07 14:30:32.016523,2025-04-07 14:30:32.016523
8,4,"05254 Bates Center Suite 322
South Lisa, DC 95852",False,2025-04-07 14:30:32.016523,2025-04-07 14:30:32.016523
9,5,"312 Glenn Crossroad Apt. 765
Andrewburgh, WY 32392",True,2025-08-03 19:52:11.778803,2025-08-03 19:52:11.778803
10,5,"4808 Rachael Creek
Smithview, DE 47202",False,2025-08-03 19:52:11.778803,2025-08-03 19:52:11.778803
11,6,"825 Savage Alley
Williamsstad, LA 21177",True,2025-02-03 11:35:35.600343,2025-02-03 11:35:35.600343
12,6,"945 Hill Pine Apt. 930
Bowersstad, PR 71301",False,2025-02-03 11:35:35.600343,2025-02-03 11:35:35.600343
13,7,"9470 Kathryn Trace
Bridgetstad, SC 19812",True,2025-03-02 06:16:07.815372,2025-03-02 06:16:07.815372
14,8,"14642 Paul Valleys Apt. 857
Lake Lindsey, LA 84114",True,2025-01-27 00:30:06.848017,2025-01-27 00:30:06.848017
15,9,"404 Pearson Route Suite 174
New Kerri, DC 79034",True,2025-02-09 07:08:26.413223,2025-02-09 07:08:26.413223
16,10,"785 Valdez Harbors
South Tarashire, NY 29131",True,2025-08-25 03:22:29.961455,2025-08-25 03:22:29.961455
17,11,"PSC 5730, Box 5726
APO AA 78417",True,2025-04-22 07:54:21.444595,2025-04-22 07:54:21.444595
18,12,"5764 Gibson Lane
Port Brianbury, IL 59380",True,2025-09-25 10:20:17.578944,2025-09-25 10:20:17.578944
19,12,"7559 Hunter Expressway Suite 923
New Michelle, ND 67410",False,2025-09-25 10:20:17.578944,2025-09-25 10:20:17.578944
20,13,"70320 Sloan Village
North Christopherfort, FM 07555",True,2025-09-11 20:12:04.107018,2025-09-11 20:12:04.107018
21,13,"86884 William Lodge Suite 742
Marcusborough, SD 15586",False,2025-09-11 20:12:04.107018,2025-09-11 20:12:04.107018
22,14,"7354 Jon Walks
North Billyfort, UT 83850",True,2025-07-21 15:03:27.636213,2025-07-21 15:03:27.636213
23,14,"1417 Love Summit Apt. 445
South Christopherborough, ID 93592",False,2025-07-21 15:03:27.636213,2025-07-21 15:03:27.636213
24,15,"77997 Mclean Bridge Suite 791
East Leslieland, OK 25708",True,2025-02-17 15:34:40.705359,2025-02-17 15:34:40.705359
25,15,"564 Smith Viaduct Suite 875
New Carmenshire, IN 43693",False,2025-02-17 15:34:40.705359,2025-02-17 15:34:40.705359
26,16,"899 Scott Crescent Apt. 590
Mariahaven, VT 29745",True,2025-08-29 06:36:22.997241,2025-08-29 06:36:22.997241
27,17,"99542 Clifford Square
Alexandrafurt, MA 47581",True,2025-01-10 06:11:05.258532,2025-01-10 06:11:05.258532
28,18,"929 Alvarez Underpass Suite 522
Durhamville, RI 34730",True,2025-05-15 23:21:32.710271,2025-05-15 23:21:32.710271
29,19,"8848 Petersen Fort Apt. 912
Craigview, RI 24927",True,2025-02-28 04:01:26.246399,2025-02-28 04:01:26.246399
30,19,"456 Jeffrey Parks
Reedfurt, ID 03551",False,2025-02-28 04:01:26.246399,2025-02-28 04:01:26.246399
31,20,"USNV Bryant
FPO AE 64882",True,2025-07-18 21:00:40.603748,2025-07-18 21:00:40.603748
32,20,"21563 Casey View
Carpentertown, WV 55737",False,2025-07-18 21:00:40.603748,2025-07-18 21:00:40.603748
33,21,"8771 Thompson Street Suite 732
West Jennastad, AS 79760",True,2025-08-16 04:22:26.910452,2025-08-16 04:22:26.910452
34,21,"92036 Jake Crossing
West Victoria, IN 77350",False,2025-08-16 04:22:26.910452,2025-08-16 04:22:26.910452
35,22,"08748 Allen Glens
Carloshaven, VA 58943",True,2025-01-18 00:50:08.281771,2025-01-18 00:50:08.281771
36,23,"7625 Robertson Port Apt. 635
West Stephanie, WV 33717",True,2025-07-15 15:06:37.298393,2025-07-15 15:06:37.298393
37,24,"479 Johnson Shoal
Johnfort, NJ 07566",True,2025-05-11 06:01:02.984059,2025-05-11 06:01:02.984059
38,24,"78190 Jackson Light Suite 823
East Mary, KY 19805",False,2025-05-11 06:01:02.984059,2025-05-11 06:01:02.984059
39,25,"8898 Brandy Port
North Robert, TN 68440",True,2025-02-20 00:34:01.209279,2025-02-20 00:34:01.209279
40,26,"0720 Andrea Cliff Apt. 529
South Tracey, OR 83013",True,2025-06-08 02:15:13.673746,2025-06-08 02:15:13.673746
41,26,"9049 Michelle Shoal Apt. 299
North Abigail, MI 92881",False,2025-06-08 02:15:13.673746,2025-06-08 02:15:13.673746
42,27,"PSC 3678, Box 1680
APO AP 53739",True,2025-08-15 06:59:59.937456,2025-08-15 06:59:59.937456
43,27,"66622 Lee Knolls
Timothyview, FL 08951",False,2025-08-15 06:59:59.937456,2025-08-15 06:59:59.937456
44,28,"220 David Wells
New Jonathan, MD 47716",True,2025-10-16 20:16:58.281096,2025-10-16 20:16:58.281096
45,28,"59838 Escobar Hill Suite 362
Crystalmouth, AL 63765",False,2025-10-16 20:16:58.281096,2025-10-16 20:16:58.281096
46,29,"2961 Brandon Island Suite 667
Patriciatown, IA 32314",True,2025-08-22 01:53:40.737700,2025-08-22 01:53:40.737700
47,29,"986 Ward Forge
Lake Vickie, CO 93603",False,2025-08-22 01:53:40.737700,2025-08-22 01:53:40.737700
48,30,"6968 Danny Turnpike Apt. 409
Adamfurt, SD 21551",True,2025-02-23 22:05:17.999658,2025-02-23 22:05:17.999658
49,31,"206 Sherri Pike Apt. 184
Whitemouth, MD 52457",True,2025-03-22 07:51:30.095389,2025-03-22 07:51:30.095389
50,31,"8359 Morales Street Apt. 852
South Deborah, KY 23463",False,2025-03-22 07:51:30.095389,2025-03-22 07:51:30.095389
51,32,"57965 Mitchell Ridges Suite 891
West Sharonport, MA 72757",True,2025-05-08 14:03:45.014258,2025-05-08 14:03:45.014258
52,33,"130 Ellison Road Suite 045
North Ricardo, SD 95173",True,2025-05-27 22:44:01.464226,2025-05-27 22:44:01.464226
53,34,"424 Anthony Alley Apt. 439
Hooverton, NJ 35288",True,2025-09-20 20:24:20.443795,2025-09-20 20:24:20.443795
54,35,"7123 Wright Creek
Gonzalesstad, HI 69952",True,2025-04-19 23:40:58.678896,2025-04-19 23:40:58.678896
55,36,"7435 Martinez Keys
Bennetttown, ME 40847",True,2025-04-29 04:42:10.099368,2025-04-29 04:42:10.099368
56,36,"5210 Mccarty Skyway
Melissashire, NY 63867",False,2025-04-29 04:42:10.099368,2025-04-29 04:42:10.099368
57,37,"PSC 0486, Box 5536
APO AA 27674",True,2025-05-05 20:20:58.032598,2025-05-05 20:20:58.032598
58,38,"213 Shannon Falls Suite 590
North Meghanville, CA 49494",True,2025-08-05 21:09:36.929493,2025-08-05 21:09:36.929493
59,38,"27748 Kim Point Suite 164
Clarkfort, OK 22098",False,2025-08-05 21:09:36.929493,2025-08-05 21:09:36.929493
60,39,"206 Ronald Isle
West Codyview, AS 98183",True,2025-07-14 17:36:57.777542,2025-07-14 17:36:57.777542
61,40,"392 Reyes Centers Apt. 669
Wilsonburgh, IA 62574",True,2025-08-20 18:07:46.497547,2025-08-20 18:07:46.497547
62,41,"341 Ryan Land
Danielton, WI 80585",True,2025-05-08 04:29:53.902329,2025-05-08 04:29:53.902329
63,41,"PSC 4220, Box 6950
APO AA 12237",False,2025-05-08 04:29:53.902329,2025-05-08 04:29:53.902329
64,42,"USNS Wilcox
FPO AP 50816",True,2025-02-07 07:40:17.989732,2025-02-07 07:40:17.989732
65,43,"9553 Chris Brook Suite 569
Lake Johnborough, FM 02421",True,2025-11-02 02:05:39.977972,2025-11-02 02:05:39.977972
66,44,"73162 Montgomery Rest
Martinezside, NE 40562",True,2025-10-11 14:30:04.938279,2025-10-11 14:30:04.938279
67,44,"19893 Munoz Junction
North Tylerside, PR 30339",False,2025-10-11 14:30:04.938279,2025-10-11 14:30:04.938279
68,45,"548 Taylor Ville
Brandonville, WV 99752",True,2025-07-12 15:03:42.070362,2025-07-12 15:03:42.070362
69,45,"673 Norton Trail Suite 091
Jackland, OR 94337",False,2025-07-12 15:03:42.070362,2025-07-12 15:03:42.070362
70,46,"1861 Mueller Park
Port Robertbury, AK 85268",True,2025-11-10 02:50:03.103390,2025-11-10 02:50:03.103390
71,46,"PSC 8572, Box 0883
APO AP 09267",False,2025-11-10 02:50:03.103390,2025-11-10 02:50:03.103390
72,47,"9696 Holmes Stravenue Apt. 630
North Nathanton, FM 96710",True,2025-10-30 21:02:54.109048,2025-10-30 21:02:54.109048
73,48,"37786 Cheyenne Fort
East Tanyachester, CO 41164",True,2025-05-21 09:07:31.395597,2025-05-21 09:07:31.395597
74,48,"33326 Anna Loaf
Lake Matthewberg, ME 98804",False,2025-05-21 09:07:31.395597,2025-05-21 09:07:31.395597
75,49,"01010 Alan Burgs
Francisfurt, IN 63593",True,2025-03-27 14:07:12.786639,2025-03-27 14:07:12.786639
76,49,"PSC 9117, Box 1009
APO AE 81395",False,2025-03-27 14:07:12.786639,2025-03-27 14:07:12.786639
77,50,"USCGC Brooks
FPO AA 27019",True,2025-06-29 17:54:43.562043,2025-06-29 17:54:43.562043
78,51,"21760 Lee Heights Apt. 624
Haleyview, PA 42640",True,2025-06-09 13:43:07.075052,2025-06-09 13:43:07.075052
79,51,"609 Suzanne Row
Davidhaven, RI 85456",False,2025-06-09 13:43:07.075052,2025-06-09 13:43:07.075052
80,52,"896 Melinda Gardens
Brownburgh, IN 72086",True,2025-03-29 01:37:53.475337,2025-03-29 01:37:53.475337
81,53,"943 Williams Hollow Suite 386
Destinyborough, LA 21374",True,2025-06-05 17:08:08.256196,2025-06-05 17:08:08.256196
82,54,"0454 Green Unions
East Joyceview, NH 02643",True,2025-01-29 08:52:49.376692,2025-01-29 08:52:49.376692
83,55,"013 Garza Estate
East Connie, SD 57556",True,2025-05-13 19:29:08.221212,2025-05-13 19:29:08.221212
84,55,"89120 Thomas Shores Suite 572
Wilsonton, NJ 67835",False,2025-05-13 19:29:08.221212,2025-05-13 19:29:08.221212
85,56,"86076 Lin Row
Krausefort, CA 33911",True,2025-09-12 12:21:08.755557,2025-09-12 12:21:08.755557
86,56,"USCGC Williams
FPO AA 50556",False,2025-09-12 12:21:08.755557,2025-09-12 12:21:08.755557
87,57,"63508 Andrea Tunnel
Kevinbury, AK 73991",True,2025-06-05 10:22:15.797553,2025-06-05 10:22:15.797553
88,57,"220 Bates Manors
Burnsburgh, MH 10681",False,2025-06-05 10:22:15.797553,2025-06-05 10:22:15.797553
89,58,"4716 Kelsey Villages Apt. 748
Jeffreytown, RI 59401",True,2025-06-06 03:21:12.499222,2025-06-06 03:21:12.499222
90,59,"684 David Points
West Rogerburgh, WV 13377",True,2025-08-05 09:05:32.279438,2025-08-05 09:05:32.279438
91,59,"339 Flores Highway Apt. 901
New Walterfort, NY 48915",False,2025-08-05 09:05:32.279438,2025-08-05 09:05:32.279438
92,60,"322 Amy View Apt. 653
Lanceview, PA 70498",True,2025-06-09 06:06:43.688356,2025-06-09 06:06:43.688356
93,61,"09186 Rachel Passage
Lawsonstad, GU 37398",True,2025-01-13 02:52:23.304224,2025-01-13 02:52:23.304224
94,61,"701 Floyd Wall Apt. 459
Johnsonfurt, TX 37132",False,2025-01-13 02:52:23.304224,2025-01-13 02:52:23.304224
95,62,"7484 Owens Mill Apt. 788
Byrdmouth, AL 06371",True,2025-05-10 23:55:29.442612,2025-05-10 23:55:29.442612
96,62,"41925 Ronnie Crossroad Suite 336
Marialand, PW 33111",False,2025-05-10 23:55:29.442612,2025-05-10 23:55:29.442612
97,63,"00437 Hill Prairie
Gabrielport, NC 41978",True,2025-07-04 17:05:04.855814,2025-07-04 17:05:04.855814
98,64,"USNV Cooper
FPO AE 18685",True,2025-07-09 08:32:12.587417,2025-07-09 08:32:12.587417
99,65,"99002 Sanchez Ferry Apt. 188
West Christian, AK 92300",True,2025-03-23 20:17:00.196686,2025-03-23 20:17:00.196686
100,66,"USNV Ritter
FPO AE 78919",True,2025-02-15 20:18:44.721828,2025-02-15 20:18:44.721828
101,67,"9158 Villegas Burgs
Richardsonbury, MI 67286",True,2025-07-07 20:05:44.365624,2025-07-07 20:05:44.365624
102,68,"6752 Julie Street Suite 961
Watsonbury, TX 59667",True,2025-10-14 01:17:51.758929,2025-10-14 01:17:51.758929
103,69,"154 Fisher Trail Suite 803
Mariebury, AZ 98103",True,2025-07-23 04:31:01.430751,2025-07-23 04:31:01.430751
104,70,"4591 Brittany Mount Apt. 743
Jenkinsfort, MI 54257",True,2025-04-09 21:41:27.227541,2025-04-09 21:41:27.227541
105,70,"42347 Kathleen Knolls
Amychester, VA 63292",False,2025-04-09 21:41:27.227541,2025-04-09 21:41:27.227541
106,71,"6270 Juan Way Suite 772
Kimberlyport, ID 77017",True,2025-08-07 10:49:17.161107,2025-08-07 10:49:17.161107
107,71,"49967 John Harbors
East Scottshire, FL 84945",False,2025-08-07 10:49:17.161107,2025-08-07 10:49:17.161107
108,72,"68666 Nancy Locks
Walshland, WA 02501",True,2025-03-16 07:28:44.311268,2025-03-16 07:28:44.311268
109,72,"40996 Marks Way
New Kathleenstad, CO 03019",False,2025-03-16 07:28:44.311268,2025-03-16 07:28:44.311268
110,73,"60753 Novak Valleys
East Tamaraport, VA 91209",True,2025-11-08 11:31:54.816236,2025-11-08 11:31:54.816236
111,73,"5086 Kimberly Pike
South Craigbury, PA 84506",False,2025-11-08 11:31:54.816236,2025-11-08 11:31:54.816236
112,74,"564 Danny Place Apt. 396
Alexandermouth, OH 56107",True,2025-02-05 05:17:04.268759,2025-02-05 05:17:04.268759
113,75,"229 Turner Roads
East Williamview, PR 69850",True,2025-10-26 22:14:06.729158,2025-10-26 22:14:06.729158
114,76,"579 Carol Village
Deannaport, WV 11584",True,2025-09-09 11:37:11.714817,2025-09-09 11:37:11.714817
115,77,"6101 Scott Walk Suite 543
Laurieview, AL 36909",True,2025-10-13 22:33:35.130068,2025-10-13 22:33:35.130068
116,78,"14608 Jessica Avenue
Freemanton, DC 68775",True,2025-05-23 05:15:07.367106,2025-05-23 05:15:07.367106
117,79,"6996 Conway Curve
New Kimberly, WA 93931",True,2025-02-25 04:30:55.823963,2025-02-25 04:30:55.823963
118,80,"USNS Peterson
FPO AP 70895",True,2025-06-01 11:54:25.169358,2025-06-01 11:54:25.169358
119,81,"10890 Powers Mills
Kennethfurt, TX 56806",True,2025-05-25 15:58:08.215369,2025-05-25 15:58:08.215369
120,82,"0199 Stephanie Forest
Lake Dylanberg, WA 23661",True,2025-09-04 00:40:48.141393,2025-09-04 00:40:48.141393
121,83,"222 Montgomery Bridge Suite 676
Cassiehaven, MD 64746",True,2025-04-03 03:07:12.000923,2025-04-03 03:07:12.000923
122,83,"55176 Martin Expressway Suite 358
Hendersonview, NV 74952",False,2025-04-03 03:07:12.000923,2025-04-03 03:07:12.000923
123,84,"92333 Hayes Track
East Robertbury, RI 48988",True,2025-08-26 13:08:29.721007,2025-08-26 13:08:29.721007
124,84,"39842 Cortez Garden
Schroederberg, MT 83818",False,2025-08-26 13:08:29.721007,2025-08-26 13:08:29.721007
125,85,"9375 Debra Terrace
Romanville, NV 97190",True,2025-05-20 07:33:41.316645,2025-05-20 07:33:41.316645
126,86,"443 Cabrera Field Apt. 801
East Juliefort, OH 29117",True,2025-02-24 09:18:18.174797,2025-02-24 09:18:18.174797
127,87,"3865 Charles Port
West Louisbury, PW 35339",True,2025-04-26 06:47:21.820656,2025-04-26 06:47:21.820656
128,88,"6414 Douglas Springs
New Natalie, CT 04679",True,2025-05-16 12:51:39.866408,2025-05-16 12:51:39.866408
129,88,"972 Marilyn Drives Suite 757
Lopezport, SC 92028",False,2025-05-16 12:51:39.866408,2025-05-16 12:51:39.866408
130,89,"4258 Natalie Burgs
East Katelyn, GU 63414",True,2025-09-07 17:30:05.780107,2025-09-07 17:30:05.780107
131,90,"42021 Martinez Canyon Apt. 043
Donaldfort, NM 97079",True,2025-03-02 16:27:22.088351,2025-03-02 16:27:22.088351
132,90,"52922 Lance Prairie Apt. 976
Klineton, AS 80249",False,2025-03-02 16:27:22.088351,2025-03-02 16:27:22.088351
133,91,"062 Thomas Passage
North Joseph, TN 66250",True,2025-05-19 05:08:05.617913,2025-05-19 05:08:05.617913
134,92,"040 Jones Track Apt. 536
East Justin, VI 37789",True,2025-08-09 12:58:42.037079,2025-08-09 12:58:42.037079
135,92,"0016 Nicole Fields
East Anna, FL 60792",False,2025-08-09 12:58:42.037079,2025-08-09 12:58:42.037079
136,93,"Unit 2364 Box 9204
DPO AA 12390",True,2025-05-06 12:58:01.867598,2025-05-06 12:58:01.867598
137,94,"90565 Daniel Lane
West Robert, AR 00941",True,2025-05-16 20:54:31.304413,2025-05-16 20:54:31.304413
138,95,"3416 Gregory Roads
East Kellyland, MH 21799",True,2025-02-16 03:04:55.726244,2025-02-16 03:04:55.726244
139,95,"USCGC Grimes
FPO AP 03024",False,2025-02-16 03:04:55.726244,2025-02-16 03:04:55.726244
140,96,"65703 Tyler Mall
North Anthonyville, OK 46550",True,2025-11-10 12:50:05.578324,2025-11-10 12:50:05.578324
141,96,"79908 Jason Hollow Apt. 419
Charlesland, TX 59933",False,2025-11-10 12:50:05.578324,2025-11-10 12:50:05.578324
142,97,"87114 Brown Pike Apt. 657
Lake Eric, MA 10258",True,2025-03-21 13:34:28.164691,2025-03-21 13:34:28.164691
143,97,"749 Ashley Prairie Apt. 333
Andersonside, AS 46800",False,2025-03-21 13:34:28.164691,2025-03-21 13:34:28.164691
144,98,"1765 Ross Camp Suite 464
Marktown, WV 08845",True,2025-02-14 18:57:13.991197,2025-02-14 18:57:13.991197
145,98,"PSC 4323, Box 1368
APO AE 11671",False,2025-02-14 18:57:13.991197,2025-02-14 18:57:13.991197
146,99,"408 Zuniga Freeway Apt. 118
South Michelleview, PR 68371",True,2025-10-13 16:20:10.568890,2025-10-13 16:20:10.568890
147,99,"5310 Mcintyre Manors Apt. 509
Lake David, CA 45504",False,2025-10-13 16:20:10.568890,2025-10-13 16:20:10.568890
148,100,"36200 Eric Prairie
Donaldburgh, NC 63369",True,2025-06-03 08:36:17.158125,2025-06-03 08:36:17.158125
149,100,"20084 Ellen Mountains Suite 416
Hurleystad, WI 26440",False,2025-06-03 08:36:17.158125,2025-06-03 08:36:17.158125
