id,customer_id,driver_id,restaurant_id,location,status,remark,total_amount,driver_fee,created_at,updated_at
1,1,119,128,"84866 Daniel Tunnel
Christieton, PW 94603",success,Tv boy later place finish best ahead.,127.91,11.63,2025-11-10 15:33:43.909186,2025-11-10 15:33:43.909187
2,1,111,121,"58249 Natalie Summit
North Derrick, MH 18226",delivered,Claim line drop just money themselves.,35.54,3.23,2025-11-10 15:33:43.909317,2025-11-10 15:33:43.909317
3,1,102,135,"09854 Moreno Cliff Suite 585
North Stephen, CA 12893",preparing,,163.05,14.82,2025-11-10 15:33:43.909452,2025-11-10 15:33:43.909453
4,1,117,124,"931 Collins Ranch
Jeffreyberg, GA 12859",success,,144.21999999999997,13.11,2025-11-10 15:33:43.909577,2025-11-10 15:33:43.909578
5,1,,132,"Unit 5046 Box 0827
DPO AA 93607",success,,67.63,6.15,2025-11-10 15:33:43.909606,2025-11-10 15:33:43.909606
6,2,115,129,"096 Patricia Spring Apt. 670
Davidton, IA 53551",success,,74.89,6.81,2025-11-10 15:33:43.909939,2025-11-10 15:33:43.909939
7,2,109,124,"22987 Rachel Locks
Williamsview, VI 94683",preparing,True take across budget.,79.26,7.21,2025-11-10 15:33:43.910089,2025-11-10 15:33:43.910090
8,2,106,128,"97400 White Lock
Jamesshire, GA 40845",pending,Gas go camera finally require only at.,59.419999999999995,5.4,2025-11-10 15:33:43.910232,2025-11-10 15:33:43.910232
9,2,,121,"987 Reyes Extensions Suite 215
Hortonton, TN 84553",delivered,,22.03,2.0,2025-11-10 15:33:43.910378,2025-11-10 15:33:43.910378
10,2,111,127,"231 Christopher Key Apt. 387
South Yolandafurt, CT 13091",pending,,26.660000000000004,2.42,2025-11-10 15:33:43.910489,2025-11-10 15:33:43.910489
11,3,107,122,"USNS Pace
FPO AA 02948",success,,81.73000000000002,7.43,2025-11-10 15:33:43.910710,2025-11-10 15:33:43.910711
12,3,,127,"2167 Obrien Hill
Davidshire, PR 57629",preparing,,47.78,4.34,2025-11-10 15:33:43.910832,2025-11-10 15:33:43.910833
13,3,101,129,"10915 Lindsay Mission Apt. 855
Ronaldside, MT 35839",success,,19.540000000000003,1.78,2025-11-10 15:33:43.910940,2025-11-10 15:33:43.910940
14,3,115,122,"16842 Moody Pines Suite 609
East Karimouth, RI 92465",success,,63.65,5.79,2025-11-10 15:33:43.911067,2025-11-10 15:33:43.911068
15,3,120,134,"30887 Tina Ferry Suite 199
South Kayla, PA 24080",rejected,Room bar south put senior parent.,64.11,5.83,2025-11-10 15:33:43.911204,2025-11-10 15:33:43.911205
16,4,109,129,"623 Melissa Track
South Janice, UT 03021",pending,,55.42,5.04,2025-11-10 15:33:43.911540,2025-11-10 15:33:43.911540
17,4,103,121,"538 Erin Wall
Jameston, NE 35397",delivered,Reflect check use take book.,33.690000000000005,3.06,2025-11-10 15:33:43.911659,2025-11-10 15:33:43.911660
18,4,,126,"5168 Justin Place Suite 585
Port Laura, NY 84951",delivered,,144.10999999999999,13.1,2025-11-10 15:33:43.911767,2025-11-10 15:33:43.911767
19,4,103,130,"37067 Schmidt Knoll Suite 832
Kellyville, MA 08040",success,,108.46,9.86,2025-11-10 15:33:43.911897,2025-11-10 15:33:43.911898
20,4,117,125,"35817 Crystal Streets
Christopherfurt, GA 76704",rejected,,117.55,10.69,2025-11-10 15:33:43.912002,2025-11-10 15:33:43.912002
21,5,114,123,"103 Hill Spurs
East Mariah, PR 21765",preparing,,114.47,10.41,2025-11-10 15:33:43.912369,2025-11-10 15:33:43.912369
22,5,105,131,"USS Hicks
FPO AE 57350",pending,,39.379999999999995,3.58,2025-11-10 15:33:43.912440,2025-11-10 15:33:43.912441
23,5,113,134,"349 Deborah Turnpike
West Susanchester, AZ 99252",pending,,94.72,8.61,2025-11-10 15:33:43.912545,2025-11-10 15:33:43.912545
24,5,104,130,"12006 Willie Parkways
West Feliciamouth, MS 35253",success,,41.1,3.74,2025-11-10 15:33:43.912652,2025-11-10 15:33:43.912652
25,5,110,127,"42859 Reyes Roads
North Robert, TN 46721",success,,15.93,1.45,2025-11-10 15:33:43.912770,2025-11-10 15:33:43.912771
26,6,,134,"102 Jennifer Road
Meganland, VA 28224",delivered,,16.28,1.48,2025-11-10 15:33:43.913155,2025-11-10 15:33:43.913156
27,6,101,123,"116 Rogers Drive
Tinaland, AL 58878",rejected,Myself including prove adult.,99.97,9.09,2025-11-10 15:33:43.913294,2025-11-10 15:33:43.913294
28,6,102,135,"4504 Andrea Orchard Suite 302
Ericview, NE 48204",success,,107.71000000000001,9.79,2025-11-10 15:33:43.913407,2025-11-10 15:33:43.913407
29,6,105,121,"20461 William Ways Suite 830
North Valeriestad, DC 05926",pending,Address as particularly miss.,43.190000000000005,3.93,2025-11-10 15:33:43.913537,2025-11-10 15:33:43.913537
30,6,119,131,"849 Luna Dale
Coreychester, IA 64993",preparing,,85.11999999999999,7.74,2025-11-10 15:33:43.913658,2025-11-10 15:33:43.913659
31,7,,121,"49302 Keith Shoals Suite 609
Luceroland, TN 15391",delivered,,62.169999999999995,5.65,2025-11-10 15:33:43.913916,2025-11-10 15:33:43.913916
32,7,,126,"USS Morrison
FPO AA 67708",success,,12.02,1.09,2025-11-10 15:33:43.913986,2025-11-10 15:33:43.913986
33,7,118,130,"52040 Bradley Fall
Hendrixside, CO 45979",success,Perhaps what be tax offer give.,70.22,6.38,2025-11-10 15:33:43.914150,2025-11-10 15:33:43.914150
34,7,,131,"24222 Jennifer Heights Apt. 162
West Denise, PR 78866",rejected,Offer real peace order.,89.47999999999999,8.13,2025-11-10 15:33:43.914276,2025-11-10 15:33:43.914277
35,7,105,121,"9068 John Radial Apt. 298
Gomezfort, ID 45089",preparing,,119.53,10.87,2025-11-10 15:33:43.914404,2025-11-10 15:33:43.914404
36,8,104,127,"53950 Sherri Knolls
Adrianview, NM 85003",pending,,108.89000000000001,9.9,2025-11-10 15:33:43.914636,2025-11-10 15:33:43.914637
37,8,,125,"130 Gates Ports Suite 900
South Michael, DC 39536",success,,154.69,14.06,2025-11-10 15:33:43.914765,2025-11-10 15:33:43.914766
38,8,103,134,"099 Casey Mount
East Jamesport, NJ 05533",delivered,,82.42,7.49,2025-11-10 15:33:43.914872,2025-11-10 15:33:43.914873
39,8,108,123,"91195 Laura Isle Suite 270
West Patriciaborough, VA 69691",preparing,Its where effort need face.,94.22999999999999,8.57,2025-11-10 15:33:43.915004,2025-11-10 15:33:43.915004
40,8,112,134,"6971 Simmons Mountain Suite 310
Lesliemouth, KY 73805",preparing,,135.60000000000002,12.33,2025-11-10 15:33:43.915133,2025-11-10 15:33:43.915134
41,9,116,124,"649 Samantha Forge
Ashleyfurt, MD 97638",pending,,171.07000000000002,15.55,2025-11-10 15:33:43.915372,2025-11-10 15:33:43.915372
42,9,120,124,"93185 Sarah Landing Suite 085
Ricemouth, MH 39971",preparing,,76.07000000000001,6.92,2025-11-10 15:33:43.915502,2025-11-10 15:33:43.915502
43,9,120,125,"31938 King Parkways
Port Johnberg, ME 46036",rejected,,66.92,6.08,2025-11-10 15:33:43.915624,2025-11-10 15:33:43.915625
44,9,,129,"844 Daniel Prairie
Coltonstad, MN 90267",rejected,,27.14,2.47,2025-11-10 15:33:43.915743,2025-11-10 15:33:43.915743
45,9,116,135,"62910 Mejia Prairie
Sarahbury, IL 92694",delivered,Start brother good write maintain.,29.79,2.71,2025-11-10 15:33:43.915892,2025-11-10 15:33:43.915892
46,10,110,129,"247 Smith Vista Apt. 481
Port Gregoryport, SC 87402",success,,105.56,9.6,2025-11-10 15:33:43.916178,2025-11-10 15:33:43.916179
47,10,109,129,"95337 William Course Apt. 404
Johnsonstad, NC 32230",success,,126.59,11.51,2025-11-10 15:33:43.916307,2025-11-10 15:33:43.916307
48,10,114,125,"6504 Lisa Land Suite 296
Port Sierrafurt, PA 72260",delivered,,33.809999999999995,3.07,2025-11-10 15:33:43.916417,2025-11-10 15:33:43.916417
49,10,,131,"91154 Isaac Center
Woodshire, SC 05205",rejected,,56.16,5.11,2025-11-10 15:33:43.916536,2025-11-10 15:33:43.916537
50,10,,134,"01769 Dyer Plains
Port Williamborough, GA 21290",pending,,40.91,3.72,2025-11-10 15:33:43.916662,2025-11-10 15:33:43.916662
51,11,103,134,"PSC 1183, Box 6067
APO AP 08955",rejected,,71.51,6.5,2025-11-10 15:33:43.916732,2025-11-10 15:33:43.916732
52,11,109,125,"937 Bullock Vista
East Katherine, NY 84268",delivered,,50.89,4.63,2025-11-10 15:33:43.916854,2025-11-10 15:33:43.916855
53,11,107,123,"641 Tracy Mews Suite 977
Ivanview, MI 17953",success,,55.41,5.04,2025-11-10 15:33:43.916962,2025-11-10 15:33:43.916962
54,11,107,125,"9720 Hicks Loop
North Heathermouth, IL 54861",rejected,,29.72,2.7,2025-11-10 15:33:43.917084,2025-11-10 15:33:43.917084
55,11,,125,"210 Chad Landing Suite 808
North Ricardostad, LA 51671",rejected,,131.56,11.96,2025-11-10 15:33:43.917192,2025-11-10 15:33:43.917193
56,12,105,133,"4684 Aaron Vista Suite 351
Warrenhaven, ND 34616",preparing,,104.53999999999999,9.5,2025-11-10 15:33:43.917760,2025-11-10 15:33:43.917761
57,12,,128,"214 Hughes Station Suite 038
Bradleytown, NV 49957",pending,,25.250000000000004,2.3,2025-11-10 15:33:43.917894,2025-11-10 15:33:43.917894
58,12,114,132,"981 Lester Underpass Apt. 997
Jacobland, FM 08631",preparing,,173.51000000000002,15.77,2025-11-10 15:33:43.918028,2025-11-10 15:33:43.918028
59,12,105,126,"14504 Carter Villages Suite 477
Omarton, GA 59093",pending,,80.56,7.32,2025-11-10 15:33:43.918159,2025-11-10 15:33:43.918160
60,12,,130,"USS Montgomery
FPO AP 16230",delivered,,88.32000000000001,8.03,2025-11-10 15:33:43.918234,2025-11-10 15:33:43.918235
61,13,117,134,"8467 Alyssa Roads Suite 727
Wandamouth, WI 38282",rejected,,71.05,6.46,2025-11-10 15:33:43.918612,2025-11-10 15:33:43.918613
62,13,110,128,"81748 William Views Apt. 852
Evansfort, NJ 72204",preparing,,104.42999999999999,9.49,2025-11-10 15:33:43.918741,2025-11-10 15:33:43.918741
63,13,116,135,"54617 Matthews Lake
Davistown, AR 27868",delivered,,100.94,9.18,2025-11-10 15:33:43.918880,2025-11-10 15:33:43.918881
64,13,116,130,"530 Cynthia Port
Robinbury, WY 32356",pending,,82.81,7.53,2025-11-10 15:33:43.918986,2025-11-10 15:33:43.918986
65,13,,127,"9089 Natasha Divide Apt. 638
South Belinda, PR 28798",rejected,,78.31,7.12,2025-11-10 15:33:43.919101,2025-11-10 15:33:43.919102
66,14,106,123,"USNV King
FPO AP 15530",preparing,,49.1,4.46,2025-11-10 15:33:43.919409,2025-11-10 15:33:43.919410
67,14,114,133,"6627 Landry River
Tiffanytown, IN 25333",pending,,58.11,5.28,2025-11-10 15:33:43.919532,2025-11-10 15:33:43.919533
68,14,114,131,"66064 Peters Row
Jacobmouth, OH 25495",preparing,,70.53,6.41,2025-11-10 15:33:43.919653,2025-11-10 15:33:43.919653
69,14,111,131,"2815 Diana Terrace Suite 407
Port Victoriaside, IL 52965",preparing,Stock analysis power always well.,63.6,5.78,2025-11-10 15:33:43.919821,2025-11-10 15:33:43.919822
70,14,116,134,"63190 James Expressway
North John, HI 17495",pending,,109.34,9.94,2025-11-10 15:33:43.919945,2025-11-10 15:33:43.919946
71,15,114,127,"06435 Dustin Harbors Apt. 081
East Denise, ND 23497",pending,Discover claim not with general term.,108.03,9.82,2025-11-10 15:33:43.920348,2025-11-10 15:33:43.920349
72,15,114,135,"7916 Melissa Hill
West Kristineton, ME 16504",rejected,,13.75,1.25,2025-11-10 15:33:43.920454,2025-11-10 15:33:43.920454
73,15,101,131,"USS Smith
FPO AA 27947",delivered,Pay little yet one buy.,84.47,7.68,2025-11-10 15:33:43.920542,2025-11-10 15:33:43.920543
74,15,111,125,"2922 Bell Pike
Rothborough, PA 26594",preparing,,144.09,13.1,2025-11-10 15:33:43.920685,2025-11-10 15:33:43.920685
75,15,114,134,"381 Carrie Rapid Suite 070
New Tracy, VT 22558",rejected,,102.19,9.29,2025-11-10 15:33:43.920796,2025-11-10 15:33:43.920797
76,16,108,123,"1077 Lisa Mills
Millerbury, FL 18343",preparing,,30.869999999999997,2.81,2025-11-10 15:33:43.921048,2025-11-10 15:33:43.921049
77,16,114,132,"7644 Griffin Ranch Apt. 689
South Joann, NV 29724",delivered,,48.519999999999996,4.41,2025-11-10 15:33:43.921173,2025-11-10 15:33:43.921173
78,16,113,121,"7625 Stephen Skyway Suite 135
Lake Joshuaborough, KY 06279",pending,Coach government study hundred.,146.09,13.28,2025-11-10 15:33:43.921314,2025-11-10 15:33:43.921315
79,16,115,126,"7520 Robert Stravenue
Lake Crystalmouth, MH 66414",pending,Step product start although.,24.05,2.19,2025-11-10 15:33:43.921472,2025-11-10 15:33:43.921472
80,16,,130,"7401 Bruce Circle Apt. 118
Kylechester, WV 47776",rejected,,65.3,5.94,2025-11-10 15:33:43.921581,2025-11-10 15:33:43.921581
81,17,105,125,"Unit 4181 Box 8823
DPO AP 90306",rejected,,56.68,5.15,2025-11-10 15:33:43.921746,2025-11-10 15:33:43.921746
82,17,,128,"221 Burnett Green Apt. 976
Hernandeztown, VA 75757",rejected,Theory skin growth often detail.,43.96,4.0,2025-11-10 15:33:43.922020,2025-11-10 15:33:43.922023
83,17,,130,"712 Johnson Plains
Mcculloughmouth, AL 30285",delivered,,141.98999999999998,12.91,2025-11-10 15:33:43.922183,2025-11-10 15:33:43.922184
84,17,104,133,"8514 Benjamin River Suite 816
West Johnathan, NH 01257",success,,57.29,5.21,2025-11-10 15:33:43.922321,2025-11-10 15:33:43.922322
85,17,105,126,"2540 Sharon Branch
East Travis, TX 07886",preparing,,14.76,1.34,2025-11-10 15:33:43.922429,2025-11-10 15:33:43.922429
86,18,102,129,"205 Vazquez Plains Suite 708
West David, IA 57926",pending,,147.86,13.44,2025-11-10 15:33:43.922732,2025-11-10 15:33:43.922733
87,18,107,125,"351 Deborah Green Apt. 877
Port Jeremychester, TX 60640",success,,48.15,4.38,2025-11-10 15:33:43.922848,2025-11-10 15:33:43.922848
88,18,103,129,"217 Lucero Turnpike
Drewtown, MN 98398",success,,172.35999999999999,15.67,2025-11-10 15:33:43.922973,2025-11-10 15:33:43.922974
89,18,,129,"947 Regina Locks
Harrisview, NJ 46491",rejected,,31.580000000000002,2.87,2025-11-10 15:33:43.923099,2025-11-10 15:33:43.923099
90,18,112,129,"260 Miller Shoal Apt. 171
North Samanthafort, SD 63711",success,Mouth reach relate heart to practice.,145.14999999999998,13.2,2025-11-10 15:33:43.923251,2025-11-10 15:33:43.923252
91,19,,124,"888 Sheila Pines Suite 345
North Thomasstad, ID 66392",rejected,Itself dog practice yeah.,68.85000000000001,6.26,2025-11-10 15:33:43.923657,2025-11-10 15:33:43.923658
92,19,117,132,"642 Reyes Mission Apt. 367
Walshhaven, MA 05814",success,,21.4,1.95,2025-11-10 15:33:43.923807,2025-11-10 15:33:43.923807
93,19,104,124,"94383 William Ranch
North Ronald, MA 03555",pending,Return rule explain.,88.83,8.08,2025-11-10 15:33:43.923931,2025-11-10 15:33:43.923932
94,19,,123,"5963 Randall Fork
New Ralphmouth, DC 01940",pending,Have Congress free matter history.,84.21,7.66,2025-11-10 15:33:43.924077,2025-11-10 15:33:43.924077
95,19,107,129,"300 Sean Springs Apt. 839
Jermainemouth, CA 58094",preparing,,24.839999999999996,2.26,2025-11-10 15:33:43.924186,2025-11-10 15:33:43.924187
96,20,108,121,"2416 Kevin Light Apt. 384
Wardmouth, WA 92636",delivered,,74.93,6.81,2025-11-10 15:33:43.924520,2025-11-10 15:33:43.924520
97,20,120,123,"85874 Christy Rapids Suite 391
Spencerland, NE 77411",delivered,,25.840000000000003,2.35,2025-11-10 15:33:43.924649,2025-11-10 15:33:43.924649
98,20,103,126,"11081 Lori Points
Davilafurt, IL 65249",delivered,,74.24,6.75,2025-11-10 15:33:43.924773,2025-11-10 15:33:43.924773
99,20,114,135,"54495 Pitts Roads
Rebekahberg, MO 29375",preparing,,96.73999999999998,8.79,2025-11-10 15:33:43.924901,2025-11-10 15:33:43.924901
100,20,115,135,"7556 Nolan Fall
Ethanfurt, DC 79376",preparing,,85.67,7.79,2025-11-10 15:33:43.925024,2025-11-10 15:33:43.925025
101,21,,135,"541 Chavez Track
North Cory, MI 39331",preparing,Myself foreign skin food market.,124.47,11.32,2025-11-10 15:33:43.925404,2025-11-10 15:33:43.925405
102,21,118,133,"733 Hurley River Apt. 746
Port Ronald, ID 23416",rejected,,113.12,10.28,2025-11-10 15:33:43.925533,2025-11-10 15:33:43.925534
103,21,,132,"1066 Martinez Mount
East Michele, TN 62240",delivered,,19.45,1.77,2025-11-10 15:33:43.925654,2025-11-10 15:33:43.925654
104,21,102,130,"470 Lauren Walk Suite 264
South Carrie, OH 05571",delivered,,89.60000000000001,8.15,2025-11-10 15:33:43.925765,2025-11-10 15:33:43.925765
105,21,109,130,"08555 Alicia Viaduct
North Vincentberg, ME 76568",rejected,,96.89,8.81,2025-11-10 15:33:43.925874,2025-11-10 15:33:43.925874
106,22,,132,"484 Steven Lock Suite 481
South Carlystad, CT 84508",rejected,,29.139999999999997,2.65,2025-11-10 15:33:43.926191,2025-11-10 15:33:43.926191
107,22,103,129,"55362 John Springs
Mooreside, ME 69723",rejected,,30.160000000000004,2.74,2025-11-10 15:33:43.926311,2025-11-10 15:33:43.926312
108,22,120,131,"198 Mason Avenue Suite 033
Curtisside, AL 59951",delivered,,97.34,8.85,2025-11-10 15:33:43.926454,2025-11-10 15:33:43.926455
109,22,116,134,"061 Black Gateway
East Julianchester, RI 73187",delivered,,71.05,6.46,2025-11-10 15:33:43.926578,2025-11-10 15:33:43.926578
110,22,,125,"USNS Miller
FPO AP 10077",rejected,,16.91,1.54,2025-11-10 15:33:43.926647,2025-11-10 15:33:43.926648
111,23,103,130,"237 Eileen Plaza Apt. 474
Riosstad, VA 72218",preparing,Apply available gas full.,31.530000000000005,2.87,2025-11-10 15:33:43.926947,2025-11-10 15:33:43.926948
112,23,113,121,"28786 Turner Port
Lopezbury, KS 60575",success,,130.57,11.87,2025-11-10 15:33:43.927087,2025-11-10 15:33:43.927088
113,23,,135,"85307 Long Row
Porterstad, NC 93684",rejected,,22.32,2.03,2025-11-10 15:33:43.927227,2025-11-10 15:33:43.927227
114,23,,123,"653 Geoffrey Ferry Apt. 946
New Gregoryport, SD 32204",success,,87.18,7.93,2025-11-10 15:33:43.927338,2025-11-10 15:33:43.927338
115,23,119,128,"0814 Austin Ville
New Robert, MH 08433",rejected,,167.49999999999997,15.23,2025-11-10 15:33:43.927583,2025-11-10 15:33:43.927584
116,24,102,135,"9908 Ashley Shoal Suite 993
New Michaelhaven, WV 36719",preparing,,68.96,6.27,2025-11-10 15:33:43.927966,2025-11-10 15:33:43.927967
117,24,107,126,"4155 Elizabeth Overpass
Shanemouth, ND 11509",delivered,Because indicate vote.,97.9,8.9,2025-11-10 15:33:43.928132,2025-11-10 15:33:43.928133
118,24,102,126,"98300 Michelle Manor Suite 752
Stonehaven, AR 53037",rejected,Pay discover wait girl onto it.,110.22,10.02,2025-11-10 15:33:43.928279,2025-11-10 15:33:43.928279
119,24,116,131,"66101 Joshua Mills Apt. 050
South Cody, MT 85011",preparing,,113.71000000000001,10.34,2025-11-10 15:33:43.928389,2025-11-10 15:33:43.928389
120,24,105,125,"816 Samantha Drive
South Brettmouth, PW 79999",pending,Order soon him now dark help.,17.14,1.56,2025-11-10 15:33:43.928517,2025-11-10 15:33:43.928517
121,25,102,131,"USCGC Rice
FPO AA 67724",delivered,,92.72999999999999,8.43,2025-11-10 15:33:43.928710,2025-11-10 15:33:43.928710
122,25,109,126,"787 Daniel Plaza Suite 270
West Stephanie, VA 80635",preparing,,37.42,3.4,2025-11-10 15:33:43.928819,2025-11-10 15:33:43.928820
123,25,103,125,"USCGC Clarke
FPO AA 56289",preparing,Cell report itself west.,144.44,13.13,2025-11-10 15:33:43.928905,2025-11-10 15:33:43.928906
124,25,114,131,"9182 Nelson Plains Apt. 786
Harrellburgh, AL 78563",success,Skin six movement hot resource.,80.2,7.29,2025-11-10 15:33:43.929067,2025-11-10 15:33:43.929068
125,25,103,130,"3564 Spencer View
West Virginia, LA 35173",success,One design tonight summer fire.,100.42999999999999,9.13,2025-11-10 15:33:43.929205,2025-11-10 15:33:43.929206
126,26,110,127,"833 Christopher Villages
Lake Elizabeth, FM 09858",pending,,162.06,14.73,2025-11-10 15:33:43.929538,2025-11-10 15:33:43.929539
127,26,109,125,"91308 Goodman Streets Apt. 795
South Ann, IL 82535",pending,,148.06,13.46,2025-11-10 15:33:43.929666,2025-11-10 15:33:43.929666
128,26,111,134,"6278 Shane Inlet
Velazquezland, NV 28738",rejected,,23.68,2.15,2025-11-10 15:33:43.929787,2025-11-10 15:33:43.929788
129,26,120,121,"580 Pham Alley
New Deborah, TX 51339",pending,,103.0,9.36,2025-11-10 15:33:43.929905,2025-11-10 15:33:43.929906
130,26,108,127,"972 Alexander Isle
Greenborough, FM 00664",rejected,,15.24,1.39,2025-11-10 15:33:43.930044,2025-11-10 15:33:43.930044
131,27,107,125,"9035 Jennifer Trail
Oliviatown, FM 30718",success,Whom kid us. Candidate bad lead.,122.63,11.15,2025-11-10 15:33:43.930318,2025-11-10 15:33:43.930319
132,27,114,131,"3655 Jackson Flat
Lake Lucasmouth, MT 22248",preparing,,86.23,7.84,2025-11-10 15:33:43.930442,2025-11-10 15:33:43.930442
133,27,114,130,"6735 April Row
Heatherfort, VA 41858",delivered,,22.770000000000003,2.07,2025-11-10 15:33:43.930544,2025-11-10 15:33:43.930544
134,27,116,134,"64092 Nathan Views
Merrittport, WI 06690",success,,69.87,6.35,2025-11-10 15:33:43.930663,2025-11-10 15:33:43.930663
135,27,119,133,"1294 Lane Burg
West Kimberlyville, PR 34494",success,,115.36,10.49,2025-11-10 15:33:43.930786,2025-11-10 15:33:43.930786
136,28,110,132,"70495 Mitchell Port Suite 269
West Leahport, GA 10053",pending,Coach writer space pattern.,150.04000000000002,13.64,2025-11-10 15:33:43.931165,2025-11-10 15:33:43.931166
137,28,108,127,"USNV Medina
FPO AA 20025",rejected,,44.51,4.05,2025-11-10 15:33:43.931238,2025-11-10 15:33:43.931239
138,28,119,131,"68303 Jacqueline Park
South Donald, RI 26732",rejected,,135.60000000000002,12.33,2025-11-10 15:33:43.931347,2025-11-10 15:33:43.931347
139,28,102,131,"04725 Yolanda Park Apt. 452
Leachstad, IA 96840",pending,Never north actually my watch.,105.48,9.59,2025-11-10 15:33:43.931490,2025-11-10 15:33:43.931491
140,28,104,134,"PSC 1001, Box 9716
APO AE 38585",preparing,,27.29,2.48,2025-11-10 15:33:43.931514,2025-11-10 15:33:43.931514
141,29,109,129,"PSC 8089, Box 0287
APO AP 76158",delivered,,175.82,15.98,2025-11-10 15:33:43.931775,2025-11-10 15:33:43.931775
142,29,117,124,"PSC 9690, Box 1927
APO AA 02161",delivered,,130.48000000000002,11.86,2025-11-10 15:33:43.931800,2025-11-10 15:33:43.931801
143,29,120,129,"9694 Young Circle Apt. 051
Carlosmouth, AS 38057",success,Deep toward mother cost machine.,19.540000000000003,1.78,2025-11-10 15:33:43.931948,2025-11-10 15:33:43.931949
144,29,101,125,"7471 Perkins Oval
Evelyntown, NE 43471",pending,,90.67999999999999,8.24,2025-11-10 15:33:43.932069,2025-11-10 15:33:43.932070
145,29,101,132,"911 Alexa Motorway Suite 669
Scottberg, AL 40281",delivered,,18.990000000000002,1.73,2025-11-10 15:33:43.932179,2025-11-10 15:33:43.932179
146,30,115,130,"394 Michael Glens
Evansborough, MN 54401",pending,Threat college drug.,194.52,17.68,2025-11-10 15:33:43.932456,2025-11-10 15:33:43.932457
147,30,101,135,"3885 Brown Expressway Suite 854
Millerburgh, KY 88956",success,,165.63,15.06,2025-11-10 15:33:43.932602,2025-11-10 15:33:43.932602
148,30,109,123,"035 Michael Forks Suite 868
Jessicatown, MP 57148",delivered,Election single public among.,134.42,12.22,2025-11-10 15:33:43.932750,2025-11-10 15:33:43.932750
149,30,,130,"497 Robertson Centers
South Michelle, PW 71293",rejected,,82.32000000000001,7.48,2025-11-10 15:33:43.932871,2025-11-10 15:33:43.932871
150,30,105,133,"02337 Christina Mall
South Alexandrachester, FL 70108",delivered,Eye peace through.,66.87,6.08,2025-11-10 15:33:43.933006,2025-11-10 15:33:43.933007
151,31,118,123,"93100 Riggs Lakes
Port Laurabury, TN 25933",preparing,Miss return bar help surface physical.,24.34,2.21,2025-11-10 15:33:43.933419,2025-11-10 15:33:43.933420
152,31,113,133,"Unit 6201 Box 0995
DPO AA 90852",preparing,,79.02000000000001,7.18,2025-11-10 15:33:43.933444,2025-11-10 15:33:43.933444
153,31,107,126,"814 Armstrong Alley
Amandabury, CO 24914",delivered,Figure improve close million.,44.29,4.03,2025-11-10 15:33:43.933594,2025-11-10 15:33:43.933594
154,31,105,125,"438 Danny Union
Browningport, KY 88366",pending,However on hour total follow.,18.919999999999998,1.72,2025-11-10 15:33:43.933729,2025-11-10 15:33:43.933730
155,31,112,129,"USNV Patton
FPO AE 00742",preparing,,22.7,2.06,2025-11-10 15:33:43.933798,2025-11-10 15:33:43.933799
156,32,105,126,"50313 Robert Estates
South Dustinville, PR 33483",pending,Nothing not hope book dream.,21.75,1.98,2025-11-10 15:33:43.934069,2025-11-10 15:33:43.934069
157,32,111,131,"4259 Velez Bypass Suite 558
Bryantburgh, MS 61617",rejected,,94.02,8.55,2025-11-10 15:33:43.934213,2025-11-10 15:33:43.934214
158,32,110,125,"47454 Ashley Skyway Suite 842
Watkinschester, WV 07692",rejected,,105.06,9.55,2025-11-10 15:33:43.934340,2025-11-10 15:33:43.934340
159,32,108,134,"4381 Klein Ville
West Jasonville, NM 39947",pending,,10.040000000000001,0.91,2025-11-10 15:33:43.934463,2025-11-10 15:33:43.934464
160,32,,127,"54876 Taylor Tunnel
North Lisa, IL 75717",preparing,,36.269999999999996,3.3,2025-11-10 15:33:43.934582,2025-11-10 15:33:43.934582
161,33,111,135,"7771 Smith Stravenue Suite 144
Payneshire, CO 84748",pending,,106.77000000000001,9.71,2025-11-10 15:33:43.934867,2025-11-10 15:33:43.934867
162,33,102,126,"2586 Kimberly Key Suite 590
Jessicastad, WY 49933",preparing,Figure goal heavy office benefit.,32.010000000000005,2.91,2025-11-10 15:33:43.935001,2025-11-10 15:33:43.935002
163,33,106,121,"1731 Ruiz Point Suite 482
Tonybury, AS 40628",delivered,,85.25,7.75,2025-11-10 15:33:43.935126,2025-11-10 15:33:43.935126
164,33,120,132,"5095 Corey Parks
Christinechester, PA 28846",rejected,,64.17999999999999,5.83,2025-11-10 15:33:43.935229,2025-11-10 15:33:43.935230
165,33,,132,"80845 Tiffany Trafficway Apt. 774
Crosbymouth, LA 00877",rejected,,62.239999999999995,5.66,2025-11-10 15:33:43.935354,2025-11-10 15:33:43.935355
166,34,111,122,"469 James Orchard
North Angelastad, LA 95116",delivered,,47.21,4.29,2025-11-10 15:33:43.935593,2025-11-10 15:33:43.935593
167,34,,122,"7656 Baker Greens Apt. 701
East Melissa, MH 74437",delivered,,154.85,14.08,2025-11-10 15:33:43.935719,2025-11-10 15:33:43.935720
168,34,119,133,"2122 Moreno Parks
Morenochester, MP 43465",pending,,57.58,5.23,2025-11-10 15:33:43.935859,2025-11-10 15:33:43.935859
169,34,104,135,"39640 Tyrone Row Apt. 181
Brianstad, CO 66377",delivered,,97.85000000000001,8.9,2025-11-10 15:33:43.935971,2025-11-10 15:33:43.935971
170,34,115,126,"589 Schultz Shoals
Ochoaton, KY 00773",rejected,,106.61999999999999,9.69,2025-11-10 15:33:43.936115,2025-11-10 15:33:43.936116
171,35,111,122,"8027 Evelyn Views
Kathrynfurt, FL 69935",rejected,,70.32000000000001,6.39,2025-11-10 15:33:43.936367,2025-11-10 15:33:43.936368
172,35,108,131,"017 Jason Course
Ryanmouth, DC 28127",rejected,,183.89000000000001,16.72,2025-11-10 15:33:43.936487,2025-11-10 15:33:43.936488
173,35,118,135,"064 Erin Mews
West Johntown, MO 65084",preparing,News indeed job reason.,155.22000000000003,14.11,2025-11-10 15:33:43.936630,2025-11-10 15:33:43.936631
174,35,118,134,"2288 Barbara Avenue Apt. 597
East Jeremy, CO 96992",preparing,,52.65,4.79,2025-11-10 15:33:43.936741,2025-11-10 15:33:43.936742
175,35,120,128,"710 Young Divide
New Kimberlyshire, MI 31591",preparing,,73.44,6.68,2025-11-10 15:33:43.936864,2025-11-10 15:33:43.936865
176,36,,128,"447 Paul Glens
Jamesshire, WI 84975",delivered,Research report subject.,63.89,5.81,2025-11-10 15:33:43.937253,2025-11-10 15:33:43.937253
177,36,119,128,"22247 Nicole Club
Jillton, WY 04885",rejected,,105.72,9.61,2025-11-10 15:33:43.937356,2025-11-10 15:33:43.937357
178,36,116,133,"36053 Rebecca Land
Alejandroburgh, PA 44004",success,,69.42999999999999,6.31,2025-11-10 15:33:43.937465,2025-11-10 15:33:43.937465
179,36,,133,"8847 Amanda Crossing Suite 920
South Rebeccaport, NE 78155",success,,23.52,2.14,2025-11-10 15:33:43.937731,2025-11-10 15:33:43.937733
180,36,120,121,"382 Sharon Knoll
Jeffreyberg, WA 46720",rejected,Fill site the firm thank theory.,171.41,15.58,2025-11-10 15:33:43.937866,2025-11-10 15:33:43.937867
181,37,109,135,"56967 Fuentes Keys Apt. 410
Ronaldmouth, VT 15670",success,,177.34,16.12,2025-11-10 15:33:43.938052,2025-11-10 15:33:43.938053
182,37,113,125,"2779 Tapia Garden Apt. 641
Samuelmouth, AR 02243",rejected,,97.28,8.84,2025-11-10 15:33:43.938181,2025-11-10 15:33:43.938182
183,37,120,132,"578 Paige Estate Apt. 806
Brianport, NM 33582",preparing,Give special home sport.,199.88,18.17,2025-11-10 15:33:43.938321,2025-11-10 15:33:43.938322
184,37,106,126,"16797 Brittany Village
Janetview, KS 55053",preparing,,55.64,5.06,2025-11-10 15:33:43.938430,2025-11-10 15:33:43.938431
185,37,,130,"996 April Valleys Apt. 128
West Jacqueline, ID 35016",rejected,,51.169999999999995,4.65,2025-11-10 15:33:43.938620,2025-11-10 15:33:43.938621
186,38,101,130,"Unit 2151 Box 5442
DPO AP 20416",preparing,,49.410000000000004,4.49,2025-11-10 15:33:43.938887,2025-11-10 15:33:43.938887
187,38,119,125,"0199 Martinez Club
Laurabury, KY 39242",preparing,Along walk question interview.,118.72,10.79,2025-11-10 15:33:43.939031,2025-11-10 15:33:43.939032
188,38,,133,"3666 Sims Springs
Coreyborough, SC 21184",delivered,Enjoy general pull.,40.79,3.71,2025-11-10 15:33:43.939188,2025-11-10 15:33:43.939189
189,38,115,131,"641 Contreras Crossing
South Deborahland, FM 66218",delivered,,146.64000000000001,13.33,2025-11-10 15:33:43.939312,2025-11-10 15:33:43.939313
190,38,103,122,"188 Jenkins Isle Apt. 015
West Ryan, PR 30423",preparing,Even include any base often allow.,142.11999999999998,12.92,2025-11-10 15:33:43.939457,2025-11-10 15:33:43.939457
191,39,116,128,"781 Dan Hills
West Larry, IN 69245",pending,,62.61,5.69,2025-11-10 15:33:43.939685,2025-11-10 15:33:43.939685
192,39,103,132,"495 Frank Spur
Wardberg, WV 64426",rejected,Against nor all in office law person.,29.139999999999997,2.65,2025-11-10 15:33:43.939825,2025-11-10 15:33:43.939825
193,39,,127,"1030 Jennifer Dale
East Michaelville, OK 40322",delivered,Important pass plan ok.,26.69,2.43,2025-11-10 15:33:43.939949,2025-11-10 15:33:43.939950
194,39,103,128,"2035 Craig Lake Apt. 929
East Greg, AL 13747",delivered,,82.26,7.48,2025-11-10 15:33:43.940061,2025-11-10 15:33:43.940062
195,39,,123,"31762 Edwards Locks
East Noahberg, NJ 07001",delivered,,106.78999999999999,9.71,2025-11-10 15:33:43.940189,2025-11-10 15:33:43.940190
196,40,,132,"958 Moore River Apt. 534
Josephville, WV 05543",success,Bill occur reach on table.,64.72,5.88,2025-11-10 15:33:43.940522,2025-11-10 15:33:43.940523
197,40,,134,"189 Chad Pine Apt. 398
South Pamela, OK 77848",rejected,,78.82000000000001,7.17,2025-11-10 15:33:43.940633,2025-11-10 15:33:43.940634
198,40,103,121,"10459 Jones Islands
Johnfurt, HI 34604",success,,194.5,17.68,2025-11-10 15:33:43.940757,2025-11-10 15:33:43.940757
199,40,111,133,"15136 Jessica Plaza
Cooperborough, AL 19896",pending,Our out fight former strategy.,50.4,4.58,2025-11-10 15:33:43.940905,2025-11-10 15:33:43.940905
200,40,111,128,"0662 Alexander Ports Suite 133
Johnville, AK 12871",success,Record wear form theory.,76.13000000000001,6.92,2025-11-10 15:33:43.941031,2025-11-10 15:33:43.941031
201,41,107,132,"7681 Brandy Crest
Joshuaville, VT 17122",rejected,,78.16,7.11,2025-11-10 15:33:43.941264,2025-11-10 15:33:43.941264
202,41,,124,"0086 Jason Meadow
Lake Jeremybury, NC 46419",success,Fast life run evening alone concern.,84.94,7.72,2025-11-10 15:33:43.941389,2025-11-10 15:33:43.941390
203,41,,124,"803 Debra Summit
New Matthew, IA 42559",rejected,,63.91,5.81,2025-11-10 15:33:43.941499,2025-11-10 15:33:43.941500
204,41,114,128,"996 Harris Shoal
Amandaberg, MO 36315",rejected,Than how build food purpose.,104.97999999999999,9.54,2025-11-10 15:33:43.941646,2025-11-10 15:33:43.941646
205,41,,132,"12410 Brittany Route Suite 974
Sullivanberg, VT 15691",rejected,,50.47,4.59,2025-11-10 15:33:43.941775,2025-11-10 15:33:43.941776
206,42,103,133,"961 Henson Skyway Apt. 443
Lake Joshuabury, NM 32874",delivered,,110.68,10.06,2025-11-10 15:33:43.941981,2025-11-10 15:33:43.941982
207,42,109,128,"77515 Watson Port Apt. 441
Colemouth, VT 82323",delivered,Positive remember partner level will.,128.72,11.7,2025-11-10 15:33:43.942142,2025-11-10 15:33:43.942142
208,42,109,127,"846 Ward Lakes Apt. 388
North Jessicashire, LA 23960",rejected,,77.26,7.02,2025-11-10 15:33:43.942272,2025-11-10 15:33:43.942272
209,42,104,129,"Unit 7922 Box 7126
DPO AA 11534",pending,,57.09,5.19,2025-11-10 15:33:43.942298,2025-11-10 15:33:43.942298
210,42,109,122,"299 Gutierrez Circles Apt. 479
New Davidside, MI 32012",rejected,,37.660000000000004,3.42,2025-11-10 15:33:43.942429,2025-11-10 15:33:43.942429
211,43,102,123,"3437 Barr Village
East Tina, IA 41015",pending,,56.39,5.13,2025-11-10 15:33:43.942680,2025-11-10 15:33:43.942681
212,43,112,132,"6584 Walker Run
Toddton, MD 00512",delivered,,51.81,4.71,2025-11-10 15:33:43.942800,2025-11-10 15:33:43.942800
213,43,101,123,"6013 Carpenter Knoll Suite 816
East Amy, SC 36855",rejected,,101.21,9.2,2025-11-10 15:33:43.942925,2025-11-10 15:33:43.942926
214,43,117,134,"776 Reid Ridges
Lake Nathaniel, TX 64391",preparing,Man old across development.,9.1,0.83,2025-11-10 15:33:43.943071,2025-11-10 15:33:43.943071
215,43,115,126,"589 White Dam Apt. 963
Lake Valerie, KY 93961",delivered,How tend weight. Really site wide.,181.92,16.54,2025-11-10 15:33:43.943230,2025-11-10 15:33:43.943230
216,44,106,125,"3206 Lauren Avenue
Tiffanyberg, UT 96983",success,,50.510000000000005,4.59,2025-11-10 15:33:43.943610,2025-11-10 15:33:43.943610
217,44,118,133,"79617 Taylor Ranch
Bowersport, MO 85534",pending,,79.85000000000001,7.26,2025-11-10 15:33:43.943730,2025-11-10 15:33:43.943730
218,44,118,126,"034 Ethan Ports Suite 814
West Ryanstad, OK 95149",pending,,116.66000000000001,10.61,2025-11-10 15:33:43.943845,2025-11-10 15:33:43.943846
219,44,101,124,"756 Jessica Gateway Suite 537
Christophertown, AL 49107",pending,,51.91,4.72,2025-11-10 15:33:43.943956,2025-11-10 15:33:43.943956
220,44,115,133,"49013 Pearson Islands
Kingburgh, MS 77920",delivered,Size student name almost.,127.02,11.55,2025-11-10 15:33:43.944120,2025-11-10 15:33:43.944121
221,45,103,122,"86744 Ramos Creek Apt. 018
South Patrick, NM 92211",rejected,,189.42,17.22,2025-11-10 15:33:43.944510,2025-11-10 15:33:43.944511
222,45,115,122,"PSC 3565, Box 3309
APO AA 41936",success,,78.72999999999999,7.16,2025-11-10 15:33:43.944536,2025-11-10 15:33:43.944537
223,45,111,133,"74261 Stephen Rapid
Richardmouth, IN 55193",success,,33.84,3.08,2025-11-10 15:33:43.944641,2025-11-10 15:33:43.944641
224,45,117,123,"37093 Frances Mountains Apt. 237
East Mary, TN 62188",preparing,,107.21,9.75,2025-11-10 15:33:43.944750,2025-11-10 15:33:43.944750
225,45,108,134,"427 Rebecca Centers Apt. 654
Port Jeffrey, GA 75003",preparing,,88.26,8.02,2025-11-10 15:33:43.944860,2025-11-10 15:33:43.944861
226,46,,132,"71050 Ward Stravenue Apt. 521
New Angela, VI 54803",delivered,,146.14999999999998,13.29,2025-11-10 15:33:43.945135,2025-11-10 15:33:43.945136
227,46,105,125,"919 Harris Knoll Suite 069
West Cameronfort, NY 38131",rejected,Me design human keep.,119.15999999999998,10.83,2025-11-10 15:33:43.945283,2025-11-10 15:33:43.945283
228,46,103,127,"USNV Smith
FPO AA 61947",success,,51.19,4.65,2025-11-10 15:33:43.945354,2025-11-10 15:33:43.945354
229,46,107,129,"74874 Jo Valley Apt. 373
Gutierrezborough, NH 63845",preparing,,52.339999999999996,4.76,2025-11-10 15:33:43.945480,2025-11-10 15:33:43.945480
230,46,111,132,"377 Mendez Point Apt. 331
Nicholasside, OH 24031",preparing,,9.49,0.86,2025-11-10 15:33:43.945605,2025-11-10 15:33:43.945606
231,47,120,127,"1064 Jennifer Inlet
Loganburgh, IN 28587",preparing,Home audience system need light just.,77.17999999999999,7.02,2025-11-10 15:33:43.945891,2025-11-10 15:33:43.945892
232,47,,130,"3342 April Springs Suite 713
Kiddstad, PW 84070",preparing,Me reflect in get.,82.55,7.5,2025-11-10 15:33:43.946046,2025-11-10 15:33:43.946046
233,47,118,135,"3305 Beck Inlet Suite 384
New Matthewside, RI 85372",success,Wrong never up not everybody his.,32.9,2.99,2025-11-10 15:33:43.946198,2025-11-10 15:33:43.946198
234,47,120,135,"453 Brooks Forge
Evansborough, PR 39764",delivered,,53.529999999999994,4.87,2025-11-10 15:33:43.946339,2025-11-10 15:33:43.946339
235,47,114,132,"19540 Cheryl Coves Suite 857
Lake Kevinbury, NE 31395",success,Easy share pretty billion.,68.63,6.24,2025-11-10 15:33:43.946468,2025-11-10 15:33:43.946468
236,48,113,122,"8824 Bowman Tunnel Suite 146
Jacksonstad, MO 55914",success,After law total star similar both.,95.63,8.69,2025-11-10 15:33:43.946868,2025-11-10 15:33:43.946869
237,48,114,126,"43641 Zachary Falls Suite 545
Rodriguezburgh, NJ 49160",preparing,Sing common affect open recognize.,107.37,9.76,2025-11-10 15:33:43.947012,2025-11-10 15:33:43.947013
238,48,111,134,"192 Tina River Apt. 113
Cindyborough, ME 42325",success,,64.55000000000001,5.87,2025-11-10 15:33:43.947125,2025-11-10 15:33:43.947125
239,48,,134,"9450 Sandra Valley Apt. 046
Spencerville, NM 19381",pending,,107.25,9.75,2025-11-10 15:33:43.947234,2025-11-10 15:33:43.947234
240,48,120,127,"972 John Land Suite 440
New Bonnie, IL 22355",rejected,,59.43,5.4,2025-11-10 15:33:43.947342,2025-11-10 15:33:43.947343
241,49,120,128,"7051 Gary Courts Apt. 962
West Jessicaburgh, GA 01167",preparing,,56.1,5.1,2025-11-10 15:33:43.947662,2025-11-10 15:33:43.947664
242,49,,125,"54599 Hunt Underpass
New Royland, OH 35578",pending,,149.52,13.59,2025-11-10 15:33:43.947814,2025-11-10 15:33:43.947815
243,49,108,132,"50275 Amanda Wells
South Peterland, OH 77097",delivered,,102.52000000000001,9.32,2025-11-10 15:33:43.947927,2025-11-10 15:33:43.947927
244,49,109,132,"16461 Flores Mills Suite 065
Kiddbury, MT 07999",success,Avoid upon sound huge agency itself.,164.38,14.94,2025-11-10 15:33:43.948148,2025-11-10 15:33:43.948148
245,49,118,125,"74541 Stewart Courts
Jamesside, MN 13302",delivered,Serve control ok seven truth.,75.35999999999999,6.85,2025-11-10 15:33:43.948293,2025-11-10 15:33:43.948293
246,50,118,130,"0778 Joel Stream Suite 184
Alexanderland, VT 50574",pending,Ahead hand choice month west use wrong.,23.41,2.13,2025-11-10 15:33:43.948573,2025-11-10 15:33:43.948574
247,50,120,127,"433 Samantha Highway Suite 564
Hughesbury, MT 67863",preparing,,19.28,1.75,2025-11-10 15:33:43.948705,2025-11-10 15:33:43.948705
248,50,106,135,"774 Ian Extension Suite 447
Hectormouth, MT 06098",delivered,,13.65,1.24,2025-11-10 15:33:43.948814,2025-11-10 15:33:43.948815
249,50,118,134,"58049 Samuel Walks Apt. 559
South Susan, OK 16516",success,,120.84,10.99,2025-11-10 15:33:43.948925,2025-11-10 15:33:43.948925
250,50,108,133,"8432 Lewis Plains Apt. 601
South Katelyn, PR 55776",rejected,Respond financial under state whatever.,18.15,1.65,2025-11-10 15:33:43.949071,2025-11-10 15:33:43.949071
251,51,112,135,"9975 Caleb Key Apt. 851
Hernandezshire, GU 22977",preparing,,44.68,4.06,2025-11-10 15:33:43.949414,2025-11-10 15:33:43.949414
252,51,113,135,"9649 Nicole Cliffs Suite 218
Calvinport, IN 32391",rejected,,103.0,9.36,2025-11-10 15:33:43.949523,2025-11-10 15:33:43.949524
253,51,,133,"685 Campos Harbors Suite 820
Costamouth, NH 30654",success,Exactly plant assume rock program.,70.55,6.41,2025-11-10 15:33:43.949683,2025-11-10 15:33:43.949684
254,51,108,135,"9384 Gardner Heights
Port Sheila, CA 58783",delivered,Image more son.,65.31,5.94,2025-11-10 15:33:43.949827,2025-11-10 15:33:43.949827
255,51,106,122,"67962 Davila Branch
Pettymouth, MS 71481",success,,24.27,2.21,2025-11-10 15:33:43.949964,2025-11-10 15:33:43.949965
256,52,,130,"95969 Cox Brook
West Elizabethview, PR 83002",delivered,,107.0,9.73,2025-11-10 15:33:43.950237,2025-11-10 15:33:43.950238
257,52,103,123,"967 Davis Brooks Apt. 380
Thomasmouth, CT 66973",delivered,,13.61,1.24,2025-11-10 15:33:43.950364,2025-11-10 15:33:43.950365
258,52,109,123,"PSC 7201, Box 1178
APO AA 10566",preparing,,67.58,6.14,2025-11-10 15:33:43.950387,2025-11-10 15:33:43.950388
259,52,110,127,"466 Johnson Gateway
Dennisview, VA 55026",rejected,,26.69,2.43,2025-11-10 15:33:43.950509,2025-11-10 15:33:43.950509
260,52,,121,"42043 Hartman Plain
Sullivanstad, ME 23307",rejected,,33.57,3.05,2025-11-10 15:33:43.950648,2025-11-10 15:33:43.950648
261,53,107,132,"43847 Alexander Fields Apt. 254
South Gloriastad, PW 60558",success,,101.07,9.19,2025-11-10 15:33:43.950934,2025-11-10 15:33:43.950935
262,53,106,127,"7608 Paul Ports
Jerryton, IN 58383",pending,,138.25,12.57,2025-11-10 15:33:43.951038,2025-11-10 15:33:43.951039
263,53,116,132,"09486 Jones Loop Apt. 942
Lake Mirandaland, OK 13201",success,,31.47,2.86,2025-11-10 15:33:43.951169,2025-11-10 15:33:43.951169
264,53,115,131,"Unit 1059 Box 0539
DPO AE 12285",delivered,Still commercial wide travel magazine.,148.94,13.54,2025-11-10 15:33:43.951221,2025-11-10 15:33:43.951222
265,53,,124,"9871 Forbes Mountain
Port Amber, CO 09766",preparing,,39.42,3.58,2025-11-10 15:33:43.951344,2025-11-10 15:33:43.951344
266,54,102,127,"901 Crystal Lakes Apt. 290
Charleshaven, PA 59847",pending,Officer guess full blood wide window.,98.13,8.92,2025-11-10 15:33:43.951607,2025-11-10 15:33:43.951608
267,54,101,126,"6348 Hernandez Radial Apt. 144
Jasonview, NH 69312",success,Right find character should produce.,92.75999999999999,8.43,2025-11-10 15:33:43.951753,2025-11-10 15:33:43.951753
268,54,103,129,"7569 Yu Terrace
Carterton, RI 16292",pending,,81.96000000000001,7.45,2025-11-10 15:33:43.951889,2025-11-10 15:33:43.951890
269,54,119,132,"9940 Kimberly Divide Suite 359
Jacobside, AK 93606",rejected,,49.16,4.47,2025-11-10 15:33:43.952002,2025-11-10 15:33:43.952003
270,54,,131,"8790 Micheal Dam Apt. 747
North Hollyburgh, AS 07836",rejected,Than once by so training deal push.,92.13999999999999,8.38,2025-11-10 15:33:43.952132,2025-11-10 15:33:43.952132
271,55,109,128,"6472 Walter Falls
Stephanieview, IN 67142",preparing,Determine large effect world.,105.15,9.56,2025-11-10 15:33:43.952528,2025-11-10 15:33:43.952528
272,55,105,135,"9435 Wall Grove Apt. 441
Fullerborough, AR 71061",success,,103.63000000000001,9.42,2025-11-10 15:33:43.952675,2025-11-10 15:33:43.952675
273,55,,122,"6062 Tiffany Pine
Lake Scott, GU 08115",delivered,Table condition project answer career.,45.5,4.14,2025-11-10 15:33:43.952814,2025-11-10 15:33:43.952814
274,55,115,135,"209 John Rapids Suite 674
North Brenda, MP 48137",delivered,Follow reduce clear nearly.,18.03,1.64,2025-11-10 15:33:43.952946,2025-11-10 15:33:43.952946
275,55,106,135,"4141 Garcia Club Suite 180
Nicholasberg, ME 72170",pending,,104.42,9.49,2025-11-10 15:33:43.953072,2025-11-10 15:33:43.953072
276,56,101,129,"2811 Wheeler Fields Suite 850
New Alan, WI 14443",preparing,Hot son expect including accept bill.,95.14,8.65,2025-11-10 15:33:43.953433,2025-11-10 15:33:43.953434
277,56,108,129,"3628 Jessica Streets
Sanchezborough, AS 70499",rejected,Quality sense my trade.,69.37,6.31,2025-11-10 15:33:43.953578,2025-11-10 15:33:43.953578
278,56,,130,"9479 Smith Stream
North Shaneview, IL 29675",rejected,,61.64,5.6,2025-11-10 15:33:43.953700,2025-11-10 15:33:43.953701
279,56,120,127,"24935 Robert Field
West Marissa, MD 43016",rejected,Thousand say or fine recognize.,128.39999999999998,11.67,2025-11-10 15:33:43.953827,2025-11-10 15:33:43.953828
280,56,106,133,"67869 Lee Green
Ashleymouth, AZ 63955",preparing,,146.51,13.32,2025-11-10 15:33:43.953936,2025-11-10 15:33:43.953936
281,57,108,122,"026 Rebecca Lakes Suite 398
Stephensshire, MN 64029",rejected,,20.88,1.9,2025-11-10 15:33:43.954321,2025-11-10 15:33:43.954322
282,57,120,128,"459 Norman Island Suite 989
Candicestad, MN 74500",pending,,91.07,8.28,2025-11-10 15:33:43.954446,2025-11-10 15:33:43.954447
283,57,104,131,"3934 Michael Rest Apt. 377
Lake James, PA 18699",success,,125.44,11.4,2025-11-10 15:33:43.954555,2025-11-10 15:33:43.954556
284,57,,130,"35735 Anthony Walks
Johnmouth, AK 85622",preparing,,46.82,4.26,2025-11-10 15:33:43.955682,2025-11-10 15:33:43.955683
285,57,,122,"5763 Williams Ridges Apt. 832
New Sara, MD 81408",delivered,,67.75,6.16,2025-11-10 15:33:43.955827,2025-11-10 15:33:43.955828
286,58,110,131,"Unit 6501 Box 9533
DPO AE 26217",rejected,,88.25999999999999,8.02,2025-11-10 15:33:43.956003,2025-11-10 15:33:43.956004
287,58,101,126,"409 Jordan Glens
West Kennethbury, RI 09194",rejected,,91.73,8.34,2025-11-10 15:33:43.956129,2025-11-10 15:33:43.956130
288,58,,124,"476 Leonard Lodge Apt. 164
South Zacharyshire, MI 32837",rejected,President tough adult.,78.61000000000001,7.15,2025-11-10 15:33:43.956329,2025-11-10 15:33:43.956330
289,58,116,125,"46637 Michael Roads Suite 307
East Alvinton, AS 91314",rejected,,29.72,2.7,2025-11-10 15:33:43.956477,2025-11-10 15:33:43.956478
290,58,,126,"04598 Tamara Extensions
South Timothy, MO 57784",delivered,Ground view training check.,72.47,6.59,2025-11-10 15:33:43.956616,2025-11-10 15:33:43.956617
291,59,113,132,"9495 Laurie Garden
South Shannon, SD 67848",pending,Democrat leg similar say.,27.340000000000003,2.49,2025-11-10 15:33:43.956990,2025-11-10 15:33:43.956990
292,59,,127,"8328 Vanessa Vista Suite 720
Sextonland, MO 54537",preparing,,31.86,2.9,2025-11-10 15:33:43.957116,2025-11-10 15:33:43.957116
293,59,115,124,"976 Wheeler Meadow
West William, PW 79397",pending,,112.76,10.25,2025-11-10 15:33:43.957236,2025-11-10 15:33:43.957236
294,59,120,131,"530 Faulkner Cliff Apt. 942
Perezfort, WV 34002",rejected,Citizen expect defense great.,94.02,8.55,2025-11-10 15:33:43.957398,2025-11-10 15:33:43.957398
295,59,113,127,"219 Fowler Throughway
Port Annashire, CT 73319",rejected,,46.46,4.22,2025-11-10 15:33:43.957528,2025-11-10 15:33:43.957528
296,60,102,133,"133 Ramirez Knoll
North Curtis, KY 45764",pending,,33.84,3.08,2025-11-10 15:33:43.957769,2025-11-10 15:33:43.957769
297,60,111,134,"51462 Summer Forges
Lake Jenniferbury, KS 71114",pending,,38.98,3.54,2025-11-10 15:33:43.957874,2025-11-10 15:33:43.957874
298,60,115,124,"9209 Dana Curve
Lake Kristopher, CO 64872",pending,,20.47,1.86,2025-11-10 15:33:43.957981,2025-11-10 15:33:43.957981
299,60,,130,"613 Hickman Motorway
Leeside, AL 28597",delivered,,129.4,11.76,2025-11-10 15:33:43.958136,2025-11-10 15:33:43.958137
300,60,107,123,"42279 Frank Green
Jonesview, IL 77830",preparing,,97.21000000000001,8.84,2025-11-10 15:33:43.958269,2025-11-10 15:33:43.958269
301,61,,135,"037 Daniel Hill
Rollinsbury, VI 59709",rejected,Sister guess sort trade near.,46.65,4.24,2025-11-10 15:33:43.958687,2025-11-10 15:33:43.958688
302,61,113,125,"02081 Rebecca Pines
Robertton, ND 37921",rejected,,85.53,7.78,2025-11-10 15:33:43.958797,2025-11-10 15:33:43.958797
303,61,,128,"7163 Bethany Road
Johnsonfurt, WI 33069",delivered,,14.04,1.28,2025-11-10 15:33:43.958917,2025-11-10 15:33:43.958917
304,61,108,121,"4003 Boyd Spurs
New James, DC 05232",rejected,,23.689999999999998,2.15,2025-11-10 15:33:43.959038,2025-11-10 15:33:43.959038
305,61,109,125,"USS Cannon
FPO AP 47699",success,,72.07,6.55,2025-11-10 15:33:43.959109,2025-11-10 15:33:43.959110
306,62,111,125,"13612 Leah Knolls Suite 659
Greggview, CO 54309",rejected,,37.2,3.38,2025-11-10 15:33:43.959475,2025-11-10 15:33:43.959476
307,62,101,127,"USCGC Lambert
FPO AE 73417",success,,117.7,10.7,2025-11-10 15:33:43.959546,2025-11-10 15:33:43.959546
308,62,119,132,"728 Clark Park
Fitzgeraldville, ME 56899",rejected,Spend with so similar pretty.,66.9,6.08,2025-11-10 15:33:43.959705,2025-11-10 15:33:43.959706
309,62,106,135,"0187 Diaz Fords
Albertfurt, NC 10861",delivered,May shake after above.,64.09,5.83,2025-11-10 15:33:43.959855,2025-11-10 15:33:43.959857
310,62,112,121,"PSC 4088, Box 9293
APO AA 97497",delivered,,62.169999999999995,5.65,2025-11-10 15:33:43.959881,2025-11-10 15:33:43.959882
311,63,104,134,"5144 Manning Landing Suite 219
Youngmouth, KY 33029",pending,Arm according eye they analysis push.,89.95000000000002,8.18,2025-11-10 15:33:43.960174,2025-11-10 15:33:43.960174
312,63,117,121,"4809 Tommy Lights Apt. 495
West Anthony, UT 44095",delivered,Be possible item book.,32.57,2.96,2025-11-10 15:33:43.960303,2025-11-10 15:33:43.960304
313,63,109,134,"USNS Walton
FPO AP 68472",success,,66.33,6.03,2025-11-10 15:33:43.960374,2025-11-10 15:33:43.960374
314,63,114,126,"10037 Kathryn Port
Lanceville, KS 41645",success,,48.220000000000006,4.38,2025-11-10 15:33:43.960480,2025-11-10 15:33:43.960480
315,63,,132,"69020 Collins Haven Apt. 139
Brianside, ME 62528",success,,131.87,11.99,2025-11-10 15:33:43.960606,2025-11-10 15:33:43.960606
316,64,113,132,"9307 Victoria Overpass Apt. 766
Rothmouth, UT 08674",preparing,,94.48,8.59,2025-11-10 15:33:43.960844,2025-11-10 15:33:43.960845
317,64,120,123,"378 Archer Roads
Port Scottbury, PR 44413",success,,76.82000000000001,6.98,2025-11-10 15:33:43.960967,2025-11-10 15:33:43.960968
318,64,115,122,"34032 Kelley Cliffs
Hermanmouth, RI 86192",success,,65.56,5.96,2025-11-10 15:33:43.961111,2025-11-10 15:33:43.961112
319,64,109,124,"9685 Amy Dale Apt. 337
Port Christian, NH 79564",preparing,,13.879999999999999,1.26,2025-11-10 15:33:43.961221,2025-11-10 15:33:43.961221
320,64,106,122,"Unit 0726 Box 4188
DPO AE 78993",success,,47.28,4.3,2025-11-10 15:33:43.961245,2025-11-10 15:33:43.961245
321,65,106,122,"0052 Martinez Course
Jeffreytown, AS 14476",success,,18.44,1.68,2025-11-10 15:33:43.961522,2025-11-10 15:33:43.961522
322,65,120,129,"68131 Juan Common Apt. 775
New Rhondamouth, ND 89040",rejected,,44.03,4.0,2025-11-10 15:33:43.961633,2025-11-10 15:33:43.961633
323,65,118,125,"706 Cooley Extension
Jenniferchester, NH 91151",preparing,,29.580000000000002,2.69,2025-11-10 15:33:43.961754,2025-11-10 15:33:43.961754
324,65,,133,"17151 Kim Underpass
Lake Brendafort, TX 72012",delivered,,128.17000000000002,11.65,2025-11-10 15:33:43.961863,2025-11-10 15:33:43.961863
325,65,108,128,"20627 Daniel Brook Suite 269
Robertfurt, SD 48668",preparing,,39.809999999999995,3.62,2025-11-10 15:33:43.961974,2025-11-10 15:33:43.961974
326,66,120,134,"9735 Angela Mission
Michaelmouth, MS 13004",success,Single as TV term.,27.29,2.48,2025-11-10 15:33:43.962203,2025-11-10 15:33:43.962203
327,66,117,125,"216 Mandy Shore Suite 218
New Jamieland, SD 13514",success,Military director behavior.,101.83,9.26,2025-11-10 15:33:43.962349,2025-11-10 15:33:43.962349
328,66,,121,"68501 Briggs Loaf
New Richardstad, OH 23977",success,,47.870000000000005,4.35,2025-11-10 15:33:43.962475,2025-11-10 15:33:43.962475
329,66,116,124,"5105 Sexton Lane Suite 713
Cindyfurt, IA 07017",success,,81.09,7.37,2025-11-10 15:33:43.962604,2025-11-10 15:33:43.962604
330,66,116,122,"4742 Hardy Square Apt. 213
East Kennethmouth, RI 22567",preparing,,65.56,5.96,2025-11-10 15:33:43.962734,2025-11-10 15:33:43.962735
331,67,106,128,"PSC 4180, Box 1603
APO AA 25594",success,Medical agree how edge item energy.,181.73,16.52,2025-11-10 15:33:43.962924,2025-11-10 15:33:43.962924
332,67,114,121,"47276 James Street
Leonardside, AZ 99542",success,Parent suddenly only nice with.,82.41,7.49,2025-11-10 15:33:43.963066,2025-11-10 15:33:43.963067
333,67,114,132,"2300 Olivia Shoals Apt. 825
Kristenport, TN 12864",pending,,148.63,13.51,2025-11-10 15:33:43.963179,2025-11-10 15:33:43.963179
334,67,108,135,"1355 Shelia Viaduct
Jesseville, HI 22917",preparing,,60.790000000000006,5.53,2025-11-10 15:33:43.963283,2025-11-10 15:33:43.963283
335,67,112,128,"PSC 0377, Box 6861
APO AA 01318",success,,32.22,2.93,2025-11-10 15:33:43.963306,2025-11-10 15:33:43.963307
336,68,103,135,"77287 Michele Islands
Weekstown, OR 68529",delivered,,40.95,3.72,2025-11-10 15:33:43.963562,2025-11-10 15:33:43.963562
337,68,104,124,"46513 Heather Pass Suite 022
Charlesberg, MT 36428",preparing,,32.47,2.95,2025-11-10 15:33:43.963671,2025-11-10 15:33:43.963672
338,68,105,132,"048 Gay Coves Apt. 688
Jennifermouth, NJ 16051",pending,,14.12,1.28,2025-11-10 15:33:43.963799,2025-11-10 15:33:43.963800
339,68,111,131,"875 Wright Views Apt. 072
Lake Cindy, IA 10744",delivered,Must admit PM agent.,65.81,5.98,2025-11-10 15:33:43.963945,2025-11-10 15:33:43.963945
340,68,114,122,"902 Angela Expressway Apt. 279
Davidchester, MN 13985",delivered,,41.76,3.8,2025-11-10 15:33:43.964054,2025-11-10 15:33:43.964055
341,69,101,125,"4654 Scott Estates Suite 648
Oliverport, RI 07929",rejected,,204.05,18.55,2025-11-10 15:33:43.964340,2025-11-10 15:33:43.964340
342,69,104,133,"8253 Kennedy Stream
Andersonview, ME 21563",rejected,,81.08000000000001,7.37,2025-11-10 15:33:43.964490,2025-11-10 15:33:43.964491
343,69,105,126,"772 Misty Parkway
Sullivanhaven, AK 77240",delivered,Country choice body bill provide back.,46.510000000000005,4.23,2025-11-10 15:33:43.964658,2025-11-10 15:33:43.964659
344,69,120,124,"9966 Ryan Road Suite 650
Salasland, WY 37012",success,,132.24,12.02,2025-11-10 15:33:43.964796,2025-11-10 15:33:43.964796
345,69,104,134,"USNS Sutton
FPO AP 49911",delivered,,92.09,8.37,2025-11-10 15:33:43.964880,2025-11-10 15:33:43.964881
346,70,,125,"426 Michelle Plain
Briantown, AK 23773",delivered,,60.96,5.54,2025-11-10 15:33:43.965264,2025-11-10 15:33:43.965264
347,70,120,125,"96755 Roberts Plains Apt. 318
Port Adrianaborough, AS 49265",delivered,,31.59,2.87,2025-11-10 15:33:43.965404,2025-11-10 15:33:43.965404
348,70,105,121,"44800 Mora Park
South Michael, DE 16473",delivered,,100.69,9.15,2025-11-10 15:33:43.965536,2025-11-10 15:33:43.965536
349,70,105,125,"6264 Courtney Ramp
North Robinport, ME 96300",rejected,,43.95,4.0,2025-11-10 15:33:43.965651,2025-11-10 15:33:43.965652
350,70,101,131,"43874 Scott Village Suite 776
Deniseport, KS 10959",delivered,But tax dream evidence.,135.28,12.3,2025-11-10 15:33:43.965812,2025-11-10 15:33:43.965813
351,71,105,121,"01078 Erin Street Apt. 609
West Susanville, MT 91809",pending,,14.56,1.32,2025-11-10 15:33:43.966182,2025-11-10 15:33:43.966182
352,71,110,125,"379 John Station
West Davidview, SD 55568",pending,Early star senior.,31.24,2.84,2025-11-10 15:33:43.966312,2025-11-10 15:33:43.966313
353,71,,132,"17858 Deleon Lake
Walshport, MA 67089",preparing,Thank body money measure his religious.,96.58000000000001,8.78,2025-11-10 15:33:43.966491,2025-11-10 15:33:43.966492
354,71,,124,"7959 Nelson Hill
Margaretfort, WA 23007",delivered,,122.94,11.18,2025-11-10 15:33:43.966626,2025-11-10 15:33:43.966627
355,71,118,125,"5809 Kristin Forge Suite 527
Hallmouth, ME 48690",success,Top bag window with others necessary.,56.58,5.14,2025-11-10 15:33:43.966785,2025-11-10 15:33:43.966786
356,72,110,129,"605 Joshua Curve
New David, CT 58611",success,,18.36,1.67,2025-11-10 15:33:43.967161,2025-11-10 15:33:43.967162
357,72,107,129,"USNV Nolan
FPO AA 34734",success,,49.169999999999995,4.47,2025-11-10 15:33:43.967238,2025-11-10 15:33:43.967238
358,72,113,125,"16831 Jackson Shores Apt. 643
Port Yvonneview, FM 60178",success,Across hot song social know.,56.58,5.14,2025-11-10 15:33:43.967398,2025-11-10 15:33:43.967398
359,72,106,122,"Unit 2478 Box 8199
DPO AA 16630",rejected,,43.779999999999994,3.98,2025-11-10 15:33:43.967430,2025-11-10 15:33:43.967430
360,72,115,124,"69170 Lawson Parkway Apt. 515
New Sarah, FL 26805",preparing,,79.97,7.27,2025-11-10 15:33:43.967568,2025-11-10 15:33:43.967568
361,73,109,131,"0586 Megan Fields Apt. 753
Priceberg, IN 94079",delivered,Edge get high coach give usually kind.,36.69,3.34,2025-11-10 15:33:43.967981,2025-11-10 15:33:43.967981
362,73,116,122,"377 Amanda Bypass
Sarahshire, ME 46315",success,View trip hour close nor.,65.67,5.97,2025-11-10 15:33:43.968216,2025-11-10 15:33:43.968218
363,73,111,126,"18167 Ross Bridge Suite 979
New Alvinville, NY 68745",preparing,Resource can be over behavior yard.,91.37,8.31,2025-11-10 15:33:43.968404,2025-11-10 15:33:43.968404
364,73,104,124,"2678 Maynard Shores Suite 618
West Kathleen, LA 11143",preparing,,116.12,10.56,2025-11-10 15:33:43.968544,2025-11-10 15:33:43.968545
365,73,118,123,"8090 Edwards Brook Suite 793
East Brittanybury, NM 88118",pending,Win song I expert.,122.99000000000001,11.18,2025-11-10 15:33:43.968717,2025-11-10 15:33:43.968718
366,74,117,126,"18799 Nicole Trace
New Kristin, MP 44717",delivered,,129.51000000000002,11.77,2025-11-10 15:33:43.968967,2025-11-10 15:33:43.968967
367,74,108,135,"10425 Lopez Roads
South Thomas, DE 09767",pending,Car live sound suddenly interest.,37.2,3.38,2025-11-10 15:33:43.969119,2025-11-10 15:33:43.969120
368,74,,130,"4515 Hunter Keys
West Danielborough, AK 59142",pending,,58.559999999999995,5.32,2025-11-10 15:33:43.969235,2025-11-10 15:33:43.969235
369,74,114,133,"881 Teresa Underpass Apt. 708
West Lisamouth, KS 96802",rejected,Back other mean pay building.,76.15,6.92,2025-11-10 15:33:43.969382,2025-11-10 15:33:43.969382
370,74,116,124,"4242 Martin Radial
Lake Lisatown, GA 71589",pending,,79.32,7.21,2025-11-10 15:33:43.969517,2025-11-10 15:33:43.969518
371,75,102,130,"58085 Lambert Extensions Suite 048
Port Elizabeth, DE 52693",pending,,144.3,13.12,2025-11-10 15:33:43.969826,2025-11-10 15:33:43.969827
372,75,102,132,"0576 Estrada Tunnel Apt. 620
South Julia, WA 43968",delivered,,129.32999999999998,11.76,2025-11-10 15:33:43.969965,2025-11-10 15:33:43.969965
373,75,103,132,"763 Theodore Overpass
Shaunhaven, CT 68565",rejected,,88.03999999999999,8.0,2025-11-10 15:33:43.970077,2025-11-10 15:33:43.970077
374,75,107,129,"3333 Alexander Wells Suite 539
East Angie, OK 33738",rejected,,85.54,7.78,2025-11-10 15:33:43.970210,2025-11-10 15:33:43.970211
375,75,115,131,"18233 Garcia Port Apt. 701
Lake Matthew, FM 98739",preparing,Including star can number the similar.,33.95,3.09,2025-11-10 15:33:43.970368,2025-11-10 15:33:43.970369
376,76,109,132,"1449 Sanchez Forges Apt. 828
East Jamesberg, CO 93700",success,,28.48,2.59,2025-11-10 15:33:43.970631,2025-11-10 15:33:43.970631
377,76,103,121,"770 Brett Junction
West Travis, NC 71864",pending,,45.540000000000006,4.14,2025-11-10 15:33:43.970740,2025-11-10 15:33:43.970740
378,76,114,134,"0818 Timothy Green Suite 227
Robertland, MA 95234",pending,Base us notice player level.,47.370000000000005,4.31,2025-11-10 15:33:43.970884,2025-11-10 15:33:43.970885
379,76,116,135,"62364 Martin Port
North Beverly, AR 63765",delivered,,96.99000000000001,8.82,2025-11-10 15:33:43.971015,2025-11-10 15:33:43.971015
380,76,114,129,"5875 Robert Lakes Apt. 484
Lake Benjamin, MN 59733",delivered,,220.8,20.07,2025-11-10 15:33:43.971135,2025-11-10 15:33:43.971136
381,77,112,127,"Unit 4247 Box 8007
DPO AP 32299",success,,74.01,6.73,2025-11-10 15:33:43.971306,2025-11-10 15:33:43.971307
382,77,118,133,"29841 Quinn Island
South Josephtown, CA 75459",pending,,156.06,14.19,2025-11-10 15:33:43.971445,2025-11-10 15:33:43.971446
383,77,,132,"99897 Sean Plains
Port Alexander, AL 64238",success,,32.3,2.94,2025-11-10 15:33:43.971558,2025-11-10 15:33:43.971559
384,77,117,134,"027 Russell Mountain Suite 694
West Donnaland, ND 07477",delivered,,81.55,7.41,2025-11-10 15:33:43.971676,2025-11-10 15:33:43.971676
385,77,108,131,"4204 Yoder Stravenue Apt. 205
Jacquelinefort, HI 85106",delivered,,139.82,12.71,2025-11-10 15:33:43.971857,2025-11-10 15:33:43.971858
386,78,104,130,"89285 Powell Centers Apt. 281
South Elijahborough, MA 11991",preparing,Trip consumer peace.,139.46,12.68,2025-11-10 15:33:43.972182,2025-11-10 15:33:43.972183
387,78,105,126,"61291 Monica Summit Suite 163
New Carla, CO 27855",preparing,,51.25999999999999,4.66,2025-11-10 15:33:43.972303,2025-11-10 15:33:43.972303
388,78,,121,"20193 Gardner Fort Apt. 357
Chadborough, ID 72059",pending,,141.41000000000003,12.86,2025-11-10 15:33:43.972443,2025-11-10 15:33:43.972443
389,78,,130,"7071 Mcfarland Estate
West Jenniferland, DC 16787",preparing,Pattern cost alone idea.,18.0,1.64,2025-11-10 15:33:43.972603,2025-11-10 15:33:43.972603
390,78,,125,"800 Hart Branch Apt. 874
New Traci, GU 25434",success,,85.14999999999999,7.74,2025-11-10 15:33:43.972737,2025-11-10 15:33:43.972738
391,79,116,129,"PSC 5517, Box 7545
APO AP 67627",pending,Rate rest per arrive.,73.39,6.67,2025-11-10 15:33:43.972921,2025-11-10 15:33:43.972921
392,79,107,128,"22144 Brian Pine
Cochranberg, LA 24272",success,,48.720000000000006,4.43,2025-11-10 15:33:43.973053,2025-11-10 15:33:43.973053
393,79,117,124,"55167 Hensley Gateway
North Josephborough, ID 03754",delivered,,87.49000000000001,7.95,2025-11-10 15:33:43.973188,2025-11-10 15:33:43.973189
394,79,102,121,"51213 Laurie Valleys
North Karen, KS 08671",delivered,,62.169999999999995,5.65,2025-11-10 15:33:43.973305,2025-11-10 15:33:43.973305
395,79,107,122,"Unit 7347 Box 1430
DPO AE 95657",success,,132.03,12.0,2025-11-10 15:33:43.973330,2025-11-10 15:33:43.973331
396,80,102,127,"PSC 8061, Box 6308
APO AP 55684",rejected,,94.08999999999999,8.55,2025-11-10 15:33:43.973442,2025-11-10 15:33:43.973443
397,80,103,127,"16443 Johnston Turnpike Apt. 341
Jamesview, AK 40134",pending,,11.75,1.07,2025-11-10 15:33:43.973578,2025-11-10 15:33:43.973579
398,80,113,126,"39588 Luke Plains
North Michael, RI 05763",success,Organization should ago best deep.,85.89,7.81,2025-11-10 15:33:43.973715,2025-11-10 15:33:43.973715
399,80,101,135,"0762 Richard Underpass Suite 022
Smithfurt, VA 99476",rejected,,29.580000000000002,2.69,2025-11-10 15:33:43.973850,2025-11-10 15:33:43.973850
400,80,113,128,"44216 Shaw Cliff Apt. 112
West Coryview, UT 89099",rejected,,132.85,12.08,2025-11-10 15:33:43.973987,2025-11-10 15:33:43.973988
401,81,112,134,"5822 Roberts Underpass Suite 240
Alexandrafort, MA 27563",pending,,111.56000000000002,10.14,2025-11-10 15:33:43.974277,2025-11-10 15:33:43.974278
402,81,114,131,"464 Stephanie Islands Suite 416
East Kayla, WV 07334",success,,19.689999999999998,1.79,2025-11-10 15:33:43.974395,2025-11-10 15:33:43.974395
403,81,104,124,"48472 Jonathan Walk
Rachelport, MI 71302",preparing,,114.76000000000002,10.43,2025-11-10 15:33:43.974507,2025-11-10 15:33:43.974507
404,81,108,128,"8062 Brian Roads
West Jamestown, WA 19867",delivered,,114.64,10.42,2025-11-10 15:33:43.974622,2025-11-10 15:33:43.974623
405,81,116,126,"54851 Williams Gateway Suite 355
Mitchellberg, KY 31499",success,,56.13,5.1,2025-11-10 15:33:43.974776,2025-11-10 15:33:43.974777
406,82,101,131,"43246 Allen Fall
South Charles, NE 75821",rejected,,189.81,17.26,2025-11-10 15:33:43.975050,2025-11-10 15:33:43.975051
407,82,115,134,"41104 Perez Plain Suite 060
Robertsonberg, DE 59705",preparing,,34.45,3.13,2025-11-10 15:33:43.975205,2025-11-10 15:33:43.975206
408,82,109,122,"89742 Andrade Brook
Bethside, WI 02060",success,,31.68,2.88,2025-11-10 15:33:43.975334,2025-11-10 15:33:43.975335
409,82,111,129,"2417 Lee Crest Apt. 645
Cookstad, KS 86702",pending,,55.35,5.03,2025-11-10 15:33:43.975486,2025-11-10 15:33:43.975487
410,82,119,131,"9842 Kevin Falls
Port Andrea, UT 90832",preparing,Gas current hand coach turn question.,113.27,10.3,2025-11-10 15:33:43.975631,2025-11-10 15:33:43.975631
411,83,104,133,"90231 Sawyer Stravenue Apt. 675
Sarahton, MA 39799",success,There feeling boy myself message.,231.99,21.09,2025-11-10 15:33:43.976082,2025-11-10 15:33:43.976083
412,83,109,132,"67918 Johnson Bridge Suite 665
Porterburgh, NC 32403",rejected,,144.79,13.16,2025-11-10 15:33:43.976232,2025-11-10 15:33:43.976233
413,83,113,124,"PSC 7506, Box 9703
APO AE 16241",rejected,,76.07000000000001,6.92,2025-11-10 15:33:43.976256,2025-11-10 15:33:43.976257
414,83,109,126,"008 Victor Via Suite 388
West Theresaside, NY 79603",rejected,Pay future or type tree model.,104.13,9.47,2025-11-10 15:33:43.976391,2025-11-10 15:33:43.976391
415,83,109,129,"06972 Barker Extensions
Port Donna, ME 07843",rejected,Cut place thousand their.,113.12,10.28,2025-11-10 15:33:43.976538,2025-11-10 15:33:43.976538
416,84,105,125,"934 Chad Port
Lake Sean, GA 84547",preparing,Grow worker public director.,131.73999999999998,11.98,2025-11-10 15:33:43.976930,2025-11-10 15:33:43.976931
417,84,120,127,"34217 Perez Hollow Suite 785
Williamsshire, GA 09197",delivered,,93.72,8.52,2025-11-10 15:33:43.977073,2025-11-10 15:33:43.977074
418,84,113,127,"4253 Barry Glens Apt. 568
Port Martinshire, FM 68703",rejected,,30.47,2.77,2025-11-10 15:33:43.977186,2025-11-10 15:33:43.977187
419,84,110,128,"85419 Livingston Circles
North Eric, TN 10555",success,,39.339999999999996,3.58,2025-11-10 15:33:43.977307,2025-11-10 15:33:43.977307
420,84,112,121,"6299 Jason Summit Suite 420
Lake Megan, DC 56346",pending,Better state wind report manage.,66.10000000000001,6.01,2025-11-10 15:33:43.977441,2025-11-10 15:33:43.977442
421,85,104,121,"056 Anthony Junctions
West Jocelyn, GU 20725",rejected,,109.83,9.98,2025-11-10 15:33:43.977677,2025-11-10 15:33:43.977677
422,85,113,122,"92698 Evans Branch Suite 272
Glennmouth, IA 60176",success,,74.77,6.8,2025-11-10 15:33:43.977805,2025-11-10 15:33:43.977806
423,85,,127,"35492 William Inlet
East John, MO 41499",rejected,,151.94000000000003,13.81,2025-11-10 15:33:43.977910,2025-11-10 15:33:43.977911
424,85,110,130,"811 Cooley Vista Suite 403
North Theresa, PW 21080",preparing,,71.49,6.5,2025-11-10 15:33:43.978038,2025-11-10 15:33:43.978039
425,85,116,124,"10560 Mckinney Vista
New Williamton, MN 02426",pending,Today night car interesting rate.,131.35,11.94,2025-11-10 15:33:43.978289,2025-11-10 15:33:43.978289
426,86,107,125,"33247 Harper Track
Lake Jeffreyhaven, AZ 73270",pending,,63.720000000000006,5.79,2025-11-10 15:33:43.978581,2025-11-10 15:33:43.978582
427,86,104,122,"0027 Warren Turnpike
New Chadton, VT 69287",rejected,,178.02,16.18,2025-11-10 15:33:43.978707,2025-11-10 15:33:43.978708
428,86,109,124,"14334 Crawford Stravenue Suite 062
Lake Nicole, WV 57872",success,,154.23000000000002,14.02,2025-11-10 15:33:43.978838,2025-11-10 15:33:43.978839
429,86,116,122,"3552 Collins Mission Suite 374
West Denisebury, MD 73313",delivered,,24.27,2.21,2025-11-10 15:33:43.978969,2025-11-10 15:33:43.978969
430,86,118,121,"99218 Bennett Squares
Andersonfort, FL 97505",rejected,,67.39,6.13,2025-11-10 15:33:43.979107,2025-11-10 15:33:43.979108
431,87,109,127,"831 Berg Oval Suite 020
West Joshua, DE 45675",preparing,,47.43,4.31,2025-11-10 15:33:43.979346,2025-11-10 15:33:43.979347
432,87,109,122,"75679 Lopez Throughway
New Holly, GA 32297",rejected,,32.78,2.98,2025-11-10 15:33:43.979466,2025-11-10 15:33:43.979467
433,87,105,121,"PSC 3469, Box 7697
APO AP 96414",preparing,,46.42,4.22,2025-11-10 15:33:43.979490,2025-11-10 15:33:43.979490
434,87,103,132,"USNV Harding
FPO AA 81595",rejected,,29.35,2.67,2025-11-10 15:33:43.979560,2025-11-10 15:33:43.979560
435,87,109,124,"170 Rodney Garden
Micheleland, AZ 37711",preparing,,97.97,8.91,2025-11-10 15:33:43.979664,2025-11-10 15:33:43.979665
436,88,106,125,"USNV Lowe
FPO AA 56543",preparing,,62.55,5.69,2025-11-10 15:33:43.979997,2025-11-10 15:33:43.979997
437,88,111,130,"847 Jones Harbor
South Yeseniafurt, AR 94609",delivered,,180.84,16.44,2025-11-10 15:33:43.980125,2025-11-10 15:33:43.980125
438,88,,134,"13169 Bass River
Tonifurt, GA 27135",delivered,,10.040000000000001,0.91,2025-11-10 15:33:43.980250,2025-11-10 15:33:43.980251
439,88,107,131,"54949 Kayla Junctions Apt. 783
West Jennifer, AS 67933",success,,81.94,7.45,2025-11-10 15:33:43.980360,2025-11-10 15:33:43.980361
440,88,102,126,"9241 Watson Circles Suite 275
Lake Justinton, VI 35775",pending,Or former outside.,94.6,8.6,2025-11-10 15:33:43.980518,2025-11-10 15:33:43.980518
441,89,104,128,"033 Calvin Springs
North Johnshire, HI 16776",delivered,,113.25,10.3,2025-11-10 15:33:43.980756,2025-11-10 15:33:43.980756
442,89,113,128,"Unit 2996 Box 7266
DPO AE 40906",delivered,Right sea herself.,50.75,4.61,2025-11-10 15:33:43.980798,2025-11-10 15:33:43.980798
443,89,113,123,"9818 Kristin Roads Suite 309
East Neilfort, NH 65161",delivered,,45.06,4.1,2025-11-10 15:33:43.980910,2025-11-10 15:33:43.980910
444,89,,133,"2006 Stephen Glen
Lake Elizabethstad, MP 32926",pending,Everything need recent fact.,58.11,5.28,2025-11-10 15:33:43.981030,2025-11-10 15:33:43.981031
445,89,101,129,"163 Carroll Groves
Roybury, WI 85048",pending,,46.67000000000001,4.24,2025-11-10 15:33:43.981151,2025-11-10 15:33:43.981151
446,90,,126,"23420 Brock Prairie Apt. 611
Michelleside, GU 23825",preparing,,68.33999999999999,6.21,2025-11-10 15:33:43.981537,2025-11-10 15:33:43.981537
447,90,,132,"71264 Richardson Path
East Tonyburgh, AS 35478",pending,Level turn author her.,21.130000000000003,1.92,2025-11-10 15:33:43.981681,2025-11-10 15:33:43.981681
448,90,111,122,"21684 Erin Square Suite 628
West Elizabeth, AK 11880",delivered,,80.83,7.35,2025-11-10 15:33:43.981790,2025-11-10 15:33:43.981790
449,90,,128,"7915 Stephens Shores
Richardborough, IA 02863",rejected,,65.58,5.96,2025-11-10 15:33:43.981913,2025-11-10 15:33:43.981913
450,90,116,128,"11498 Perry Corner
Sandraview, OK 25283",delivered,Name of ask least list his loss expert.,113.30999999999999,10.3,2025-11-10 15:33:43.982054,2025-11-10 15:33:43.982054
451,91,106,135,"2769 Cooley Estates Apt. 315
New Scott, AR 32230",pending,,54.09,4.92,2025-11-10 15:33:43.982315,2025-11-10 15:33:43.982315
452,91,114,134,"79901 Antonio Centers
Lake Stephenmouth, AL 72686",delivered,,41.25,3.75,2025-11-10 15:33:43.982421,2025-11-10 15:33:43.982421
453,91,117,130,"2910 Rodriguez Hill Apt. 526
Port Jasminefort, VA 83823",preparing,Grow body next truth go.,130.15,11.83,2025-11-10 15:33:43.982585,2025-11-10 15:33:43.982586
454,91,108,131,"27142 Watson Via Suite 520
Nicolehaven, IA 87970",rejected,,19.689999999999998,1.79,2025-11-10 15:33:43.982713,2025-11-10 15:33:43.982714
455,91,113,124,"771 Christensen Extensions Apt. 792
South Scottton, AS 54379",preparing,,78.13999999999999,7.1,2025-11-10 15:33:43.982840,2025-11-10 15:33:43.982841
456,92,118,122,"0595 Jennifer Lock Apt. 384
West Alexanderfurt, WY 63413",preparing,,96.97999999999999,8.82,2025-11-10 15:33:43.983176,2025-11-10 15:33:43.983177
457,92,108,126,"947 Laura Union Apt. 006
East Katelyn, SD 69731",success,Require type fund.,64.85000000000001,5.9,2025-11-10 15:33:43.983302,2025-11-10 15:33:43.983303
458,92,115,133,"87711 Heather Junction Suite 138
Johnsonville, SD 48429",success,Site member statement.,114.58,10.42,2025-11-10 15:33:43.983452,2025-11-10 15:33:43.983453
459,92,,135,"9853 Love Corners Suite 635
North Jason, AL 89718",preparing,Cover front fly.,40.52,3.68,2025-11-10 15:33:43.983613,2025-11-10 15:33:43.983614
460,92,120,135,"317 Green Manor
Lake Cynthiamouth, ME 50761",preparing,,114.16,10.38,2025-11-10 15:33:43.983735,2025-11-10 15:33:43.983735
461,93,119,123,"8714 Mary Trace
Stuartland, IA 50602",rejected,,101.66,9.24,2025-11-10 15:33:43.983902,2025-11-10 15:33:43.983903
462,93,104,121,"45212 Thomas Lights
Port Susan, MT 74648",preparing,,46.160000000000004,4.2,2025-11-10 15:33:43.984008,2025-11-10 15:33:43.984009
463,93,115,125,"639 Norman Stream
Ronaldview, TN 99909",pending,Total hand reduce reflect.,69.64,6.33,2025-11-10 15:33:43.984147,2025-11-10 15:33:43.984148
464,93,118,126,"22993 Sabrina Forges
Ericaberg, OR 92877",preparing,,24.110000000000003,2.19,2025-11-10 15:33:43.984251,2025-11-10 15:33:43.984251
465,93,115,135,"9722 Clark Springs
South Richardberg, WA 10584",success,,13.65,1.24,2025-11-10 15:33:43.984372,2025-11-10 15:33:43.984372
466,94,105,132,"4340 Lindsay Brook
Dianachester, ND 32716",preparing,,93.60000000000001,8.51,2025-11-10 15:33:43.984608,2025-11-10 15:33:43.984608
467,94,,121,"3491 Mathis Islands
Brownbury, ME 24333",pending,Describe answer company study.,89.18,8.11,2025-11-10 15:33:43.984765,2025-11-10 15:33:43.984766
468,94,105,123,"707 Tina Circles
Maryborough, ND 47441",rejected,,58.66,5.33,2025-11-10 15:33:43.984871,2025-11-10 15:33:43.984872
469,94,103,129,"64677 Erica Junctions
East Thomas, UT 14606",preparing,,73.81,6.71,2025-11-10 15:33:43.984976,2025-11-10 15:33:43.984977
470,94,103,126,"211 Jason Trail
West Maria, MA 98014",rejected,Song tell fire policy.,122.03999999999999,11.09,2025-11-10 15:33:43.985117,2025-11-10 15:33:43.985118
471,95,110,134,"USNV Ward
FPO AP 95190",pending,,18.189999999999998,1.65,2025-11-10 15:33:43.985366,2025-11-10 15:33:43.985367
472,95,,122,"49134 Claudia Wall
North Evan, OR 15318",preparing,,78.91000000000001,7.17,2025-11-10 15:33:43.985470,2025-11-10 15:33:43.985471
473,95,107,131,"950 Garcia Camp
East Gregorychester, SD 20492",delivered,,124.95,11.36,2025-11-10 15:33:43.985592,2025-11-10 15:33:43.985592
474,95,,129,"47447 Webb Court Apt. 666
New Rachel, KY 37411",preparing,Although end trouble your add.,129.45000000000002,11.77,2025-11-10 15:33:43.985737,2025-11-10 15:33:43.985737
475,95,105,121,"76602 Ronald Forge Suite 607
Port Laura, PW 78236",preparing,,149.72000000000003,13.61,2025-11-10 15:33:43.985848,2025-11-10 15:33:43.985849
476,96,107,134,"6858 Alexis Lock
Georgemouth, NH 70574",rejected,,39.36,3.58,2025-11-10 15:33:43.986169,2025-11-10 15:33:43.986169
477,96,112,131,"065 Edwards Flats
South Tylerstad, OK 08137",preparing,,126.86000000000001,11.53,2025-11-10 15:33:43.986291,2025-11-10 15:33:43.986291
478,96,109,135,"4130 Cherry Cliff Suite 070
Lake Ronald, NE 13071",rejected,,105.4,9.58,2025-11-10 15:33:43.986418,2025-11-10 15:33:43.986419
479,96,,135,"41102 Conrad Tunnel Suite 975
Lake Shawn, UT 29662",preparing,,61.82999999999999,5.62,2025-11-10 15:33:43.986545,2025-11-10 15:33:43.986545
480,96,116,129,"213 Fox Wells
East Kelly, LA 83928",delivered,,93.03,8.46,2025-11-10 15:33:43.986668,2025-11-10 15:33:43.986668
481,97,106,123,"5562 Pittman Lock Apt. 653
Henryberg, AK 41612",delivered,,163.17000000000002,14.83,2025-11-10 15:33:43.987091,2025-11-10 15:33:43.987092
482,97,,131,"35517 Karen Lake Apt. 227
Kellyland, IN 66124",delivered,View voice forward today although.,90.26000000000002,8.21,2025-11-10 15:33:43.987223,2025-11-10 15:33:43.987223
483,97,102,124,"742 Bryan Harbor
Tammyside, MD 36327",preparing,,108.71,9.88,2025-11-10 15:33:43.987329,2025-11-10 15:33:43.987329
484,97,108,131,"01490 Tracy Station Suite 901
West Matthew, SD 47335",delivered,Board already exist mother.,120.22999999999999,10.93,2025-11-10 15:33:43.987468,2025-11-10 15:33:43.987469
485,97,102,135,"046 Morgan Bypass
Kylechester, IN 67266",pending,,24.05,2.19,2025-11-10 15:33:43.987576,2025-11-10 15:33:43.987577
486,98,,124,"PSC 6674, Box 9790
APO AP 84352",preparing,Reality out morning himself story.,77.45,7.04,2025-11-10 15:33:43.987940,2025-11-10 15:33:43.987942
487,98,113,122,"54776 Porter Ville Apt. 985
Howardhaven, CO 20525",pending,Several light significant.,133.16,12.11,2025-11-10 15:33:43.988125,2025-11-10 15:33:43.988125
488,98,101,131,"908 Summers Spurs Suite 532
Tammyberg, SD 47482",preparing,,25.880000000000003,2.35,2025-11-10 15:33:43.988259,2025-11-10 15:33:43.988260
489,98,102,132,"072 Michael Land
Port Matthewton, ME 17284",success,Exactly best mission from claim gun.,121.19999999999999,11.02,2025-11-10 15:33:43.988389,2025-11-10 15:33:43.988390
490,98,103,134,"075 Wall Plains Suite 538
Joneschester, GU 84811",preparing,,114.62,10.42,2025-11-10 15:33:43.988566,2025-11-10 15:33:43.988567
491,99,,132,"344 Briggs Plains Apt. 132
Williamsburgh, NY 15324",delivered,,18.990000000000002,1.73,2025-11-10 15:33:43.988972,2025-11-10 15:33:43.988973
492,99,117,122,"PSC 5093, Box 3774
APO AA 02733",rejected,,67.96000000000001,6.18,2025-11-10 15:33:43.988996,2025-11-10 15:33:43.988997
493,99,,132,"449 Preston Cove
Melanieland, MD 75734",success,,106.38,9.67,2025-11-10 15:33:43.989117,2025-11-10 15:33:43.989117
494,99,115,121,"274 Rodney Locks
Matthewview, PW 66024",rejected,,67.67,6.15,2025-11-10 15:33:43.989219,2025-11-10 15:33:43.989219
495,99,106,135,"15424 Whitney Ridges Suite 933
New Melissastad, MD 30842",success,,108.72,9.88,2025-11-10 15:33:43.989353,2025-11-10 15:33:43.989354
496,100,115,121,"4719 Nguyen Wells Suite 967
Port Peter, TX 17268",rejected,,79.35,7.21,2025-11-10 15:33:43.989713,2025-11-10 15:33:43.989713
497,100,,127,"3928 Jennifer Isle
Stevenview, NV 53019",success,,104.15,9.47,2025-11-10 15:33:43.989823,2025-11-10 15:33:43.989823
498,100,117,132,"74139 Nicole Freeway Apt. 351
East Judith, FM 83536",rejected,Real relationship fact science general.,7.06,0.64,2025-11-10 15:33:43.989955,2025-11-10 15:33:43.989956
499,100,106,135,"722 Robbins Motorway
Rioschester, MP 36839",pending,,22.310000000000002,2.03,2025-11-10 15:33:43.990089,2025-11-10 15:33:43.990090
500,100,119,132,"67892 Anderson Forks
Christinastad, AZ 74102",delivered,,86.1,7.83,2025-11-10 15:33:43.990209,2025-11-10 15:33:43.990209
