id,restaurant_id,image,created_at,updated_at
1,121,https://picsum.photos/400/317,2025-03-07 04:03:13.680046,2025-03-07 04:03:13.680046
2,121,https://placekitten.com/530/75,2025-03-07 04:03:13.680046,2025-03-07 04:03:13.680046
3,121,https://picsum.photos/8/451,2025-03-07 04:03:13.680046,2025-03-07 04:03:13.680046
4,122,https://placekitten.com/61/674,2025-09-20 21:13:40.682808,2025-09-20 21:13:40.682808
5,122,https://dummyimage.com/519x813,2025-09-20 21:13:40.682808,2025-09-20 21:13:40.682808
6,122,https://picsum.photos/321/815,2025-09-20 21:13:40.682808,2025-09-20 21:13:40.682808
7,123,https://dummyimage.com/719x745,2025-03-05 20:00:54.206722,2025-03-05 20:00:54.206722
8,123,https://placekitten.com/163/699,2025-03-05 20:00:54.206722,2025-03-05 20:00:54.206722
9,123,https://placekitten.com/71/119,2025-03-05 20:00:54.206722,2025-03-05 20:00:54.206722
10,124,https://dummyimage.com/89x696,2025-01-26 04:04:44.845521,2025-01-26 04:04:44.845521
11,124,https://placekitten.com/31/118,2025-01-26 04:04:44.845521,2025-01-26 04:04:44.845521
12,124,https://picsum.photos/943/276,2025-01-26 04:04:44.845521,2025-01-26 04:04:44.845521
13,125,https://placekitten.com/891/706,2025-04-23 07:22:12.048235,2025-04-23 07:22:12.048235
14,125,https://dummyimage.com/217x843,2025-04-23 07:22:12.048235,2025-04-23 07:22:12.048235
15,125,https://dummyimage.com/434x482,2025-04-23 07:22:12.048235,2025-04-23 07:22:12.048235
16,126,https://picsum.photos/883/837,2025-04-07 21:01:06.971578,2025-04-07 21:01:06.971578
17,126,https://picsum.photos/156/56,2025-04-07 21:01:06.971578,2025-04-07 21:01:06.971578
18,126,https://dummyimage.com/115x329,2025-04-07 21:01:06.971578,2025-04-07 21:01:06.971578
19,127,https://picsum.photos/78/21,2025-05-01 11:02:17.967630,2025-05-01 11:02:17.967630
20,127,https://placekitten.com/93/663,2025-05-01 11:02:17.967630,2025-05-01 11:02:17.967630
21,127,https://placekitten.com/833/976,2025-05-01 11:02:17.967630,2025-05-01 11:02:17.967630
22,128,https://picsum.photos/931/633,2025-07-13 00:37:11.803817,2025-07-13 00:37:11.803817
23,128,https://picsum.photos/720/980,2025-07-13 00:37:11.803817,2025-07-13 00:37:11.803817
24,128,https://picsum.photos/356/1022,2025-07-13 00:37:11.803817,2025-07-13 00:37:11.803817
25,129,https://dummyimage.com/251x438,2025-07-02 20:21:36.135461,2025-07-02 20:21:36.135461
26,129,https://picsum.photos/811/727,2025-07-02 20:21:36.135461,2025-07-02 20:21:36.135461
27,129,https://placekitten.com/114/156,2025-07-02 20:21:36.135461,2025-07-02 20:21:36.135461
28,130,https://picsum.photos/86/538,2025-07-14 16:23:42.282568,2025-07-14 16:23:42.282568
29,130,https://dummyimage.com/970x836,2025-07-14 16:23:42.282568,2025-07-14 16:23:42.282568
30,130,https://dummyimage.com/509x184,2025-07-14 16:23:42.282568,2025-07-14 16:23:42.282568
31,131,https://placekitten.com/671/389,2025-07-02 10:34:34.519124,2025-07-02 10:34:34.519124
32,131,https://placekitten.com/714/67,2025-07-02 10:34:34.519124,2025-07-02 10:34:34.519124
33,131,https://picsum.photos/972/491,2025-07-02 10:34:34.519124,2025-07-02 10:34:34.519124
34,132,https://placekitten.com/878/802,2025-08-30 15:49:15.622790,2025-08-30 15:49:15.622790
35,132,https://picsum.photos/652/766,2025-08-30 15:49:15.622790,2025-08-30 15:49:15.622790
36,132,https://picsum.photos/845/835,2025-08-30 15:49:15.622790,2025-08-30 15:49:15.622790
37,133,https://placekitten.com/969/1006,2025-08-18 19:31:37.500193,2025-08-18 19:31:37.500193
38,133,https://dummyimage.com/293x162,2025-08-18 19:31:37.500193,2025-08-18 19:31:37.500193
39,133,https://placekitten.com/713/103,2025-08-18 19:31:37.500193,2025-08-18 19:31:37.500193
40,134,https://picsum.photos/916/532,2025-02-20 17:56:52.280059,2025-02-20 17:56:52.280059
41,134,https://placekitten.com/285/563,2025-02-20 17:56:52.280059,2025-02-20 17:56:52.280059
42,134,https://dummyimage.com/545x576,2025-02-20 17:56:52.280059,2025-02-20 17:56:52.280059
43,135,https://picsum.photos/623/763,2025-05-27 04:17:40.919136,2025-05-27 04:17:40.919136
44,135,https://placekitten.com/63/678,2025-05-27 04:17:40.919136,2025-05-27 04:17:40.919136
45,135,https://picsum.photos/958/526,2025-05-27 04:17:40.919136,2025-05-27 04:17:40.919136
