id,verification_status,is_available,name,image,fee_rate,location,detail,tel,created_at,updated_at
121,approved,True,Yoder LLC,https://dummyimage.com/117x571,0.18,"USNV Hines
FPO AE 81706",Hour where more far growth. Sister trade year some ready short cultural itself.,275-690-4559x11626,2025-03-07 04:03:13.680046,2025-03-07 04:03:13.680046
122,approved,True,"Caldwell, Wallace and Butler",https://picsum.photos/199/1018,0.21,"6728 Rice Villages Apt. 088
Derekview, FL 69820",Thought owner drop PM force tax citizen. Area Democrat seek voice teacher serious. Nation with cold score.,205.575.2221x73376,2025-09-20 21:13:40.682808,2025-09-20 21:13:40.682808
123,approved,True,"Herman, Ruiz and Harris",https://dummyimage.com/239x216,0.21,"820 Tricia Way Suite 317
Hamptonside, MH 29954",Always economy Mr door nearly character view challenge. Bring institution concern must wide.,(377)848-6142,2025-03-05 20:00:54.206722,2025-03-05 20:00:54.206722
124,approved,True,Edwards and Sons,https://dummyimage.com/819x89,0.15,"3068 Lewis Place
Riveramouth, MI 26078",Instead major guess tax night resource. Whose audience how whose yes particularly will.,(819)434-9252x532,2025-01-26 04:04:44.845521,2025-01-26 04:04:44.845521
125,approved,True,"Gill, Shaffer and Ayala",https://picsum.photos/915/13,0.13,"7402 Green Lakes
Johnshire, GA 17845","Play able wife skill money save.
Later positive include entire appear.",+1-641-820-7778,2025-04-23 07:22:12.048235,2025-04-23 07:22:12.048235
126,approved,True,Mccarthy-Meyer,https://picsum.photos/931/323,0.24,"32529 Preston Flats Suite 233
Gravesbury, MI 92406",Around responsibility me strong. Admit customer scientist design. All wind season price.,894-975-2615,2025-04-07 21:01:06.971578,2025-04-07 21:01:06.971578
127,approved,True,Ross PLC,https://placekitten.com/133/367,0.19,"00351 Mccall Trail
Barkerstad, NE 24326",Few relationship away well once recent finish. Include six yard.,(480)891-1819,2025-05-01 11:02:17.967630,2025-05-01 11:02:17.967630
128,approved,True,Bailey PLC,https://picsum.photos/648/527,0.23,"894 Amanda Court
Port Danielmouth, VT 79980",Year involve base hold hit. Go light take boy understand. Report learn sell class election alone usually official.,+1-895-534-4234x09611,2025-07-13 00:37:11.803817,2025-07-13 00:37:11.803817
129,approved,True,"Schmidt, Burnett and Anderson",https://dummyimage.com/254x259,0.18,"PSC 7729, Box 2767
APO AE 73243",Record enter station every yeah so check. Three consider stage. Role cold still question.,(248)444-6210x56446,2025-07-02 20:21:36.135461,2025-07-02 20:21:36.135461
130,approved,True,Wise-Romero,https://picsum.photos/188/186,0.22,"394 Strickland Plains
Tinahaven, DC 07968",Success religious probably score although officer program. Material summer still wear show century single some.,3243612153,2025-07-14 16:23:42.282568,2025-07-14 16:23:42.282568
131,approved,True,Roberts Ltd,https://picsum.photos/692/566,0.24,"847 Thomas Harbors
East Melinda, NC 17685","Social carry low remember often. Recently budget sit card head.
Pay religious court the dream talk see dinner.",001-770-776-8525x8769,2025-07-02 10:34:34.519124,2025-07-02 10:34:34.519124
132,approved,True,Wilson Ltd,https://picsum.photos/50/207,0.12,"94309 Robinson Canyon Suite 124
East Charlestown, NV 13585",Sort very yard address send. Soldier air art clear own know. Among in of property develop.,001-955-981-8175x004,2025-08-30 15:49:15.622790,2025-08-30 15:49:15.622790
133,approved,True,Gonzalez PLC,https://placekitten.com/25/973,0.24,"044 Caitlin Heights Apt. 179
East Amanda, MN 76812",Region politics word threat. Effort agency ever information our. Such toward dinner member.,+1-795-223-0893x7086,2025-08-18 19:31:37.500193,2025-08-18 19:31:37.500193
134,approved,True,Duncan-Friedman,https://placekitten.com/322/359,0.14,"7758 Moran Mission Apt. 994
North Allison, WY 82040",Drive newspaper area tell drug each scientist matter. They keep fill receive who west concern.,555.762.4863,2025-02-20 17:56:52.280059,2025-02-20 17:56:52.280059
135,approved,True,"Higgins, Turner and Bush",https://placekitten.com/257/656,0.1,"694 Nathan Shoals
New Sarah, SD 86537",Mind look range safe all federal. Capital ball newspaper because road her pay though. Though use religious generation.,411-305-8400x8895,2025-05-27 04:17:40.919136,2025-05-27 04:17:40.919136
