id,email,password,accepted_term_of_service,accepted_pdpa,accepted_cookie_tracking,created_at,updated_at,role
1,timothy92@example.com,Y8Mzxrf%)5,True,True,True,2025-02-08 20:35:59.903064,2025-02-08 20:35:59.903064,customer
2,leslie76@example.org,%v#5Mby!63,True,True,False,2025-05-07 18:32:31.118890,2025-05-07 18:32:31.118890,customer
3,kathleen05@example.org,2dGGhseN)q,True,True,False,2025-04-02 00:40:38.374758,2025-04-02 00:40:38.374758,customer
4,prattrachel@example.org,TD^2Q(vg&H,True,True,False,2025-04-07 14:30:32.016523,2025-04-07 14:30:32.016523,customer
5,vgill@example.org,*Pz7XJPoeV,True,True,False,2025-08-03 19:52:11.778803,2025-08-03 19:52:11.778803,customer
6,luis56@example.net,z*4+zMZvIE,True,True,True,2025-02-03 11:35:35.600343,2025-02-03 11:35:35.600343,customer
7,camposjesse@example.net,AFR30UYqD@,True,True,False,2025-03-02 06:16:07.815372,2025-03-02 06:16:07.815372,customer
8,nicholas80@example.org,@8t*A+v0XW,True,True,True,2025-01-27 00:30:06.848017,2025-01-27 00:30:06.848017,customer
9,jacobsonstephanie@example.org,_h*44Kq4OE,True,True,False,2025-02-09 07:08:26.413223,2025-02-09 07:08:26.413223,customer
10,aprilcooper@example.org,n*b)^5PuSK,True,True,False,2025-08-25 03:22:29.961455,2025-08-25 03:22:29.961455,customer
11,popemichele@example.net,D&T(GARw@8,True,True,False,2025-04-22 07:54:21.444595,2025-04-22 07:54:21.444595,customer
12,jasonschwartz@example.org,_eLKAN0+O4,True,True,False,2025-09-25 10:20:17.578944,2025-09-25 10:20:17.578944,customer
13,nharris@example.com,*f4OGX)_%#,True,True,False,2025-09-11 20:12:04.107018,2025-09-11 20:12:04.107018,customer
14,glee@example.com,)oExZmJ)6y,True,True,False,2025-07-21 15:03:27.636213,2025-07-21 15:03:27.636213,customer
15,william14@example.com,7Sh+X5Sc9Z,True,True,True,2025-02-17 15:34:40.705359,2025-02-17 15:34:40.705359,customer
16,pottschristine@example.org,*0CPk_eA1i,True,True,True,2025-08-29 06:36:22.997241,2025-08-29 06:36:22.997241,customer
17,msims@example.net,+585EqbKK%,True,True,True,2025-01-10 06:11:05.258532,2025-01-10 06:11:05.258532,customer
18,juliechristensen@example.org,nW#!%NfT(3,True,True,False,2025-05-15 23:21:32.710271,2025-05-15 23:21:32.710271,customer
19,ericmckenzie@example.org,*@9V%0LfZL,True,True,True,2025-02-28 04:01:26.246399,2025-02-28 04:01:26.246399,customer
20,howeaaron@example.org,S8HHurb(#T,True,True,False,2025-07-18 21:00:40.603748,2025-07-18 21:00:40.603748,customer
21,charles27@example.net,ZL&TY_pO$7,True,True,False,2025-08-16 04:22:26.910452,2025-08-16 04:22:26.910452,customer
22,todd74@example.com,_81SYgfK+(,True,True,False,2025-01-18 00:50:08.281771,2025-01-18 00:50:08.281771,customer
23,linchristopher@example.net,%$@8TMYm4s,True,True,True,2025-07-15 15:06:37.298393,2025-07-15 15:06:37.298393,customer
24,yhoffman@example.com,Q)1alYVv2_,True,True,False,2025-05-11 06:01:02.984059,2025-05-11 06:01:02.984059,customer
25,santiagotheresa@example.org,i_z#S0AuRW,True,True,False,2025-02-20 00:34:01.209279,2025-02-20 00:34:01.209279,customer
26,jrichardson@example.net,I+eA4O4pNC,True,True,False,2025-06-08 02:15:13.673746,2025-06-08 02:15:13.673746,customer
27,gallegosjohn@example.org,^3qIAPkjjE,True,True,False,2025-08-15 06:59:59.937456,2025-08-15 06:59:59.937456,customer
28,fmiller@example.net,*q6$4Le5HX,True,True,False,2025-10-16 20:16:58.281096,2025-10-16 20:16:58.281096,customer
29,qleonard@example.com,$WJNm%owp2,True,True,True,2025-08-22 01:53:40.737700,2025-08-22 01:53:40.737700,customer
30,garciarandall@example.org,w!^7!H5y(6,True,True,True,2025-02-23 22:05:17.999658,2025-02-23 22:05:17.999658,customer
31,angelabutler@example.net,l7fJea)B&O,True,True,False,2025-03-22 07:51:30.095389,2025-03-22 07:51:30.095389,customer
32,bradley93@example.com,)8(Mi3QsyP,True,True,False,2025-05-08 14:03:45.014258,2025-05-08 14:03:45.014258,customer
33,juliebautista@example.com,&8SO1yzFr5,True,True,True,2025-05-27 22:44:01.464226,2025-05-27 22:44:01.464226,customer
34,santospatrick@example.com,%$862DSu(i,True,True,True,2025-09-20 20:24:20.443795,2025-09-20 20:24:20.443795,customer
35,weeksaaron@example.org,(jC0xUAv%8,True,True,False,2025-04-19 23:40:58.678896,2025-04-19 23:40:58.678896,customer
36,franklinjames@example.net,moP3jMIz_a,True,True,False,2025-04-29 04:42:10.099368,2025-04-29 04:42:10.099368,customer
37,xnielsen@example.com,+*_Umk8X7!,True,True,False,2025-05-05 20:20:58.032598,2025-05-05 20:20:58.032598,customer
38,anna94@example.com,@VTj8LnHvk,True,True,True,2025-08-05 21:09:36.929493,2025-08-05 21:09:36.929493,customer
39,kennethrobinson@example.net,Uz0F#YwsT+,True,True,False,2025-07-14 17:36:57.777542,2025-07-14 17:36:57.777542,customer
40,schaeferadam@example.net,&5+&8RBX!f,True,True,True,2025-08-20 18:07:46.497547,2025-08-20 18:07:46.497547,customer
41,davidjennifer@example.org,@29Qhpawew,True,True,True,2025-05-08 04:29:53.902329,2025-05-08 04:29:53.902329,customer
42,ogreen@example.com,n&62oM5IFr,True,True,True,2025-02-07 07:40:17.989732,2025-02-07 07:40:17.989732,customer
43,rebeccamurphy@example.org,o(ox7PyePf,True,True,True,2025-11-02 02:05:39.977972,2025-11-02 02:05:39.977972,customer
44,michealshah@example.com,He#6OaIc(0,True,True,False,2025-10-11 14:30:04.938279,2025-10-11 14:30:04.938279,customer
45,zmccullough@example.org,_t2SOTms!y,True,True,False,2025-07-12 15:03:42.070362,2025-07-12 15:03:42.070362,customer
46,brownfrank@example.org,&Ms)i9Nxi1,True,True,True,2025-11-10 02:50:03.103390,2025-11-10 02:50:03.103390,customer
47,lgates@example.org,@i*h0Be%F7,True,True,True,2025-10-30 21:02:54.109048,2025-10-30 21:02:54.109048,customer
48,gdouglas@example.net,aGLZ9BqXE$,True,True,True,2025-05-21 09:07:31.395597,2025-05-21 09:07:31.395597,customer
49,howellsharon@example.org,1)@C2Q8a7m,True,True,True,2025-03-27 14:07:12.786639,2025-03-27 14:07:12.786639,customer
50,jsmith@example.net,W^Y1!wxp8D,True,True,False,2025-06-29 17:54:43.562043,2025-06-29 17:54:43.562043,customer
51,kaylahunt@example.com,%iP&iDmrO4,True,True,False,2025-06-09 13:43:07.075052,2025-06-09 13:43:07.075052,customer
52,dorseymichael@example.com,!3Fzf1jK6a,True,True,False,2025-03-29 01:37:53.475337,2025-03-29 01:37:53.475337,customer
53,coxderek@example.org,u2yKmfgj)w,True,True,False,2025-06-05 17:08:08.256196,2025-06-05 17:08:08.256196,customer
54,mramirez@example.com,@iFxdLhJ7B,True,True,True,2025-01-29 08:52:49.376692,2025-01-29 08:52:49.376692,customer
55,jerrythompson@example.com,$6ATwyV9tZ,True,True,False,2025-05-13 19:29:08.221212,2025-05-13 19:29:08.221212,customer
56,katrina12@example.net,(GlUeHND^7,True,True,True,2025-09-12 12:21:08.755557,2025-09-12 12:21:08.755557,customer
57,denise15@example.net,o^95XEDg^z,True,True,True,2025-06-05 10:22:15.797553,2025-06-05 10:22:15.797553,customer
58,donaldmurphy@example.com,&wSNK^xP%2,True,True,False,2025-06-06 03:21:12.499222,2025-06-06 03:21:12.499222,customer
59,robert53@example.net,#Y0HNLIpc),True,True,True,2025-08-05 09:05:32.279438,2025-08-05 09:05:32.279438,customer
60,alexandrareid@example.org,6LDl8Sy8&D,True,True,False,2025-06-09 06:06:43.688356,2025-06-09 06:06:43.688356,customer
61,donaldhall@example.net,+rY0cdypI2,True,True,False,2025-01-13 02:52:23.304224,2025-01-13 02:52:23.304224,customer
62,justinwatson@example.com,8@3bjWAf_O,True,True,False,2025-05-10 23:55:29.442612,2025-05-10 23:55:29.442612,customer
63,cynthia66@example.org,*3QDe2piPZ,True,True,True,2025-07-04 17:05:04.855814,2025-07-04 17:05:04.855814,customer
64,joshua38@example.net,gI(YJyxP*1,True,True,False,2025-07-09 08:32:12.587417,2025-07-09 08:32:12.587417,customer
65,lisaduncan@example.org,#^1i3PhwWT,True,True,True,2025-03-23 20:17:00.196686,2025-03-23 20:17:00.196686,customer
66,alexander85@example.com,NSmU9OYh%+,True,True,True,2025-02-15 20:18:44.721828,2025-02-15 20:18:44.721828,customer
67,yhenderson@example.com,r_9kXRKvr%,True,True,False,2025-07-07 20:05:44.365624,2025-07-07 20:05:44.365624,customer
68,allisonhernandez@example.net,(Rf3HNNwr_,True,True,False,2025-10-14 01:17:51.758929,2025-10-14 01:17:51.758929,customer
69,blackjohn@example.com,h_&P(7BuYi,True,True,False,2025-07-23 04:31:01.430751,2025-07-23 04:31:01.430751,customer
70,cruzjason@example.com,XV8%2OCwgf,True,True,True,2025-04-09 21:41:27.227541,2025-04-09 21:41:27.227541,customer
71,langjennifer@example.com,U4Y%BgAj$o,True,True,True,2025-08-07 10:49:17.161107,2025-08-07 10:49:17.161107,customer
72,kyle00@example.com,$Rr5&Z5eZ(,True,True,False,2025-03-16 07:28:44.311268,2025-03-16 07:28:44.311268,customer
73,reedheather@example.com,!87DEK9sP%,True,True,False,2025-11-08 11:31:54.816236,2025-11-08 11:31:54.816236,customer
74,wnichols@example.net,)9Cg$Uhslv,True,True,False,2025-02-05 05:17:04.268759,2025-02-05 05:17:04.268759,customer
75,jamesherrera@example.com,&7tF_gBhda,True,True,True,2025-10-26 22:14:06.729158,2025-10-26 22:14:06.729158,customer
76,roselaura@example.org,HYm6Fuch^&,True,True,True,2025-09-09 11:37:11.714817,2025-09-09 11:37:11.714817,customer
77,ipeters@example.org,lgUekc0H&1,True,True,False,2025-10-13 22:33:35.130068,2025-10-13 22:33:35.130068,customer
78,gtucker@example.net,st97VniUz&,True,True,False,2025-05-23 05:15:07.367106,2025-05-23 05:15:07.367106,customer
79,morrislauren@example.org,Qr5f6XU8L+,True,True,False,2025-02-25 04:30:55.823963,2025-02-25 04:30:55.823963,customer
80,christopher76@example.com,^jaRySe3Y9,True,True,False,2025-06-01 11:54:25.169358,2025-06-01 11:54:25.169358,customer
81,sherryharvey@example.com,%FJaLCswD1,True,True,False,2025-05-25 15:58:08.215369,2025-05-25 15:58:08.215369,customer
82,kcopeland@example.net,g0IDYq@D@Q,True,True,False,2025-09-04 00:40:48.141393,2025-09-04 00:40:48.141393,customer
83,david44@example.net,+d4Hd%uQn9,True,True,False,2025-04-03 03:07:12.000923,2025-04-03 03:07:12.000923,customer
84,jennifer66@example.com,n(l2OyMS$r,True,True,True,2025-08-26 13:08:29.721007,2025-08-26 13:08:29.721007,customer
85,amber18@example.org,+n9TK*it47,True,True,False,2025-05-20 07:33:41.316645,2025-05-20 07:33:41.316645,customer
86,bobbywhite@example.com,*y1C6eQGA&,True,True,True,2025-02-24 09:18:18.174797,2025-02-24 09:18:18.174797,customer
87,yvonneallen@example.net,+8kTNCMq@8,True,True,True,2025-04-26 06:47:21.820656,2025-04-26 06:47:21.820656,customer
88,sabrina88@example.net,(AlT1BpKv9,True,True,True,2025-05-16 12:51:39.866408,2025-05-16 12:51:39.866408,customer
89,jimmybennett@example.com,bN8F6AeB0_,True,True,False,2025-09-07 17:30:05.780107,2025-09-07 17:30:05.780107,customer
90,jodipalmer@example.net,$@m#Ijfal6,True,True,False,2025-03-02 16:27:22.088351,2025-03-02 16:27:22.088351,customer
91,hbarker@example.net,x@w1QAwe%2,True,True,True,2025-05-19 05:08:05.617913,2025-05-19 05:08:05.617913,customer
92,diana52@example.com,ei4LzUGTI&,True,True,True,2025-08-09 12:58:42.037079,2025-08-09 12:58:42.037079,customer
93,gail19@example.org,83G5lUjB)_,True,True,True,2025-05-06 12:58:01.867598,2025-05-06 12:58:01.867598,customer
94,aaron53@example.com,#7zPcYF*ul,True,True,True,2025-05-16 20:54:31.304413,2025-05-16 20:54:31.304413,customer
95,hawkinskayla@example.org,F^1rsTJgeJ,True,True,True,2025-02-16 03:04:55.726244,2025-02-16 03:04:55.726244,customer
96,gomezbrendan@example.net,B9FTzJew!J,True,True,False,2025-11-10 12:50:05.578324,2025-11-10 12:50:05.578324,customer
97,stevenwebster@example.com,MS89Y@gi%y,True,True,True,2025-03-21 13:34:28.164691,2025-03-21 13:34:28.164691,customer
98,nashbreanna@example.com,PV5#RXXk^@,True,True,True,2025-02-14 18:57:13.991197,2025-02-14 18:57:13.991197,customer
99,blankenshipsamantha@example.org,)6D%T)Kaae,True,True,False,2025-10-13 16:20:10.568890,2025-10-13 16:20:10.568890,customer
100,joneskelly@example.net,D+4AQe8WbA,True,True,True,2025-06-03 08:36:17.158125,2025-06-03 08:36:17.158125,customer
101,john57@example.org,FE4H2eJ!*1,True,True,False,2025-04-15 02:51:32.335779,2025-04-15 02:51:32.335779,driver
102,tina75@example.net,O4Oj!Wzy$t,True,True,True,2025-02-08 05:16:41.121952,2025-02-08 05:16:41.121952,driver
103,christian01@example.org,+1JNqGlgnE,True,True,False,2025-01-24 00:01:19.058289,2025-01-24 00:01:19.058289,driver
104,hmorales@example.org,$B^5iKGdKV,True,True,True,2025-03-08 01:02:36.758320,2025-03-08 01:02:36.758320,driver
105,sierra14@example.org,&^FxbToYe8,True,True,False,2025-04-15 02:47:29.165758,2025-04-15 02:47:29.165758,driver
106,gatesdouglas@example.com,&rPFvqK$u1,True,True,True,2025-10-14 14:53:10.073967,2025-10-14 14:53:10.073967,driver
107,butlertodd@example.net,zB0qm$EqZ),True,True,True,2025-03-31 07:05:10.380754,2025-03-31 07:05:10.380754,driver
108,sarah87@example.org,7q4Wo8zJ_9,True,True,False,2025-09-03 22:12:05.358175,2025-09-03 22:12:05.358175,driver
109,spencerlisa@example.com,)shJzUZJ90,True,True,True,2025-08-11 02:30:36.229398,2025-08-11 02:30:36.229398,driver
110,brucevelasquez@example.net,l)*eF1DpeL,True,True,True,2025-08-14 20:41:25.071840,2025-08-14 20:41:25.071840,driver
111,umorton@example.net,1f9!ugMS#M,True,True,False,2025-03-21 04:46:50.226228,2025-03-21 04:46:50.226228,driver
112,natashagarza@example.net,0!#1bTirq0,True,True,True,2025-11-04 14:27:44.564171,2025-11-04 14:27:44.564171,driver
113,tiffanyortega@example.com,(UQsUi1Hk9,True,True,False,2025-08-13 11:38:13.689871,2025-08-13 11:38:13.689871,driver
114,sjohnson@example.com,A_1Lh^ujg8,True,True,False,2025-05-03 16:15:00.108153,2025-05-03 16:15:00.108153,driver
115,sabrinaflynn@example.com,&r5CaP@4_r,True,True,False,2025-08-24 16:30:05.825315,2025-08-24 16:30:05.825315,driver
116,karitravis@example.com,v9SsEgKm*P,True,True,True,2025-08-29 07:57:43.044753,2025-08-29 07:57:43.044753,driver
117,wayne82@example.net,P#BUmfVw$3,True,True,False,2025-01-02 14:08:28.528853,2025-01-02 14:08:28.528853,driver
118,agarcia@example.org,(&JWGaP+V9,True,True,False,2025-04-01 03:32:25.235967,2025-04-01 03:32:25.235967,driver
119,jeffrey97@example.net,&116d*HmJS,True,True,False,2025-08-12 01:46:40.485389,2025-08-12 01:46:40.485389,driver
120,jrussell@example.com,gV$3Q0Rr71,True,True,False,2025-11-02 09:11:54.191419,2025-11-02 09:11:54.191419,driver
121,smithangela@example.com,(y1XNmgx27,True,True,False,2025-03-07 04:03:13.680046,2025-03-07 04:03:13.680046,restaurant
122,jjimenez@example.net,%q2Kzjc@P0,True,True,False,2025-09-20 21:13:40.682808,2025-09-20 21:13:40.682808,restaurant
123,roconnell@example.com,i+o@eS5#_9,True,True,True,2025-03-05 20:00:54.206722,2025-03-05 20:00:54.206722,restaurant
124,piercemichael@example.org,#RenSApvC3,True,True,False,2025-01-26 04:04:44.845521,2025-01-26 04:04:44.845521,restaurant
125,barbara39@example.com,5$L7DwYqz^,True,True,False,2025-04-23 07:22:12.048235,2025-04-23 07:22:12.048235,restaurant
126,brandon83@example.org,$+p3GLy@+*,True,True,True,2025-04-07 21:01:06.971578,2025-04-07 21:01:06.971578,restaurant
127,robertsmith@example.com,KJLP#2Adr%,True,True,False,2025-05-01 11:02:17.967630,2025-05-01 11:02:17.967630,restaurant
128,joshualang@example.com,Dbfo9CqW%w,True,True,True,2025-07-13 00:37:11.803817,2025-07-13 00:37:11.803817,restaurant
129,tanderson@example.org,4!M2Tgsplg,True,True,False,2025-07-02 20:21:36.135461,2025-07-02 20:21:36.135461,restaurant
130,williamsbrittany@example.net,5r5@E7l7b%,True,True,False,2025-07-14 16:23:42.282568,2025-07-14 16:23:42.282568,restaurant
131,clifford77@example.com,*0#b0eYh)K,True,True,True,2025-07-02 10:34:34.519124,2025-07-02 10:34:34.519124,restaurant
132,brookewilson@example.com,_)0KPcPx0p,True,True,False,2025-08-30 15:49:15.622790,2025-08-30 15:49:15.622790,restaurant
133,amber35@example.org,#FESVLtu%6,True,True,True,2025-08-18 19:31:37.500193,2025-08-18 19:31:37.500193,restaurant
134,marissascott@example.org,g6EgTcnu)5,True,True,False,2025-02-20 17:56:52.280059,2025-02-20 17:56:52.280059,restaurant
135,erickelly@example.org,x(3Au%dQCL,True,True,True,2025-05-27 04:17:40.919136,2025-05-27 04:17:40.919136,restaurant
136,bmorris@example.org,V5c5FlcJ%*,True,True,False,2025-06-08 10:29:49.854520,2025-06-08 10:29:49.854520,admin
137,tiffany58@example.net,i32RLW9t&b,True,True,False,2025-05-24 08:50:18.931461,2025-05-24 08:50:18.931461,admin
138,hunterfoster@example.org,xg0IkvbrN),True,True,False,2025-08-17 03:38:11.228157,2025-08-17 03:38:11.228157,admin
