id,customer_id,location_id,address,created_at,updated_at
1,1,1,"356 Michael Branch
West Phillipmouth, LA 38828",2025-07-11 13:41:15.078731,2025-07-11 13:41:15.078731
2,2,2,"6632 Jacqueline Squares Suite 028
West Susan, TN 59328",2025-10-01 23:00:54.952046,2025-10-01 23:00:54.952046
3,2,3,"0191 Rhonda Knoll Apt. 143
Saraville, MD 21567",2025-10-01 23:00:54.952046,2025-10-01 23:00:54.952046
4,2,4,"Unit 6618 Box 7040
DPO AE 72623",2025-10-01 23:00:54.952046,2025-10-01 23:00:54.952046
5,3,5,"42449 Hamilton Estate Suite 882
West Claudiaton, VI 09567",2025-10-25 19:17:16.748342,2025-10-25 19:17:16.748342
6,3,6,"19991 Ross Brooks Suite 397
Ariasside, IL 18618",2025-10-25 19:17:16.748342,2025-10-25 19:17:16.748342
7,3,7,"Unit 9609 Box 4220
DPO AP 89321",2025-10-25 19:17:16.748342,2025-10-25 19:17:16.748342
8,4,8,"4932 Clark Extensions
West Jackshire, TX 78148",2025-07-14 13:13:13.811597,2025-07-14 13:13:13.811597
9,5,9,"98023 Myers Road
East Kevin, MI 43776",2025-06-03 09:12:11.972023,2025-06-03 09:12:11.972023
10,6,10,"954 Ramos Turnpike Apt. 463
South Lindsey, MA 21098",2025-07-18 08:17:53.794940,2025-07-18 08:17:53.794940
11,7,11,"102 Bowman Manor Apt. 726
North Brandon, KS 73603",2025-07-01 23:38:15.589397,2025-07-01 23:38:15.589397
12,7,12,"369 Robert Grove
West Scottborough, AL 40761",2025-07-01 23:38:15.589397,2025-07-01 23:38:15.589397
13,7,13,"829 Roberto Canyon
South Michael, DE 54425",2025-07-01 23:38:15.589397,2025-07-01 23:38:15.589397
14,8,14,"606 Mitchell Common
Floresbury, NJ 17253",2025-09-11 14:11:51.925766,2025-09-11 14:11:51.925766
15,8,15,"3135 Hernandez Vista Suite 796
South Kellystad, SD 64307",2025-09-11 14:11:51.925766,2025-09-11 14:11:51.925766
16,8,16,"11078 Edward Ways
West Natalie, VA 20370",2025-09-11 14:11:51.925766,2025-09-11 14:11:51.925766
17,9,17,"532 Lawrence Hill Apt. 212
Scottberg, MH 15914",2025-07-03 01:12:42.398836,2025-07-03 01:12:42.398836
18,9,18,"657 Bradley View
Christopherton, AS 78698",2025-07-03 01:12:42.398836,2025-07-03 01:12:42.398836
19,10,19,"228 Edgar Vista Apt. 650
Elizabethfort, PR 26493",2025-10-24 17:13:25.917354,2025-10-24 17:13:25.917354
20,10,20,"86605 Lauren Square
Barbaramouth, NJ 05595",2025-10-24 17:13:25.917354,2025-10-24 17:13:25.917354
21,10,21,"09187 Davis Ways
New Eric, MO 73575",2025-10-24 17:13:25.917354,2025-10-24 17:13:25.917354
22,11,22,"1220 Jessica Junctions
North Roberto, OR 71376",2025-10-22 21:39:11.810262,2025-10-22 21:39:11.810262
23,11,23,"31173 Alexander Way Apt. 722
Martinmouth, CO 94464",2025-10-22 21:39:11.810262,2025-10-22 21:39:11.810262
24,12,24,"65487 Stacie Squares Suite 010
Vickihaven, NM 77188",2025-11-13 20:31:06.513297,2025-11-13 20:31:06.513297
25,13,25,"283 Allen Village
Sanchezview, CO 22142",2025-07-18 16:08:45.775197,2025-07-18 16:08:45.775197
26,13,26,"82270 Bobby Oval Suite 012
North Rodney, WY 08051",2025-07-18 16:08:45.775197,2025-07-18 16:08:45.775197
27,13,27,"21608 Sanchez Viaduct
North Jenniferbury, MN 94203",2025-07-18 16:08:45.775197,2025-07-18 16:08:45.775197
28,14,28,"20803 Elaine Pine
Ivanside, AK 26932",2025-09-08 03:51:54.527578,2025-09-08 03:51:54.527578
29,15,29,"91916 Heidi Forks
Thompsonchester, ME 58225",2025-10-16 13:51:12.027569,2025-10-16 13:51:12.027569
30,15,30,"68100 Mark Route
Port Anthony, KY 17822",2025-10-16 13:51:12.027569,2025-10-16 13:51:12.027569
31,15,31,"1169 Evans Trafficway
Port Monicaview, AK 64187",2025-10-16 13:51:12.027569,2025-10-16 13:51:12.027569
32,16,32,"20539 Tina Plains
North Ashleyfort, NC 03124",2025-07-14 12:23:25.504726,2025-07-14 12:23:25.504726
33,17,33,"675 Fleming Unions Suite 188
Jacksonside, IN 82529",2025-05-29 22:56:05.394676,2025-05-29 22:56:05.394676
34,17,34,"673 Williams Wall Suite 637
Jenniferton, DC 05902",2025-05-29 22:56:05.394676,2025-05-29 22:56:05.394676
35,18,35,"51583 Jon Shores Suite 314
Lake Matthew, ME 29927",2025-07-28 16:24:44.150057,2025-07-28 16:24:44.150057
36,18,36,"USNV Perkins
FPO AE 24412",2025-07-28 16:24:44.150057,2025-07-28 16:24:44.150057
37,18,37,"1497 Santos Plaza Apt. 320
East Michael, OK 08133",2025-07-28 16:24:44.150057,2025-07-28 16:24:44.150057
38,19,38,"770 Higgins Glen Suite 558
Dalebury, MO 12851",2025-11-12 19:59:15.255921,2025-11-12 19:59:15.255921
39,19,39,"PSC 3077, Box 5765
APO AE 86794",2025-11-12 19:59:15.255921,2025-11-12 19:59:15.255921
40,20,40,"454 Heidi Key
Gutierrezchester, MT 23434",2025-10-09 03:09:07.575788,2025-10-09 03:09:07.575788
41,21,41,"300 Allen Drive Apt. 522
Kevinshire, HI 44548",2025-11-11 19:10:42.107217,2025-11-11 19:10:42.107217
42,22,42,"22032 Geoffrey Fort
New Gregoryview, ME 74687",2025-09-17 20:55:55.886100,2025-09-17 20:55:55.886100
43,22,43,"889 Rodriguez Track Suite 195
New Erik, NE 57202",2025-09-17 20:55:55.886100,2025-09-17 20:55:55.886100
44,23,44,"052 Cowan Union
Riverabury, PA 29465",2025-05-31 22:17:36.101599,2025-05-31 22:17:36.101599
45,24,45,"50571 Richardson Villages Suite 010
Sarahfort, MN 75827",2025-07-16 03:48:54.881333,2025-07-16 03:48:54.881333
46,24,46,"75813 Mooney Land Apt. 140
Dawntown, AL 33428",2025-07-16 03:48:54.881333,2025-07-16 03:48:54.881333
47,24,47,"56135 Phillips Springs Apt. 753
Chadburgh, MO 07498",2025-07-16 03:48:54.881333,2025-07-16 03:48:54.881333
48,25,48,"41678 Mckinney Spurs
Dustinhaven, SD 79462",2025-09-26 10:15:16.225145,2025-09-26 10:15:16.225145
49,25,49,"55344 Perez Centers
Garciafort, NY 30168",2025-09-26 10:15:16.225145,2025-09-26 10:15:16.225145
50,26,50,"66748 Smith Trail
New Matthew, NM 02036",2025-08-27 08:32:33.310194,2025-08-27 08:32:33.310194
51,27,51,"775 Katie Rue
Port Hannah, MT 81378",2025-05-19 15:52:04.747838,2025-05-19 15:52:04.747838
52,28,52,"982 Jerry Ports Apt. 749
Port Jamie, MP 80283",2025-09-25 15:11:56.996567,2025-09-25 15:11:56.996567
53,28,53,"248 Clark Station
Kaitlynfurt, PA 99142",2025-09-25 15:11:56.996567,2025-09-25 15:11:56.996567
54,28,54,"6352 Robert Well Apt. 529
Campbellville, IN 24292",2025-09-25 15:11:56.996567,2025-09-25 15:11:56.996567
55,29,55,"94859 Chambers Parks Suite 182
Crystalport, ME 74202",2025-08-13 11:38:28.658437,2025-08-13 11:38:28.658437
56,30,56,"35866 Gomez Manors Suite 524
South Williamfort, TX 37165",2025-09-02 22:29:14.396574,2025-09-02 22:29:14.396574
57,31,57,"43360 Jones Row Suite 766
North Tiffany, SC 61486",2025-11-04 12:24:51.163143,2025-11-04 12:24:51.163143
58,31,58,"17125 Mary Flat
Port Josephbury, OH 17772",2025-11-04 12:24:51.163143,2025-11-04 12:24:51.163143
59,31,59,"USNV Peterson
FPO AE 86701",2025-11-04 12:24:51.163143,2025-11-04 12:24:51.163143
60,32,60,"698 Fisher Falls
Nancyshire, PW 82596",2025-09-06 14:41:23.130444,2025-09-06 14:41:23.130444
61,33,61,"5516 Beltran Falls
South Kellyport, ID 12299",2025-10-17 04:09:21.111044,2025-10-17 04:09:21.111044
62,34,62,"202 James Port
Hurstville, TN 67685",2025-09-20 17:31:52.351807,2025-09-20 17:31:52.351807
63,35,63,"3457 Judith Ranch Apt. 785
West Michaelbury, VA 13084",2025-07-01 06:44:36.373120,2025-07-01 06:44:36.373120
64,35,64,"13682 Kelly Islands
West Jamesfurt, KY 99353",2025-07-01 06:44:36.373120,2025-07-01 06:44:36.373120
65,36,65,"5171 Ward Brook Suite 827
West Denise, MT 24202",2025-07-04 22:45:21.838141,2025-07-04 22:45:21.838141
66,36,66,"917 Armstrong Plaza Apt. 593
South Debbieburgh, DE 58575",2025-07-04 22:45:21.838141,2025-07-04 22:45:21.838141
67,37,67,"6559 Greer Summit Apt. 751
South Kristopher, MT 22030",2025-06-30 05:56:06.817201,2025-06-30 05:56:06.817201
68,37,68,"983 Gregory Village Suite 555
Abbottport, MS 80047",2025-06-30 05:56:06.817201,2025-06-30 05:56:06.817201
69,37,69,"6899 Maria Orchard
Brandonbury, PW 28336",2025-06-30 05:56:06.817201,2025-06-30 05:56:06.817201
70,38,70,"44806 Tara Cove Suite 330
Port Logan, WA 02037",2025-10-25 04:18:04.706869,2025-10-25 04:18:04.706869
71,39,71,"6818 Rogers Ways
East Angela, OK 16425",2025-07-26 10:10:26.656392,2025-07-26 10:10:26.656392
72,40,72,"708 Park Falls
Bradyside, DE 08511",2025-11-13 03:50:23.519975,2025-11-13 03:50:23.519975
73,41,73,"002 William Court
Adamsborough, NY 26599",2025-10-22 07:57:32.143076,2025-10-22 07:57:32.143076
74,41,74,"6776 Beasley Square Apt. 159
South Robinfort, UT 85686",2025-10-22 07:57:32.143076,2025-10-22 07:57:32.143076
75,42,75,"4819 Castillo Hills Apt. 354
Port Katie, MA 80915",2025-05-30 15:49:39.565527,2025-05-30 15:49:39.565527
76,42,76,"851 Jennifer Garden
South Christopherland, OK 72287",2025-05-30 15:49:39.565527,2025-05-30 15:49:39.565527
77,43,77,"Unit 0543 Box 4570
DPO AA 38262",2025-06-28 10:35:33.011998,2025-06-28 10:35:33.011998
78,43,78,"569 Lauren Forest
Kimport, NJ 60149",2025-06-28 10:35:33.011998,2025-06-28 10:35:33.011998
79,44,79,"788 Garner Inlet Apt. 844
West Nicole, SC 99391",2025-06-18 01:30:49.501746,2025-06-18 01:30:49.501746
80,44,80,"3750 Logan Highway
Briannamouth, NC 79260",2025-06-18 01:30:49.501746,2025-06-18 01:30:49.501746
81,45,81,"483 Hamilton Track Suite 907
Watsonberg, MS 39934",2025-09-08 05:04:52.032089,2025-09-08 05:04:52.032089
82,45,82,"2691 Atkinson Mall Apt. 734
Port Michaelside, OR 44294",2025-09-08 05:04:52.032089,2025-09-08 05:04:52.032089
83,46,83,"966 Brooks Key Suite 688
Lake Matthew, KY 55122",2025-08-15 02:05:02.907619,2025-08-15 02:05:02.907619
84,47,84,"Unit 5962 Box 0090
DPO AP 36181",2025-06-22 23:05:40.660786,2025-06-22 23:05:40.660786
85,48,85,"1845 Clinton Overpass
North Nicholas, TN 60662",2025-11-04 16:26:04.394926,2025-11-04 16:26:04.394926
86,49,86,"05425 Danielle Alley
Lake Benjaminchester, OR 04549",2025-11-09 05:05:46.268827,2025-11-09 05:05:46.268827
87,49,87,"12663 Sarah Path
Emilytown, AS 96198",2025-11-09 05:05:46.268827,2025-11-09 05:05:46.268827
88,49,88,"937 Miller Extensions Apt. 950
Stephaniestad, TN 79712",2025-11-09 05:05:46.268827,2025-11-09 05:05:46.268827
89,50,89,"2837 Thompson Garden Suite 204
Wilsonberg, AK 11957",2025-11-14 19:05:09.507396,2025-11-14 19:05:09.507396
90,51,90,"8969 Williamson Burg Suite 462
Travistown, IN 92444",2025-07-14 12:42:47.442912,2025-07-14 12:42:47.442912
91,52,91,"795 Carolyn Route
Harrisborough, GU 30663",2025-10-03 22:51:34.693119,2025-10-03 22:51:34.693119
92,53,92,"539 Christine Street Apt. 949
Garcialand, NC 10425",2025-08-17 09:16:18.698669,2025-08-17 09:16:18.698669
93,53,93,"08961 Jessica Springs Suite 453
South Tina, NE 96028",2025-08-17 09:16:18.698669,2025-08-17 09:16:18.698669
94,54,94,"099 Michael Pass
Edgarmouth, IN 02083",2025-06-07 21:07:43.062019,2025-06-07 21:07:43.062019
95,54,95,"6549 Young Corners
Port Melvin, LA 55043",2025-06-07 21:07:43.062019,2025-06-07 21:07:43.062019
96,55,96,"0054 Allen Vista
West Brianna, IA 88379",2025-06-07 03:47:21.291696,2025-06-07 03:47:21.291696
97,56,97,"653 Henderson Trafficway
West Ashley, RI 04677",2025-09-13 15:23:26.969065,2025-09-13 15:23:26.969065
98,56,98,"110 Tony Knolls Suite 465
Davidborough, ND 85663",2025-09-13 15:23:26.969065,2025-09-13 15:23:26.969065
99,56,99,"83624 Davis Circle Apt. 912
Aliciaport, VT 79695",2025-09-13 15:23:26.969065,2025-09-13 15:23:26.969065
100,57,100,"2033 Lori Walks Apt. 803
North Selenatown, LA 24481",2025-05-25 17:36:29.545508,2025-05-25 17:36:29.545508
101,57,101,"56995 Hahn Park Apt. 957
South Sharonmouth, DE 18531",2025-05-25 17:36:29.545508,2025-05-25 17:36:29.545508
102,58,102,"490 Joy Stream Apt. 380
Coxborough, HI 06854",2025-10-08 01:17:22.401781,2025-10-08 01:17:22.401781
103,58,103,"935 Santana Locks Apt. 190
Hendersonhaven, VI 76304",2025-10-08 01:17:22.401781,2025-10-08 01:17:22.401781
104,59,104,"009 Rodriguez Squares
Alexanderstad, MI 20086",2025-11-04 07:24:50.993365,2025-11-04 07:24:50.993365
105,59,105,"397 Jackson Club Apt. 842
West John, WV 94122",2025-11-04 07:24:50.993365,2025-11-04 07:24:50.993365
106,60,106,"515 Cox Harbors
Port Dana, AZ 24572",2025-10-21 11:28:24.153572,2025-10-21 11:28:24.153572
107,61,107,"014 Andrew Glens
Garyshire, TN 98088",2025-09-24 17:23:18.980616,2025-09-24 17:23:18.980616
108,61,108,"500 Harvey Stravenue
Sandovalborough, MT 21196",2025-09-24 17:23:18.980616,2025-09-24 17:23:18.980616
109,62,109,"953 Bruce Mall
East Joseph, LA 03917",2025-09-25 07:34:55.893904,2025-09-25 07:34:55.893904
110,62,110,"2569 Roth Plain
Jaymouth, VI 28964",2025-09-25 07:34:55.893904,2025-09-25 07:34:55.893904
111,63,111,"5331 Diane Stravenue
Walshbury, MA 27520",2025-07-17 13:57:01.707199,2025-07-17 13:57:01.707199
112,63,112,"PSC 9996, Box 6235
APO AA 43406",2025-07-17 13:57:01.707199,2025-07-17 13:57:01.707199
113,63,113,"067 Robin Court Apt. 874
South Davidhaven, FL 36884",2025-07-17 13:57:01.707199,2025-07-17 13:57:01.707199
114,64,114,"PSC 2109, Box 8208
APO AE 38983",2025-06-08 16:47:10.575449,2025-06-08 16:47:10.575449
115,64,115,"7626 Marissa Pine
West Todd, TX 89551",2025-06-08 16:47:10.575449,2025-06-08 16:47:10.575449
116,64,116,"5323 Perez River
Greenton, AL 38476",2025-06-08 16:47:10.575449,2025-06-08 16:47:10.575449
117,65,117,"771 Kristin Crescent
East Christopher, DC 96218",2025-08-19 20:50:21.995597,2025-08-19 20:50:21.995597
118,65,118,"2955 Ford Summit
Donaldtown, OK 99503",2025-08-19 20:50:21.995597,2025-08-19 20:50:21.995597
119,65,119,"47989 Lynch Haven
West Danielchester, PR 24467",2025-08-19 20:50:21.995597,2025-08-19 20:50:21.995597
120,66,120,"217 Andrew Unions Suite 868
Port Katrinashire, MS 31029",2025-07-20 19:13:42.866660,2025-07-20 19:13:42.866660
121,66,121,"9297 Wilson Prairie
Jamesborough, CO 62009",2025-07-20 19:13:42.866660,2025-07-20 19:13:42.866660
122,66,122,"06816 Taylor Street
North Robert, WV 34256",2025-07-20 19:13:42.866660,2025-07-20 19:13:42.866660
123,67,123,"USCGC Barton
FPO AA 12150",2025-09-25 03:25:05.422027,2025-09-25 03:25:05.422027
124,67,124,"9844 Michele Oval Suite 416
Coxland, IN 19190",2025-09-25 03:25:05.422027,2025-09-25 03:25:05.422027
125,67,125,"362 Pierce Lights
Port Laurastad, MS 95244",2025-09-25 03:25:05.422027,2025-09-25 03:25:05.422027
126,68,126,"043 Brandon Parkway
Morenofurt, NV 66845",2025-07-21 16:10:14.303787,2025-07-21 16:10:14.303787
127,69,127,"63206 Nicole Coves Apt. 390
Juliaberg, OK 40022",2025-07-27 00:41:26.000782,2025-07-27 00:41:26.000782
128,69,128,"93227 Mary Ford Suite 599
West Brianstad, UT 99809",2025-07-27 00:41:26.000782,2025-07-27 00:41:26.000782
129,70,129,"551 Walker Lock
West Brittneymouth, GA 28909",2025-09-06 13:47:41.174683,2025-09-06 13:47:41.174683
130,70,130,"7337 Timothy Grove
Lopeztown, DE 16168",2025-09-06 13:47:41.174683,2025-09-06 13:47:41.174683
131,70,131,"690 Renee Mission Suite 431
New Elijahhaven, SC 74563",2025-09-06 13:47:41.174683,2025-09-06 13:47:41.174683
132,71,132,"39962 Mary Mall Suite 215
Cookeburgh, NC 87755",2025-06-28 05:36:41.645926,2025-06-28 05:36:41.645926
133,71,133,"26047 John Burgs Suite 934
Lake David, MO 26233",2025-06-28 05:36:41.645926,2025-06-28 05:36:41.645926
134,71,134,"3468 Robert Turnpike
Sarahton, GU 87845",2025-06-28 05:36:41.645926,2025-06-28 05:36:41.645926
135,72,135,"4946 Booth Crescent
Port Anthonyton, NM 32872",2025-06-30 15:52:59.717490,2025-06-30 15:52:59.717490
136,72,136,"9708 Santiago Club
South Stacychester, GA 36350",2025-06-30 15:52:59.717490,2025-06-30 15:52:59.717490
137,72,137,"7612 Brown Tunnel Apt. 063
East Ginachester, LA 33615",2025-06-30 15:52:59.717490,2025-06-30 15:52:59.717490
138,73,138,"1870 Miller Groves
Lake Danielle, PA 45002",2025-10-30 10:14:22.167581,2025-10-30 10:14:22.167581
139,73,139,"396 Gerald Meadows
West Debra, MN 73672",2025-10-30 10:14:22.167581,2025-10-30 10:14:22.167581
140,74,140,"PSC 8650, Box 6836
APO AA 14972",2025-09-13 02:05:30.529412,2025-09-13 02:05:30.529412
141,75,141,"6608 Barnes Bypass
New Adam, OH 86069",2025-06-30 22:26:55.665541,2025-06-30 22:26:55.665541
142,76,142,"0818 Gregory Island
Clarencestad, WI 52015",2025-10-07 12:07:01.705844,2025-10-07 12:07:01.705844
143,77,143,"8031 Watson Manor
East Taylor, SD 60475",2025-09-24 17:55:41.846309,2025-09-24 17:55:41.846309
144,77,144,"38247 Rodriguez Fork
East Michaelburgh, WV 96871",2025-09-24 17:55:41.846309,2025-09-24 17:55:41.846309
145,78,145,"487 Carpenter Islands
East Rebeccaland, IA 31168",2025-05-22 09:36:31.435239,2025-05-22 09:36:31.435239
146,78,146,"3610 Breanna Stream Suite 772
Stanleymouth, MS 56555",2025-05-22 09:36:31.435239,2025-05-22 09:36:31.435239
147,79,147,"USCGC Smith
FPO AE 98950",2025-10-20 23:39:54.206299,2025-10-20 23:39:54.206299
148,79,148,"8021 Jessica Terrace Apt. 488
Port Patrick, AZ 38473",2025-10-20 23:39:54.206299,2025-10-20 23:39:54.206299
149,80,149,"2795 Christopher Courts
Ericmouth, AZ 66803",2025-07-30 06:33:25.332150,2025-07-30 06:33:25.332150
150,80,150,"48678 Johns Expressway Suite 458
Shannonstad, PA 41309",2025-07-30 06:33:25.332150,2025-07-30 06:33:25.332150
151,80,151,"471 Olson Skyway
Lake Willie, WY 14937",2025-07-30 06:33:25.332150,2025-07-30 06:33:25.332150
