id,firstname,lastname,default_location_id,image,tel,created_at,updated_at,allergy
1,Phillip,Reynolds,1,https://dummyimage.com/569x447,5294518785,2025-07-11 13:41:15.078731,2025-07-11 13:41:15.078731,{}
2,Deborah,Dougherty,2,https://placekitten.com/674/216,001-518-524-0618x45519,2025-10-01 23:00:54.952046,2025-10-01 23:00:54.952046,{}
3,David,Warren,5,https://picsum.photos/662/890,6106646443,2025-10-25 19:17:16.748342,2025-10-25 19:17:16.748342,{fish}
4,Jesse,Wolf,8,https://dummyimage.com/408x664,(801)280-8781,2025-07-14 13:13:13.811597,2025-07-14 13:13:13.811597,"{dairy,wheat,eggs}"
5,Tyler,Mora,9,https://picsum.photos/673/52,(304)505-9107,2025-06-03 09:12:11.972023,2025-06-03 09:12:11.972023,"{eggs,seafood}"
6,Robert,Graves,10,https://placekitten.com/383/755,3307535468,2025-07-18 08:17:53.794940,2025-07-18 08:17:53.794940,"{soy,eggs}"
7,Linda,Aguilar,11,https://dummyimage.com/257x180,583-469-5723x27866,2025-07-01 23:38:15.589397,2025-07-01 23:38:15.589397,"{shellfish,soy}"
8,Lynn,Mcclure,14,https://placekitten.com/145/850,+1-707-274-5990x276,2025-09-11 14:11:51.925766,2025-09-11 14:11:51.925766,{}
9,Elizabeth,Wagner,17,https://dummyimage.com/15x613,001-380-428-5719x659,2025-07-03 01:12:42.398836,2025-07-03 01:12:42.398836,{peanuts}
10,Jason,Lewis,19,https://placekitten.com/695/929,001-203-325-1552x96155,2025-10-24 17:13:25.917354,2025-10-24 17:13:25.917354,"{dairy,eggs}"
11,Michelle,Johnson,22,https://picsum.photos/785/67,001-296-969-2332,2025-10-22 21:39:11.810262,2025-10-22 21:39:11.810262,{seafood}
12,Kaylee,Yu,24,https://picsum.photos/766/440,(244)489-0867x952,2025-11-13 20:31:06.513297,2025-11-13 20:31:06.513297,{}
13,Daniel,Johnson,25,https://picsum.photos/575/832,786.750.7722,2025-07-18 16:08:45.775197,2025-07-18 16:08:45.775197,"{peanuts,dairy}"
14,Leslie,Friedman,28,https://dummyimage.com/972x312,(730)293-9748,2025-09-08 03:51:54.527578,2025-09-08 03:51:54.527578,{eggs}
15,Cynthia,White,29,https://dummyimage.com/531x747,6512325765,2025-10-16 13:51:12.027569,2025-10-16 13:51:12.027569,"{shellfish,tree_nuts}"
16,Jessica,Hernandez,32,https://picsum.photos/742/32,464.700.0844x605,2025-07-14 12:23:25.504726,2025-07-14 12:23:25.504726,"{peanuts,gluten,shellfish}"
17,Tyler,Bates,33,https://placekitten.com/768/260,889.946.6231x7839,2025-05-29 22:56:05.394676,2025-05-29 22:56:05.394676,{}
18,Nicole,Cannon,35,https://picsum.photos/96/283,6532651346,2025-07-28 16:24:44.150057,2025-07-28 16:24:44.150057,{}
19,Roger,Santiago,38,https://picsum.photos/857/923,(378)476-0515x98527,2025-11-12 19:59:15.255921,2025-11-12 19:59:15.255921,"{soy,peanuts}"
20,Richard,Blake,40,https://dummyimage.com/475x454,402.290.3106x48351,2025-10-09 03:09:07.575788,2025-10-09 03:09:07.575788,{fish}
21,Aaron,Morris,41,https://placekitten.com/469/832,+1-755-776-1206,2025-11-11 19:10:42.107217,2025-11-11 19:10:42.107217,{soy}
22,Charles,Gomez,42,https://placekitten.com/150/871,+1-560-857-6003,2025-09-17 20:55:55.886100,2025-09-17 20:55:55.886100,"{gluten,peanuts,soy}"
23,Maria,Harris,44,https://dummyimage.com/496x938,+1-965-503-0547x103,2025-05-31 22:17:36.101599,2025-05-31 22:17:36.101599,{}
24,Russell,Anderson,45,https://dummyimage.com/192x518,3767978880,2025-07-16 03:48:54.881333,2025-07-16 03:48:54.881333,"{fish,seafood,eggs}"
25,Larry,Foster,48,https://dummyimage.com/224x544,(681)420-4203x9404,2025-09-26 10:15:16.225145,2025-09-26 10:15:16.225145,"{tree_nuts,soy}"
26,Daniel,Howard,50,https://dummyimage.com/962x609,(372)848-7450x23946,2025-08-27 08:32:33.310194,2025-08-27 08:32:33.310194,"{gluten,fish}"
27,Thomas,Torres,51,https://picsum.photos/939/694,001-211-338-8297x592,2025-05-19 15:52:04.747838,2025-05-19 15:52:04.747838,{}
28,David,Young,52,https://placekitten.com/163/357,+1-782-653-9060x278,2025-09-25 15:11:56.996567,2025-09-25 15:11:56.996567,{}
29,Matthew,Wade,55,https://picsum.photos/43/194,001-497-573-2214x9849,2025-08-13 11:38:28.658437,2025-08-13 11:38:28.658437,{fish}
30,Scott,Macias,56,https://placekitten.com/837/962,+1-926-334-4623x56468,2025-09-02 22:29:14.396574,2025-09-02 22:29:14.396574,{}
31,Nicole,Vazquez,57,https://picsum.photos/303/986,435-952-9477x13629,2025-11-04 12:24:51.163143,2025-11-04 12:24:51.163143,{}
32,Bryan,Moore,60,https://dummyimage.com/966x238,001-505-230-6729,2025-09-06 14:41:23.130444,2025-09-06 14:41:23.130444,"{peanuts,dairy}"
33,Donald,Grant,61,https://dummyimage.com/396x967,(281)397-2774x9125,2025-10-17 04:09:21.111044,2025-10-17 04:09:21.111044,{tree_nuts}
34,Steven,Abbott,62,https://picsum.photos/3/967,2778318960,2025-09-20 17:31:52.351807,2025-09-20 17:31:52.351807,{}
35,Sheena,Ellison,63,https://dummyimage.com/819x914,312-611-6099x8704,2025-07-01 06:44:36.373120,2025-07-01 06:44:36.373120,{tree_nuts}
36,Daniel,White,65,https://picsum.photos/589/355,4167181402,2025-07-04 22:45:21.838141,2025-07-04 22:45:21.838141,"{gluten,tree_nuts,eggs}"
37,Julie,Underwood,67,https://dummyimage.com/355x888,+1-741-624-4309x1782,2025-06-30 05:56:06.817201,2025-06-30 05:56:06.817201,"{dairy,gluten}"
38,Cody,Gilmore,70,https://picsum.photos/999/811,001-356-884-5462x8502,2025-10-25 04:18:04.706869,2025-10-25 04:18:04.706869,{}
39,John,Robertson,71,https://dummyimage.com/939x79,+1-918-370-2513x705,2025-07-26 10:10:26.656392,2025-07-26 10:10:26.656392,{}
40,Robert,Smith,72,https://dummyimage.com/705x632,513-831-5427,2025-11-13 03:50:23.519975,2025-11-13 03:50:23.519975,{tree_nuts}
41,Scott,Landry,73,https://placekitten.com/96/611,398-946-7525,2025-10-22 07:57:32.143076,2025-10-22 07:57:32.143076,{}
42,Rhonda,Smith,75,https://picsum.photos/548/1003,+1-803-509-9574x0834,2025-05-30 15:49:39.565527,2025-05-30 15:49:39.565527,{eggs}
43,Sheri,Mason,77,https://placekitten.com/1011/353,(730)222-6718x93783,2025-06-28 10:35:33.011998,2025-06-28 10:35:33.011998,"{soy,peanuts,gluten}"
44,Jennifer,Kennedy,79,https://picsum.photos/522/365,347-982-2732x72746,2025-06-18 01:30:49.501746,2025-06-18 01:30:49.501746,{fish}
45,Justin,Coleman,81,https://dummyimage.com/241x233,(616)385-5912,2025-09-08 05:04:52.032089,2025-09-08 05:04:52.032089,{soy}
46,Jennifer,Ramsey,83,https://dummyimage.com/753x506,572.464.4308,2025-08-15 02:05:02.907619,2025-08-15 02:05:02.907619,"{shellfish,fish}"
47,Melissa,Owens,84,https://picsum.photos/305/89,001-230-218-9497x183,2025-06-22 23:05:40.660786,2025-06-22 23:05:40.660786,{}
48,Regina,Benson,85,https://picsum.photos/837/376,001-678-435-6777x7835,2025-11-04 16:26:04.394926,2025-11-04 16:26:04.394926,{soy}
49,David,Donaldson,86,https://placekitten.com/96/853,(447)829-1870x804,2025-11-09 05:05:46.268827,2025-11-09 05:05:46.268827,{}
50,Patrick,Sutton,89,https://picsum.photos/326/646,265.988.7987x482,2025-11-14 19:05:09.507396,2025-11-14 19:05:09.507396,{eggs}
51,Pamela,Barber,90,https://dummyimage.com/233x795,851.674.6614,2025-07-14 12:42:47.442912,2025-07-14 12:42:47.442912,{}
52,Joseph,Taylor,91,https://placekitten.com/465/381,+1-846-253-4121x9165,2025-10-03 22:51:34.693119,2025-10-03 22:51:34.693119,"{shellfish,fish}"
53,Henry,Tanner,92,https://dummyimage.com/652x701,460-821-1859x87455,2025-08-17 09:16:18.698669,2025-08-17 09:16:18.698669,{}
54,Rebecca,Thomas,94,https://dummyimage.com/572x751,259-339-6416x87567,2025-06-07 21:07:43.062019,2025-06-07 21:07:43.062019,{}
55,Charles,Cummings,96,https://placekitten.com/1024/571,358.381.3066,2025-06-07 03:47:21.291696,2025-06-07 03:47:21.291696,{tree_nuts}
56,David,Davis,97,https://placekitten.com/251/723,(558)349-2561x818,2025-09-13 15:23:26.969065,2025-09-13 15:23:26.969065,"{dairy,eggs,seafood}"
57,Donna,Calderon,100,https://picsum.photos/975/126,(479)642-6855x5778,2025-05-25 17:36:29.545508,2025-05-25 17:36:29.545508,"{dairy,shellfish,wheat}"
58,Rebecca,Schwartz,102,https://picsum.photos/286/99,001-268-211-9823,2025-10-08 01:17:22.401781,2025-10-08 01:17:22.401781,"{soy,eggs,peanuts}"
59,Jonathan,Jackson,104,https://dummyimage.com/593x155,896.866.0391x04958,2025-11-04 07:24:50.993365,2025-11-04 07:24:50.993365,"{gluten,peanuts}"
60,David,Mitchell,106,https://picsum.photos/362/37,(804)879-8392x971,2025-10-21 11:28:24.153572,2025-10-21 11:28:24.153572,{}
61,Alexander,Huff,107,https://picsum.photos/240/499,001-651-456-3994x4838,2025-09-24 17:23:18.980616,2025-09-24 17:23:18.980616,{}
62,Julian,Chandler,109,https://placekitten.com/833/764,001-921-233-5995,2025-09-25 07:34:55.893904,2025-09-25 07:34:55.893904,"{gluten,fish,dairy}"
63,Jason,Francis,111,https://placekitten.com/880/568,+1-868-758-3394,2025-07-17 13:57:01.707199,2025-07-17 13:57:01.707199,{}
64,Jessica,Martin,114,https://dummyimage.com/1000x530,001-241-962-1278x05396,2025-06-08 16:47:10.575449,2025-06-08 16:47:10.575449,"{tree_nuts,eggs}"
65,Samantha,Williams,117,https://placekitten.com/719/243,+1-355-513-4444x92433,2025-08-19 20:50:21.995597,2025-08-19 20:50:21.995597,"{seafood,eggs,tree_nuts}"
66,Alyssa,Johnson,120,https://picsum.photos/535/442,260-923-8833x8550,2025-07-20 19:13:42.866660,2025-07-20 19:13:42.866660,{tree_nuts}
67,Tasha,Smith,123,https://placekitten.com/852/361,769-745-2893x28051,2025-09-25 03:25:05.422027,2025-09-25 03:25:05.422027,"{seafood,peanuts,eggs}"
68,Larry,Richardson,126,https://dummyimage.com/315x668,+1-856-432-9195,2025-07-21 16:10:14.303787,2025-07-21 16:10:14.303787,{dairy}
69,Morgan,Thomas,127,https://dummyimage.com/432x672,993-898-7059x0663,2025-07-27 00:41:26.000782,2025-07-27 00:41:26.000782,"{shellfish,peanuts,wheat}"
70,Lindsey,Jimenez,129,https://picsum.photos/9/4,(895)773-9100,2025-09-06 13:47:41.174683,2025-09-06 13:47:41.174683,"{tree_nuts,dairy,seafood}"
71,Jeffery,Roberts,132,https://picsum.photos/496/119,(275)373-3020x91541,2025-06-28 05:36:41.645926,2025-06-28 05:36:41.645926,{seafood}
72,Cindy,Bryant,135,https://placekitten.com/360/859,283.853.9158,2025-06-30 15:52:59.717490,2025-06-30 15:52:59.717490,{wheat}
73,Mary,Perez,138,https://placekitten.com/430/993,695.672.3966,2025-10-30 10:14:22.167581,2025-10-30 10:14:22.167581,"{seafood,wheat,fish}"
74,Laurie,Bray,140,https://placekitten.com/18/299,(344)846-7423x7010,2025-09-13 02:05:30.529412,2025-09-13 02:05:30.529412,"{dairy,eggs,wheat}"
75,William,Green,141,https://picsum.photos/137/885,600.381.8250x2967,2025-06-30 22:26:55.665541,2025-06-30 22:26:55.665541,{}
76,Joseph,Leonard,142,https://dummyimage.com/237x958,+1-808-649-5000x5790,2025-10-07 12:07:01.705844,2025-10-07 12:07:01.705844,{dairy}
77,Stephanie,Allen,143,https://placekitten.com/468/576,+1-600-533-7515x726,2025-09-24 17:55:41.846309,2025-09-24 17:55:41.846309,"{gluten,dairy,tree_nuts}"
78,Zachary,Miller,145,https://dummyimage.com/598x842,(217)909-4648x3157,2025-05-22 09:36:31.435239,2025-05-22 09:36:31.435239,"{gluten,soy,eggs}"
79,Wayne,Richardson,147,https://dummyimage.com/155x91,+1-644-620-4121x10420,2025-10-20 23:39:54.206299,2025-10-20 23:39:54.206299,"{dairy,eggs,tree_nuts}"
80,Stephanie,Wilson,149,https://dummyimage.com/958x944,4745262743,2025-07-30 06:33:25.332150,2025-07-30 06:33:25.332150,"{seafood,wheat,shellfish}"
