id,restaurant_id,name,allergy,price,detail,image,is_out_of_stock,created_at,updated_at
1,106,Enhanced needs-based framework,{dairy},12.57,Yeah movement management free sister blood food. President popular increase response case really.,https://dummyimage.com/14x731,False,2025-07-14 00:55:36.661247,2025-07-14 00:55:36.661247
2,106,Networked exuding moderator,"{peanuts,dairy}",15.37,Manage human note. Skin control reflect when bank simple surface six.,https://dummyimage.com/1017x412,False,2025-07-14 00:55:36.661247,2025-07-14 00:55:36.661247
3,106,Right-sized exuding analyzer,"{gluten,fish}",9.43,Behind rate full kid some group. Soon dream her house. Against rise decade each.,https://picsum.photos/437/778,True,2025-07-14 00:55:36.661247,2025-07-14 00:55:36.661247
4,106,Customer-focused composite middleware,{},24.37,Conference leave message far western account need. Quality growth foreign or.,https://picsum.photos/169/240,False,2025-07-14 00:55:36.661247,2025-07-14 00:55:36.661247
5,106,Customer-focused coherent knowledgebase,{wheat},8.59,Describe lot inside cause. Right last everybody son. Early director address.,https://dummyimage.com/774x219,True,2025-07-14 00:55:36.661247,2025-07-14 00:55:36.661247
6,106,Upgradable contextually-based hardware,"{wheat,shellfish}",20.42,Character already avoid some need share. Beautiful process within people. Firm right produce.,https://dummyimage.com/983x866,False,2025-07-14 00:55:36.661247,2025-07-14 00:55:36.661247
7,106,Re-contextualized uniform initiative,{},13.84,State last parent interesting. Attention cultural despite around seat early law. Wait step behind.,https://dummyimage.com/131x434,False,2025-07-14 00:55:36.661247,2025-07-14 00:55:36.661247
8,106,Persistent optimal algorithm,{},33.77,Room example over computer oil size. Alone eye least poor break.,https://picsum.photos/197/29,False,2025-07-14 00:55:36.661247,2025-07-14 00:55:36.661247
9,106,Advanced zero tolerance time-frame,{},25.2,"Bit nothing hear bad key need. Exactly feeling action either everybody.
Old pick physical stage.",https://picsum.photos/384/894,False,2025-07-14 00:55:36.661247,2025-07-14 00:55:36.661247
10,106,Synergized secondary concept,{seafood},33.39,Reduce officer on. Decision traditional field run human.,https://dummyimage.com/177x538,False,2025-07-14 00:55:36.661247,2025-07-14 00:55:36.661247
11,106,Innovative zero administration core,{},39.79,Stage foot approach key doctor both develop. Notice area as religious example citizen bank.,https://picsum.photos/137/288,True,2025-07-14 00:55:36.661247,2025-07-14 00:55:36.661247
12,106,Self-enabling 6thgeneration leverage,"{shellfish,dairy,tree_nuts}",20.77,"Him pull goal join.
Debate example from claim deal. Find section author collection.",https://dummyimage.com/778x20,False,2025-07-14 00:55:36.661247,2025-07-14 00:55:36.661247
13,106,Managed systemic capacity,"{eggs,gluten,peanuts}",38.17,Choice receive quickly while message try check. Such site range suggest simply.,https://dummyimage.com/335x1020,False,2025-07-14 00:55:36.661247,2025-07-14 00:55:36.661247
14,106,Multi-channeled upward-trending analyzer,{eggs},28.11,Both knowledge cell call. Bar question bank in bit water. Pattern write here everyone organization.,https://placekitten.com/209/1015,False,2025-07-14 00:55:36.661247,2025-07-14 00:55:36.661247
15,106,Enterprise-wide tertiary challenge,{fish},7.63,Party imagine production instead firm describe style. Pay onto tend until.,https://picsum.photos/545/718,True,2025-07-14 00:55:36.661247,2025-07-14 00:55:36.661247
16,106,Devolved intermediate infrastructure,"{shellfish,wheat,eggs}",6.14,"Book medical surface worker occur class party.
Suffer lose perform. Now determine across Democrat.",https://placekitten.com/471/381,False,2025-07-14 00:55:36.661247,2025-07-14 00:55:36.661247
17,106,Object-based encompassing capacity,"{wheat,peanuts}",29.06,Often director billion address decide outside room window. History support party.,https://dummyimage.com/17x854,False,2025-07-14 00:55:36.661247,2025-07-14 00:55:36.661247
18,106,Switchable high-level function,{tree_nuts},9.02,Step I enter security soon. Base teacher dinner figure board protect. Why he whether the Mrs so.,https://dummyimage.com/341x5,False,2025-07-14 00:55:36.661247,2025-07-14 00:55:36.661247
19,107,Progressive interactive hub,{},10.81,Product husband win right. Could word down much.,https://placekitten.com/80/500,False,2025-07-01 05:26:32.020775,2025-07-01 05:26:32.020775
20,107,Synchronized next generation product,"{wheat,peanuts}",21.4,News situation million fine product nor. Age husband know summer beyond.,https://picsum.photos/985/635,False,2025-07-01 05:26:32.020775,2025-07-01 05:26:32.020775
21,107,Decentralized local array,"{eggs,fish,wheat}",20.32,Purpose inside focus project can south agent. Easy discover increase ground leg yard security.,https://picsum.photos/335/12,False,2025-07-01 05:26:32.020775,2025-07-01 05:26:32.020775
22,107,Cross-platform multi-tasking productivity,"{soy,eggs,gluten}",8.2,Goal read care responsibility family son. These me social professor consumer simply beyond.,https://dummyimage.com/706x691,False,2025-07-01 05:26:32.020775,2025-07-01 05:26:32.020775
23,107,Reactive transitional moderator,{},39.99,Style all hear none way top. Establish include experience scientist. Board within letter.,https://placekitten.com/842/1007,False,2025-07-01 05:26:32.020775,2025-07-01 05:26:32.020775
24,107,Front-line foreground infrastructure,"{shellfish,gluten}",31.71,Turn fill oil rule rather campaign. Message top whom see ball.,https://dummyimage.com/694x362,False,2025-07-01 05:26:32.020775,2025-07-01 05:26:32.020775
25,107,Secured maximized moratorium,"{eggs,seafood,tree_nuts}",27.22,Official above matter true body space prove audience. Agency run trouble with call plan science.,https://picsum.photos/263/69,False,2025-07-01 05:26:32.020775,2025-07-01 05:26:32.020775
26,107,Multi-layered client-driven interface,{},21.45,Thus outside seek serve listen. Big method next.,https://dummyimage.com/737x494,False,2025-07-01 05:26:32.020775,2025-07-01 05:26:32.020775
27,107,Intuitive composite budgetary management,"{peanuts,seafood}",16.54,Relationship until experience blood. Could although environment magazine position.,https://picsum.photos/112/886,False,2025-07-01 05:26:32.020775,2025-07-01 05:26:32.020775
28,107,Total disintermediate attitude,"{tree_nuts,fish}",6.28,Both option create nation worker daughter. Realize stay all. Strategy fly to just teach.,https://picsum.photos/911/923,True,2025-07-01 05:26:32.020775,2025-07-01 05:26:32.020775
29,107,Reduced client-server database,"{soy,peanuts}",38.96,National describe hold nor wrong eight. City ability rest beat financial.,https://placekitten.com/776/175,False,2025-07-01 05:26:32.020775,2025-07-01 05:26:32.020775
30,108,Ameliorated 5thgeneration policy,{fish},17.66,Attorney general skill agreement. Military town amount expect.,https://placekitten.com/179/799,False,2025-07-06 01:54:33.766083,2025-07-06 01:54:33.766083
31,108,Compatible bandwidth-monitored parallelism,"{gluten,dairy,eggs}",24.22,Score letter son money. Response citizen prove. Help firm relate guy record part.,https://placekitten.com/781/723,False,2025-07-06 01:54:33.766083,2025-07-06 01:54:33.766083
32,108,Front-line fault-tolerant concept,"{wheat,peanuts,gluten}",39.06,Bit modern cultural north cut. Still control three world. Phone young near approach citizen blood.,https://picsum.photos/867/590,False,2025-07-06 01:54:33.766083,2025-07-06 01:54:33.766083
33,108,Cross-platform mobile forecast,{seafood},15.88,Citizen pass day page. Friend career particular interesting democratic six.,https://picsum.photos/647/65,True,2025-07-06 01:54:33.766083,2025-07-06 01:54:33.766083
34,108,Balanced static hub,"{peanuts,dairy,shellfish}",21.15,Hair recent to. Realize fast to sure not health.,https://picsum.photos/250/49,True,2025-07-06 01:54:33.766083,2025-07-06 01:54:33.766083
35,108,User-centric multi-tasking model,{wheat},37.64,Sometimes author name policy part later.,https://dummyimage.com/791x856,False,2025-07-06 01:54:33.766083,2025-07-06 01:54:33.766083
36,108,Monitored optimal circuit,"{tree_nuts,wheat}",39.31,Approach above decision statement pretty west medical. Leave force wear seven close likely few add.,https://dummyimage.com/880x940,False,2025-07-06 01:54:33.766083,2025-07-06 01:54:33.766083
37,108,Monitored analyzing website,{tree_nuts},11.67,Identify if red wide action man final. Stage positive early hotel form.,https://picsum.photos/121/1014,False,2025-07-06 01:54:33.766083,2025-07-06 01:54:33.766083
38,108,Decentralized 24/7 orchestration,{peanuts},14.67,Arm unit local old. Step security center sea. Away mission send full white.,https://placekitten.com/367/641,False,2025-07-06 01:54:33.766083,2025-07-06 01:54:33.766083
39,108,Re-contextualized motivating protocol,"{soy,fish,eggs}",33.72,Future son article mention might. Dinner today beyond. Purpose very trial thousand three focus lot.,https://picsum.photos/377/848,False,2025-07-06 01:54:33.766083,2025-07-06 01:54:33.766083
40,109,Cloned scalable benchmark,"{soy,shellfish,tree_nuts}",20.94,Enjoy notice dog. Alone thousand indicate second history try trip.,https://placekitten.com/231/907,False,2025-06-14 07:00:42.336730,2025-06-14 07:00:42.336730
41,109,Diverse bi-directional implementation,{dairy},25.01,Significant several buy with visit such rest. Fight on knowledge story full weight.,https://picsum.photos/200/313,False,2025-06-14 07:00:42.336730,2025-06-14 07:00:42.336730
42,109,Enhanced multimedia challenge,"{gluten,soy,wheat}",29.68,Street only amount year smile compare media clearly. Exist standard clearly.,https://picsum.photos/129/21,False,2025-06-14 07:00:42.336730,2025-06-14 07:00:42.336730
43,109,Mandatory national hardware,"{seafood,wheat,gluten}",9.42,Break if short check. Address carry through can.,https://picsum.photos/372/510,False,2025-06-14 07:00:42.336730,2025-06-14 07:00:42.336730
44,109,Switchable optimal budgetary management,"{peanuts,wheat}",8.49,Design team mean together region.,https://placekitten.com/673/31,False,2025-06-14 07:00:42.336730,2025-06-14 07:00:42.336730
45,109,Adaptive radical software,{},30.29,Reach according whether shake. Collection plan main issue bill mother. Take identify form office.,https://picsum.photos/328/754,False,2025-06-14 07:00:42.336730,2025-06-14 07:00:42.336730
46,109,Exclusive zero administration workforce,{peanuts},21.43,Require trade growth brother thousand her. Player too into space citizen offer first.,https://dummyimage.com/241x144,False,2025-06-14 07:00:42.336730,2025-06-14 07:00:42.336730
47,109,User-centric disintermediate algorithm,"{shellfish,tree_nuts}",27.74,Film throughout energy pattern understand some memory.,https://placekitten.com/17/930,False,2025-06-14 07:00:42.336730,2025-06-14 07:00:42.336730
48,109,Triple-buffered context-sensitive emulation,"{soy,wheat,gluten}",26.61,Thank provide term catch writer seek performance. Drive thus allow need scientist win.,https://picsum.photos/401/372,False,2025-06-14 07:00:42.336730,2025-06-14 07:00:42.336730
49,109,Open-source secondary customer loyalty,"{dairy,peanuts}",20.19,Customer not story nation less voice several land. Fund ever another begin best.,https://dummyimage.com/202x371,True,2025-06-14 07:00:42.336730,2025-06-14 07:00:42.336730
50,109,Phased responsive middleware,{},20.53,Ability just short similar man story practice. Them position identify just.,https://placekitten.com/225/322,False,2025-06-14 07:00:42.336730,2025-06-14 07:00:42.336730
51,109,Down-sized client-server functionalities,{},6.61,Camera hand allow feeling central add. Show current Congress often health Republican.,https://picsum.photos/8/116,False,2025-06-14 07:00:42.336730,2025-06-14 07:00:42.336730
52,109,Phased systemic encoding,"{soy,shellfish}",20.07,Course happen others agree next prepare help.,https://picsum.photos/638/659,False,2025-06-14 07:00:42.336730,2025-06-14 07:00:42.336730
53,109,Re-engineered object-oriented attitude,"{shellfish,seafood,fish}",11.13,Stock sense perform ago me. Firm report fall all term. Through artist check common.,https://picsum.photos/662/673,False,2025-06-14 07:00:42.336730,2025-06-14 07:00:42.336730
54,109,Programmable national installation,"{shellfish,dairy,wheat}",36.95,Other party media much huge yes. Moment natural soldier difference support.,https://placekitten.com/669/318,True,2025-06-14 07:00:42.336730,2025-06-14 07:00:42.336730
55,109,Phased upward-trending projection,"{eggs,wheat,shellfish}",28.34,Movie civil write suddenly authority above. Door each hot interesting table seem item and.,https://dummyimage.com/66x656,False,2025-06-14 07:00:42.336730,2025-06-14 07:00:42.336730
56,109,Monitored tangible help-desk,"{eggs,fish,seafood}",7.59,Already sometimes student gun learn off. Stay nice watch stay happen why.,https://placekitten.com/952/1024,False,2025-06-14 07:00:42.336730,2025-06-14 07:00:42.336730
57,109,User-friendly transitional implementation,"{tree_nuts,eggs}",20.99,First dark trade most write good explain this. Indicate city learn machine direction art.,https://picsum.photos/827/368,False,2025-06-14 07:00:42.336730,2025-06-14 07:00:42.336730
58,110,User-centric grid-enabled initiative,"{gluten,tree_nuts}",14.61,Fear radio indicate painting. Everything write pattern cost choice democratic.,https://picsum.photos/74/401,False,2025-09-29 20:39:09.951368,2025-09-29 20:39:09.951368
59,110,Team-oriented hybrid product,{},36.87,Suffer purpose democratic pick operation say through. Tax future boy serve reach.,https://dummyimage.com/347x425,False,2025-09-29 20:39:09.951368,2025-09-29 20:39:09.951368
60,110,Vision-oriented high-level projection,"{dairy,soy}",12.67,Another feel marriage change. Risk week southern officer campaign necessary player.,https://dummyimage.com/762x523,False,2025-09-29 20:39:09.951368,2025-09-29 20:39:09.951368
61,110,Fully-configurable zero-defect project,"{seafood,peanuts}",36.62,True central paper. Camera again style drug often board. Today one poor sea assume others many.,https://dummyimage.com/714x205,False,2025-09-29 20:39:09.951368,2025-09-29 20:39:09.951368
62,110,Compatible multi-state circuit,"{wheat,gluten}",25.29,Public all budget wife arm close. Into rich street moment action college hair. Child food low.,https://dummyimage.com/248x515,False,2025-09-29 20:39:09.951368,2025-09-29 20:39:09.951368
63,110,Multi-channeled zero tolerance support,{},36.84,"Paper certain change.
Skill region man. Need at share laugh field avoid.",https://placekitten.com/297/499,False,2025-09-29 20:39:09.951368,2025-09-29 20:39:09.951368
64,110,Managed coherent function,"{seafood,dairy,shellfish}",32.53,Meet available able technology. Cover reflect activity much discuss education.,https://picsum.photos/781/895,False,2025-09-29 20:39:09.951368,2025-09-29 20:39:09.951368
65,110,Persevering impactful toolset,"{fish,shellfish}",36.97,Be each collection American treatment trip official. Machine yeah dream sport thousand.,https://dummyimage.com/503x184,False,2025-09-29 20:39:09.951368,2025-09-29 20:39:09.951368
66,110,Re-contextualized tangible website,"{wheat,eggs}",31.13,Also trip science can stay.,https://placekitten.com/1015/126,False,2025-09-29 20:39:09.951368,2025-09-29 20:39:09.951368
67,110,Devolved transitional capability,{},21.39,Talk whose music physical all how remember party. Pretty him natural answer receive training.,https://picsum.photos/421/454,True,2025-09-29 20:39:09.951368,2025-09-29 20:39:09.951368
68,110,Seamless maximized attitude,{tree_nuts},38.85,Suggest herself environmental draw manager agency but.,https://dummyimage.com/730x318,False,2025-09-29 20:39:09.951368,2025-09-29 20:39:09.951368
69,110,Devolved mission-critical infrastructure,"{peanuts,tree_nuts}",5.49,Management focus town similar head half dark third. Garden interest hold result.,https://picsum.photos/827/833,False,2025-09-29 20:39:09.951368,2025-09-29 20:39:09.951368
70,110,Organic global solution,"{soy,eggs,tree_nuts}",33.78,Meeting purpose involve sign. Receive within else daughter his interesting serious everything.,https://picsum.photos/829/934,False,2025-09-29 20:39:09.951368,2025-09-29 20:39:09.951368
71,110,Advanced dedicated project,{},28.62,Little part again wrong than. Right range test growth enjoy.,https://picsum.photos/348/544,False,2025-09-29 20:39:09.951368,2025-09-29 20:39:09.951368
72,111,Universal client-server database,"{peanuts,seafood,gluten}",38.12,More house rich. Spend entire enough whatever save news girl.,https://picsum.photos/870/929,False,2025-05-29 00:35:14.100977,2025-05-29 00:35:14.100977
73,111,Pre-emptive cohesive matrix,"{peanuts,shellfish,dairy}",36.05,Size real trouble by modern. Bad this get environment example just up. Total every lead.,https://picsum.photos/406/1004,True,2025-05-29 00:35:14.100977,2025-05-29 00:35:14.100977
74,111,Quality-focused systemic capacity,"{soy,fish,tree_nuts}",25.56,Story itself from series leader push. Need six after recognize meet.,https://dummyimage.com/756x329,False,2025-05-29 00:35:14.100977,2025-05-29 00:35:14.100977
75,111,Organized fresh-thinking system engine,"{peanuts,wheat,tree_nuts}",37.87,Role situation number above physical strong. Serve view push important next prove.,https://picsum.photos/780/781,False,2025-05-29 00:35:14.100977,2025-05-29 00:35:14.100977
76,111,Enhanced multi-state flexibility,"{dairy,wheat}",20.56,Soldier white because air bag. Significant center two machine let moment.,https://picsum.photos/751/865,False,2025-05-29 00:35:14.100977,2025-05-29 00:35:14.100977
77,111,Re-contextualized bandwidth-monitored utilization,"{peanuts,soy}",24.06,Exactly produce smile age.,https://dummyimage.com/143x466,False,2025-05-29 00:35:14.100977,2025-05-29 00:35:14.100977
78,111,Inverse responsive budgetary management,"{gluten,tree_nuts}",14.66,Right kid friend bad poor. Just understand claim degree conference.,https://picsum.photos/363/264,False,2025-05-29 00:35:14.100977,2025-05-29 00:35:14.100977
79,111,Enhanced mission-critical time-frame,"{peanuts,dairy,gluten}",6.77,Race side certainly. One hospital follow court inside. Think either current management the talk.,https://placekitten.com/289/75,False,2025-05-29 00:35:14.100977,2025-05-29 00:35:14.100977
80,111,Optional hybrid archive,{shellfish},12.18,Many some former beautiful reflect. Various success response do new. At old all thus.,https://placekitten.com/958/435,False,2025-05-29 00:35:14.100977,2025-05-29 00:35:14.100977
81,111,Implemented optimal encoding,{shellfish},12.56,Plan away later community. Moment finally road these.,https://placekitten.com/346/68,False,2025-05-29 00:35:14.100977,2025-05-29 00:35:14.100977
82,111,Public-key content-based service-desk,"{seafood,gluten}",14.7,Chance enough effect. Blood state who until month peace. Draw window among human.,https://picsum.photos/519/1010,False,2025-05-29 00:35:14.100977,2025-05-29 00:35:14.100977
83,111,Expanded composite migration,{fish},13.77,Whose out reduce herself no brother more. Election positive water figure available break win add.,https://dummyimage.com/1011x378,False,2025-05-29 00:35:14.100977,2025-05-29 00:35:14.100977
84,111,Decentralized upward-trending frame,{},9.61,Head player individual various buy edge. Able school almost fact follow son front.,https://dummyimage.com/157x479,False,2025-05-29 00:35:14.100977,2025-05-29 00:35:14.100977
85,111,Ergonomic systematic solution,{shellfish},16.33,Health memory and voice everybody rather matter. Central everything day fish if.,https://picsum.photos/825/968,False,2025-05-29 00:35:14.100977,2025-05-29 00:35:14.100977
86,112,Devolved user-facing hub,{},31.1,Letter especially yeah save despite effect. Third president camera partner there between personal.,https://dummyimage.com/995x187,False,2025-06-11 09:02:21.968313,2025-06-11 09:02:21.968313
87,112,Digitized transitional open system,"{fish,peanuts}",20.82,Power believe national over. Interview how use same side affect. Day city guy firm.,https://picsum.photos/842/488,False,2025-06-11 09:02:21.968313,2025-06-11 09:02:21.968313
88,112,Right-sized 24/7 archive,{},30.45,Environmental worry star model for item.,https://placekitten.com/729/294,False,2025-06-11 09:02:21.968313,2025-06-11 09:02:21.968313
89,112,Reverse-engineered contextually-based initiative,"{wheat,gluten}",7.13,Hundred agree first center stage easy. Kitchen run yet view.,https://picsum.photos/321/695,False,2025-06-11 09:02:21.968313,2025-06-11 09:02:21.968313
90,112,Face-to-face zero-defect definition,"{tree_nuts,peanuts,wheat}",29.93,Eight white all. Today reduce civil much read memory.,https://placekitten.com/516/710,False,2025-06-11 09:02:21.968313,2025-06-11 09:02:21.968313
91,112,Sharable heuristic Graphical User Interface,{},16.27,One soldier general fly minute seek chance. Night should treat result group century worker create.,https://picsum.photos/131/856,True,2025-06-11 09:02:21.968313,2025-06-11 09:02:21.968313
92,112,Visionary national implementation,{eggs},26.85,Realize accept person every let practice. Specific name effort. Student whatever family happen a.,https://dummyimage.com/107x520,False,2025-06-11 09:02:21.968313,2025-06-11 09:02:21.968313
93,112,Grass-roots system-worthy analyzer,"{tree_nuts,fish}",15.32,Pass full break marriage often city myself.,https://picsum.photos/806/227,False,2025-06-11 09:02:21.968313,2025-06-11 09:02:21.968313
94,112,Object-based responsive architecture,"{peanuts,shellfish,dairy}",20.05,List off quickly. Song win like card cut money. Movie difference traditional pay purpose including.,https://dummyimage.com/70x992,False,2025-06-11 09:02:21.968313,2025-06-11 09:02:21.968313
95,112,Profit-focused upward-trending benchmark,"{soy,wheat,tree_nuts}",19.56,Time field human miss rule hand yard. Speech whole deal land wonder imagine.,https://dummyimage.com/809x521,True,2025-06-11 09:02:21.968313,2025-06-11 09:02:21.968313
96,112,Focused eco-centric contingency,"{soy,eggs,shellfish}",38.38,"Imagine experience key.
Economy believe spend. Something focus market newspaper million.",https://dummyimage.com/828x144,False,2025-06-11 09:02:21.968313,2025-06-11 09:02:21.968313
97,112,Optional directional capacity,"{peanuts,shellfish,fish}",8.26,Step claim north long. Blue subject throw method go Republican.,https://placekitten.com/268/457,True,2025-06-11 09:02:21.968313,2025-06-11 09:02:21.968313
98,112,Synchronized systemic capacity,"{seafood,fish}",7.1,Nice part fly address between. Provide indeed compare maybe. Clear reflect among be character.,https://dummyimage.com/93x760,False,2025-06-11 09:02:21.968313,2025-06-11 09:02:21.968313
99,112,Networked user-facing groupware,"{peanuts,tree_nuts}",17.38,"Really population Mrs. Morning charge represent argue kind.
Money shake it number computer.",https://placekitten.com/381/655,False,2025-06-11 09:02:21.968313,2025-06-11 09:02:21.968313
100,112,Ergonomic well-modulated forecast,"{gluten,eggs,fish}",17.31,Out I lose who player herself chance really. Space discover network in significant.,https://dummyimage.com/17x920,False,2025-06-11 09:02:21.968313,2025-06-11 09:02:21.968313
101,112,Realigned cohesive project,{seafood},27.99,Than raise begin business leg create. Actually seat book receive throughout spend issue.,https://placekitten.com/8/634,False,2025-06-11 09:02:21.968313,2025-06-11 09:02:21.968313
102,113,Networked bifurcated encoding,"{peanuts,eggs}",25.09,Manage reason up factor tax trade join. Rich economic feel.,https://placekitten.com/586/522,False,2025-10-14 16:43:59.184391,2025-10-14 16:43:59.184391
103,113,Synergistic uniform flexibility,{},26.31,Kitchen newspaper happy we case different little. Level half defense ground represent network.,https://placekitten.com/867/652,False,2025-10-14 16:43:59.184391,2025-10-14 16:43:59.184391
104,113,Right-sized transitional success,"{gluten,seafood}",14.56,Nothing color size already bar. Loss along not practice large like base.,https://placekitten.com/168/225,False,2025-10-14 16:43:59.184391,2025-10-14 16:43:59.184391
105,113,Persevering attitude-oriented firmware,"{soy,gluten}",11.35,Yes artist certainly. Standard try door officer.,https://placekitten.com/970/826,True,2025-10-14 16:43:59.184391,2025-10-14 16:43:59.184391
106,113,Enterprise-wide mobile ability,"{peanuts,seafood,gluten}",8.21,Test director important dark. Talk simply coach can. Off analysis son day.,https://picsum.photos/178/87,False,2025-10-14 16:43:59.184391,2025-10-14 16:43:59.184391
107,113,Ergonomic hybrid middleware,"{tree_nuts,wheat,soy}",10.51,War coach begin marriage in to. Plant plan kitchen hear end election.,https://dummyimage.com/741x990,False,2025-10-14 16:43:59.184391,2025-10-14 16:43:59.184391
108,113,Distributed radical toolset,"{shellfish,peanuts}",35.92,Old only skill simply level despite finish. You down even similar can able owner.,https://dummyimage.com/912x219,False,2025-10-14 16:43:59.184391,2025-10-14 16:43:59.184391
109,113,Polarized contextually-based analyzer,{},28.59,Instead alone doctor class issue season.,https://placekitten.com/697/387,False,2025-10-14 16:43:59.184391,2025-10-14 16:43:59.184391
110,113,Exclusive directional budgetary management,"{wheat,shellfish,tree_nuts}",14.56,Clear a and professor attention site. Certainly rock break. Power down want big indicate ago soon.,https://picsum.photos/720/687,False,2025-10-14 16:43:59.184391,2025-10-14 16:43:59.184391
111,113,Self-enabling dedicated task-force,{},17.08,Sport deal teacher truth. Ball home happen result.,https://placekitten.com/898/601,True,2025-10-14 16:43:59.184391,2025-10-14 16:43:59.184391
112,113,Reverse-engineered local artificial intelligence,"{fish,eggs,gluten}",12.72,Party worker speech picture. Significant bring conference likely.,https://placekitten.com/317/990,False,2025-10-14 16:43:59.184391,2025-10-14 16:43:59.184391
113,113,Managed heuristic parallelism,{},5.27,Against strategy behavior. Model decide type behavior.,https://placekitten.com/45/878,False,2025-10-14 16:43:59.184391,2025-10-14 16:43:59.184391
114,113,Profound systemic success,{seafood},31.75,Realize beat old sing party. Expert finally teacher some throw another eye. Per lead ability a.,https://picsum.photos/897/271,False,2025-10-14 16:43:59.184391,2025-10-14 16:43:59.184391
115,113,Up-sized asynchronous challenge,{},5.27,Friend side Congress spring give. Attack suggest quality smile not beautiful paper movie.,https://picsum.photos/77/426,False,2025-10-14 16:43:59.184391,2025-10-14 16:43:59.184391
116,113,Configurable asymmetric capability,{seafood},18.31,Program throughout food hand staff. Break tend language arm which compare exist report.,https://dummyimage.com/1004x691,False,2025-10-14 16:43:59.184391,2025-10-14 16:43:59.184391
117,113,Adaptive content-based help-desk,"{peanuts,tree_nuts}",35.16,Bring type modern tonight magazine. Grow ahead own wonder movement.,https://dummyimage.com/523x64,True,2025-10-14 16:43:59.184391,2025-10-14 16:43:59.184391
118,113,Digitized grid-enabled array,{},21.09,Piece price concern speak business know single. House hand land yourself medical at.,https://dummyimage.com/113x800,True,2025-10-14 16:43:59.184391,2025-10-14 16:43:59.184391
119,113,Operative mission-critical frame,"{shellfish,tree_nuts}",25.07,Wind rate store child cup. Here certainly simple want energy. Worker answer hospital.,https://dummyimage.com/388x1009,False,2025-10-14 16:43:59.184391,2025-10-14 16:43:59.184391
120,114,Customizable global product,"{soy,peanuts,tree_nuts}",34.56,Them fight determine play work research every.,https://placekitten.com/187/447,False,2025-09-22 00:20:39.284220,2025-09-22 00:20:39.284220
121,114,Horizontal cohesive architecture,"{fish,peanuts,tree_nuts}",35.47,Space them play hour. Probably during lawyer executive true provide. Strong wall animal the move.,https://picsum.photos/708/982,False,2025-09-22 00:20:39.284220,2025-09-22 00:20:39.284220
122,114,Enhanced 6thgeneration model,{soy},32.27,Return their return yes baby eat.,https://dummyimage.com/191x924,True,2025-09-22 00:20:39.284220,2025-09-22 00:20:39.284220
123,114,Devolved foreground info-mediaries,{},23.57,Much rise yard cultural them. Tonight political able major land land rather they.,https://dummyimage.com/97x329,False,2025-09-22 00:20:39.284220,2025-09-22 00:20:39.284220
124,114,Organic bandwidth-monitored solution,"{soy,seafood}",13.27,Ground whose those cell friend simply yeah. Space feeling husband sound whatever themselves.,https://placekitten.com/577/279,True,2025-09-22 00:20:39.284220,2025-09-22 00:20:39.284220
125,114,Versatile attitude-oriented time-frame,{seafood},26.08,Door history everybody late memory there people. Seek interest truth here.,https://placekitten.com/169/549,False,2025-09-22 00:20:39.284220,2025-09-22 00:20:39.284220
126,114,Universal client-driven flexibility,{},11.2,Discuss body product will build citizen into west. Someone director decide exist.,https://dummyimage.com/497x168,False,2025-09-22 00:20:39.284220,2025-09-22 00:20:39.284220
127,114,Persevering incremental neural-net,"{wheat,shellfish,soy}",35.25,Article other perform evidence still. Sport prepare already own along.,https://picsum.photos/129/568,False,2025-09-22 00:20:39.284220,2025-09-22 00:20:39.284220
128,114,Organized system-worthy secured line,{wheat},7.39,This significant across bill. Near party three pattern.,https://placekitten.com/269/1,False,2025-09-22 00:20:39.284220,2025-09-22 00:20:39.284220
129,114,Balanced static approach,"{eggs,gluten}",17.32,Resource point against. Debate drive give use fact. Law onto part item then side.,https://picsum.photos/493/633,True,2025-09-22 00:20:39.284220,2025-09-22 00:20:39.284220
130,114,Proactive zero tolerance capacity,"{wheat,gluten,fish}",17.91,Quite like dark. A lay condition allow lead return.,https://picsum.photos/479/7,False,2025-09-22 00:20:39.284220,2025-09-22 00:20:39.284220
131,114,Public-key transitional superstructure,{},26.53,No behind thus score likely factor customer. Well new ball treatment next control goal.,https://dummyimage.com/523x963,False,2025-09-22 00:20:39.284220,2025-09-22 00:20:39.284220
132,115,Inverse radical portal,{gluten},20.77,Federal or development necessary.,https://picsum.photos/12/603,False,2025-05-22 03:26:45.785569,2025-05-22 03:26:45.785569
133,115,Customizable multi-state installation,"{peanuts,fish}",27.61,Move every quickly. Art fire each represent. Always north go trouble arm cup air.,https://dummyimage.com/113x250,True,2025-05-22 03:26:45.785569,2025-05-22 03:26:45.785569
134,115,Up-sized empowering circuit,"{wheat,fish,seafood}",17.74,Along heavy nothing step in. Table debate work suggest type.,https://placekitten.com/876/79,False,2025-05-22 03:26:45.785569,2025-05-22 03:26:45.785569
135,115,De-engineered cohesive contingency,"{tree_nuts,soy,gluten}",32.62,List memory box.,https://dummyimage.com/208x479,False,2025-05-22 03:26:45.785569,2025-05-22 03:26:45.785569
136,115,Multi-layered intangible model,{},16.54,Region small new agreement space.,https://picsum.photos/718/689,False,2025-05-22 03:26:45.785569,2025-05-22 03:26:45.785569
137,115,Synergistic intermediate website,"{eggs,shellfish,seafood}",16.67,Share production inside. Catch subject sell while edge. Serve professor listen small of.,https://placekitten.com/57/493,False,2025-05-22 03:26:45.785569,2025-05-22 03:26:45.785569
138,115,Phased dynamic product,{soy},15.86,Side national least identify computer yeah. Thousand pick office into born.,https://placekitten.com/479/202,False,2025-05-22 03:26:45.785569,2025-05-22 03:26:45.785569
139,115,Optional intermediate strategy,"{seafood,peanuts,eggs}",24.56,Doctor late finish sell trial theory. Focus customer firm animal quite stop.,https://picsum.photos/442/202,False,2025-05-22 03:26:45.785569,2025-05-22 03:26:45.785569
140,115,Centralized intermediate Graphic Interface,"{seafood,fish}",8.27,Mention car raise particularly old some. Inside simply surface spring small today center also.,https://dummyimage.com/511x414,False,2025-05-22 03:26:45.785569,2025-05-22 03:26:45.785569
141,115,Optional demand-driven challenge,"{gluten,soy}",15.81,Image also help energy. Central three fall house ground quickly discussion.,https://picsum.photos/420/937,False,2025-05-22 03:26:45.785569,2025-05-22 03:26:45.785569
142,115,Managed actuating archive,"{wheat,dairy}",12.93,Type every teacher natural politics since read. Attorney present city society I hour.,https://dummyimage.com/905x968,True,2025-05-22 03:26:45.785569,2025-05-22 03:26:45.785569
143,115,Extended mobile time-frame,{},15.35,For stage reduce step staff late concern. Show glass key billion. Base machine threat industry.,https://dummyimage.com/469x803,False,2025-05-22 03:26:45.785569,2025-05-22 03:26:45.785569
144,115,Enhanced user-facing project,{},28.17,Inside trial can road range culture term. Case control ok right truth.,https://placekitten.com/624/522,False,2025-05-22 03:26:45.785569,2025-05-22 03:26:45.785569
145,115,Digitized fresh-thinking info-mediaries,{shellfish},18.19,Condition together pretty senior fight. Pick determine big list fire.,https://dummyimage.com/226x441,False,2025-05-22 03:26:45.785569,2025-05-22 03:26:45.785569
146,115,Upgradable multi-state Graphical User Interface,{wheat},6.53,Million three man return. Never sign environmental out off share.,https://placekitten.com/753/921,False,2025-05-22 03:26:45.785569,2025-05-22 03:26:45.785569
147,115,Balanced uniform implementation,{wheat},26.37,Church enjoy section effort until write. Fly around theory. Kid behavior read white cause hope.,https://picsum.photos/78/10,False,2025-05-22 03:26:45.785569,2025-05-22 03:26:45.785569
148,115,Upgradable responsive forecast,"{dairy,fish,shellfish}",15.83,Gas story seek name old summer true. Hit policy could top true son bar.,https://picsum.photos/211/266,False,2025-05-22 03:26:45.785569,2025-05-22 03:26:45.785569
149,116,Horizontal interactive moderator,"{tree_nuts,fish}",23.46,Make per follow relationship think wait treat both. Game many threat tree word public.,https://placekitten.com/236/381,False,2025-07-27 04:38:17.689075,2025-07-27 04:38:17.689075
150,116,Distributed reciprocal info-mediaries,{shellfish},9.84,Most score wife machine tell itself discover. Week pressure military rather question would.,https://placekitten.com/727/1011,False,2025-07-27 04:38:17.689075,2025-07-27 04:38:17.689075
151,116,Ameliorated upward-trending strategy,"{soy,fish,peanuts}",29.9,Case from doctor family upon will. Very brother less myself quickly.,https://placekitten.com/428/899,False,2025-07-27 04:38:17.689075,2025-07-27 04:38:17.689075
152,116,Visionary global database,{},14.98,Per own security number buy. Behavior perform image beat city why manage.,https://dummyimage.com/764x159,False,2025-07-27 04:38:17.689075,2025-07-27 04:38:17.689075
153,116,Visionary client-server extranet,"{wheat,fish}",10.16,Cost buy television cause. Learn friend fire fund coach.,https://placekitten.com/557/1006,False,2025-07-27 04:38:17.689075,2025-07-27 04:38:17.689075
154,116,Fundamental background moderator,{wheat},35.96,Around gun until population many left level. Or middle chair environmental manage war.,https://placekitten.com/288/408,False,2025-07-27 04:38:17.689075,2025-07-27 04:38:17.689075
155,116,Profound 4thgeneration attitude,"{gluten,tree_nuts,soy}",13.25,Protect street Democrat accept inside ready. Trip much foreign significant no.,https://dummyimage.com/102x1014,False,2025-07-27 04:38:17.689075,2025-07-27 04:38:17.689075
156,116,Phased holistic artificial intelligence,"{dairy,gluten}",16.15,Decide fire world skin song send mouth. Live western rule today run work.,https://placekitten.com/733/577,True,2025-07-27 04:38:17.689075,2025-07-27 04:38:17.689075
157,116,Polarized empowering database,"{seafood,shellfish}",6.34,How bring him thank direction total chair. Budget one smile write movie politics child.,https://picsum.photos/1017/582,False,2025-07-27 04:38:17.689075,2025-07-27 04:38:17.689075
158,116,Reduced attitude-oriented moderator,"{seafood,wheat,fish}",26.54,Culture term window. Himself discover option win ball not part.,https://dummyimage.com/955x240,False,2025-07-27 04:38:17.689075,2025-07-27 04:38:17.689075
159,116,User-centric secondary alliance,{},13.96,Stock economic step nice hundred rest seek. Describe short best president sport should wife.,https://dummyimage.com/861x309,False,2025-07-27 04:38:17.689075,2025-07-27 04:38:17.689075
160,116,Digitized cohesive challenge,"{peanuts,eggs,dairy}",15.54,"Both card keep draw. Whose party hotel.
Station realize same. Add grow final something main now.",https://dummyimage.com/202x685,True,2025-07-27 04:38:17.689075,2025-07-27 04:38:17.689075
161,116,Diverse mission-critical software,"{shellfish,wheat,peanuts}",8.88,Treatment expect financial hard wonder human around. Simply trial produce.,https://dummyimage.com/776x297,False,2025-07-27 04:38:17.689075,2025-07-27 04:38:17.689075
162,116,Object-based 3rdgeneration process improvement,{},27.12,Food would office enter be race. Worker walk black cup begin woman. Long third ago certain much.,https://picsum.photos/153/596,False,2025-07-27 04:38:17.689075,2025-07-27 04:38:17.689075
163,116,Multi-channeled hybrid Local Area Network,{eggs},20.02,Citizen card perhaps movement impact. Adult former school material place art.,https://dummyimage.com/990x965,False,2025-07-27 04:38:17.689075,2025-07-27 04:38:17.689075
164,116,Self-enabling encompassing utilization,{shellfish},19.58,Certain marriage he above seven instead account. Mrs per between.,https://picsum.photos/155/543,False,2025-07-27 04:38:17.689075,2025-07-27 04:38:17.689075
165,116,Synchronized background Internet solution,{},23.32,Lose computer window air resource loss more energy. During today affect city.,https://picsum.photos/437/809,False,2025-07-27 04:38:17.689075,2025-07-27 04:38:17.689075
166,117,Enhanced human-resource project,{},27.25,Firm strategy wind network. Role gun agency follow possible up.,https://placekitten.com/403/437,False,2025-10-25 07:16:16.019063,2025-10-25 07:16:16.019063
167,117,Grass-roots 24hour support,"{gluten,soy}",32.6,Say father family test again close.,https://placekitten.com/997/172,False,2025-10-25 07:16:16.019063,2025-10-25 07:16:16.019063
168,117,Cross-group scalable groupware,{},32.0,Management suffer pick quite still but voice. Offer fear control receive.,https://dummyimage.com/101x917,False,2025-10-25 07:16:16.019063,2025-10-25 07:16:16.019063
169,117,Managed high-level encoding,"{seafood,gluten}",17.33,Will including medical investment almost party commercial.,https://placekitten.com/796/732,False,2025-10-25 07:16:16.019063,2025-10-25 07:16:16.019063
170,117,Universal tertiary functionalities,{wheat},39.33,Moment television out four cause mean reveal. Their will success role plant.,https://dummyimage.com/263x209,False,2025-10-25 07:16:16.019063,2025-10-25 07:16:16.019063
171,117,Inverse eco-centric help-desk,{seafood},7.21,Field another learn reduce since far. Describe conference black different between.,https://picsum.photos/598/970,False,2025-10-25 07:16:16.019063,2025-10-25 07:16:16.019063
172,117,Robust leadingedge architecture,"{gluten,eggs,dairy}",6.53,Check degree man range develop. Partner modern among whose story whether behavior.,https://picsum.photos/477/528,False,2025-10-25 07:16:16.019063,2025-10-25 07:16:16.019063
173,117,Down-sized fresh-thinking alliance,{},16.05,"Every body him stand maintain million.
Great yet top democratic number involve.",https://placekitten.com/622/763,False,2025-10-25 07:16:16.019063,2025-10-25 07:16:16.019063
174,117,Networked coherent analyzer,"{fish,wheat,eggs}",6.28,You religious kid member act. Continue know world girl various. Position more take painting police.,https://placekitten.com/48/486,False,2025-10-25 07:16:16.019063,2025-10-25 07:16:16.019063
175,117,Multi-lateral asymmetric migration,"{soy,gluten}",35.3,Fear dog hear manager forget on. Finish report I without run listen.,https://placekitten.com/1017/470,False,2025-10-25 07:16:16.019063,2025-10-25 07:16:16.019063
176,117,Integrated systematic framework,{},32.98,Stage than beat friend. Manager list expect reach last store.,https://dummyimage.com/652x190,False,2025-10-25 07:16:16.019063,2025-10-25 07:16:16.019063
177,117,Advanced eco-centric approach,"{wheat,tree_nuts,soy}",39.08,Specific run analysis start. Last weight create population seem which agreement.,https://dummyimage.com/361x774,False,2025-10-25 07:16:16.019063,2025-10-25 07:16:16.019063
178,117,Customizable next generation hub,"{soy,fish,eggs}",33.04,Difference home question nation leave. Strong raise movement long strong half.,https://dummyimage.com/709x213,False,2025-10-25 07:16:16.019063,2025-10-25 07:16:16.019063
179,117,Front-line reciprocal encryption,{},20.07,Seek case really modern. Meet model half consider however.,https://placekitten.com/314/572,False,2025-10-25 07:16:16.019063,2025-10-25 07:16:16.019063
180,117,Profit-focused optimal customer loyalty,{fish},15.28,Pretty choose year physical free. Fast business song eat. Explain summer view.,https://picsum.photos/903/802,True,2025-10-25 07:16:16.019063,2025-10-25 07:16:16.019063
181,117,Realigned client-server infrastructure,"{eggs,shellfish}",20.61,Idea wish suffer space. Capital trip especially often.,https://dummyimage.com/35x301,False,2025-10-25 07:16:16.019063,2025-10-25 07:16:16.019063
182,117,Persistent context-sensitive infrastructure,{wheat},17.3,Right clearly level agreement about month move. Door church sound test hospital new.,https://dummyimage.com/353x719,True,2025-10-25 07:16:16.019063,2025-10-25 07:16:16.019063
183,118,Networked heuristic strategy,"{soy,fish,seafood}",38.35,Drug that among. Edge customer able she who site.,https://placekitten.com/484/831,True,2025-09-17 07:34:22.822490,2025-09-17 07:34:22.822490
184,118,Expanded needs-based website,"{gluten,seafood,peanuts}",13.26,Several tax hope election once. Boy lay risk heavy.,https://placekitten.com/406/759,False,2025-09-17 07:34:22.822490,2025-09-17 07:34:22.822490
185,118,Compatible exuding open system,"{tree_nuts,gluten}",26.18,Stage result include without visit. Have red prevent pretty protect. Put follow pressure.,https://dummyimage.com/30x83,False,2025-09-17 07:34:22.822490,2025-09-17 07:34:22.822490
186,118,Profound leadingedge initiative,"{soy,wheat}",31.71,See woman itself hand sound. Skin marriage Democrat here class behavior writer.,https://placekitten.com/1014/549,False,2025-09-17 07:34:22.822490,2025-09-17 07:34:22.822490
187,118,Seamless full-range installation,"{tree_nuts,soy}",27.73,Visit new in our. Expect present training outside many. Carry nothing natural decade.,https://dummyimage.com/434x520,False,2025-09-17 07:34:22.822490,2025-09-17 07:34:22.822490
188,118,Public-key analyzing help-desk,{},5.91,Industry camera become first. Want million maybe training half need product scene.,https://placekitten.com/888/919,False,2025-09-17 07:34:22.822490,2025-09-17 07:34:22.822490
189,118,Front-line zero administration database,"{fish,peanuts,eggs}",32.12,Economic free development.,https://picsum.photos/485/354,False,2025-09-17 07:34:22.822490,2025-09-17 07:34:22.822490
190,118,Re-contextualized modular installation,{shellfish},15.0,Sense with around bit likely happy free. Just market hot box them I.,https://dummyimage.com/392x487,False,2025-09-17 07:34:22.822490,2025-09-17 07:34:22.822490
191,118,Assimilated zero tolerance neural-net,"{dairy,peanuts,seafood}",34.85,Position break quality miss ok former. Camera later really much color age future.,https://dummyimage.com/200x611,False,2025-09-17 07:34:22.822490,2025-09-17 07:34:22.822490
192,118,Re-contextualized local contingency,"{peanuts,soy,fish}",29.83,Rate cost together strong officer. Until society ball.,https://placekitten.com/193/830,False,2025-09-17 07:34:22.822490,2025-09-17 07:34:22.822490
193,118,Assimilated human-resource moderator,"{eggs,seafood}",29.91,Amount heart environmental after under will. Shoulder I interview.,https://placekitten.com/435/838,False,2025-09-17 07:34:22.822490,2025-09-17 07:34:22.822490
194,119,Proactive systemic framework,{seafood},13.29,Leave life course policy certainly its fund. Production Mrs per investment.,https://placekitten.com/377/114,False,2025-11-08 15:20:49.617506,2025-11-08 15:20:49.617506
195,119,Focused web-enabled approach,"{fish,soy}",21.36,Source image them rule ability. Fact oil citizen.,https://dummyimage.com/940x610,False,2025-11-08 15:20:49.617506,2025-11-08 15:20:49.617506
196,119,Quality-focused solution-oriented adapter,{shellfish},35.95,Probably energy speak tax specific. I amount family.,https://placekitten.com/967/452,True,2025-11-08 15:20:49.617506,2025-11-08 15:20:49.617506
197,119,Public-key interactive data-warehouse,"{wheat,fish,tree_nuts}",31.92,Federal option contain with last probably. Loss knowledge mean old specific pass born shoulder.,https://picsum.photos/367/544,False,2025-11-08 15:20:49.617506,2025-11-08 15:20:49.617506
198,119,Reduced maximized access,{},9.39,Task professor conference bank join beyond.,https://dummyimage.com/125x854,False,2025-11-08 15:20:49.617506,2025-11-08 15:20:49.617506
199,119,Self-enabling upward-trending ability,{},20.75,Citizen fire each show card doctor. Past attack growth similar effort.,https://placekitten.com/791/429,False,2025-11-08 15:20:49.617506,2025-11-08 15:20:49.617506
200,119,Enterprise-wide clear-thinking algorithm,"{seafood,fish}",27.39,Beyond police ask mind blood conference although vote. Enter enough true.,https://placekitten.com/450/247,False,2025-11-08 15:20:49.617506,2025-11-08 15:20:49.617506
201,119,Implemented contextually-based hardware,{tree_nuts},22.6,Relate big news house yeah water business. Parent service drug cover.,https://dummyimage.com/947x523,False,2025-11-08 15:20:49.617506,2025-11-08 15:20:49.617506
202,119,Upgradable neutral process improvement,{},23.13,Hand order fire third commercial child. Day six wind study smile very.,https://dummyimage.com/73x654,False,2025-11-08 15:20:49.617506,2025-11-08 15:20:49.617506
203,119,Implemented dedicated moderator,{soy},37.72,Opportunity speak between read despite major. Both power raise pay.,https://dummyimage.com/921x394,False,2025-11-08 15:20:49.617506,2025-11-08 15:20:49.617506
204,119,Persistent asymmetric hub,"{peanuts,eggs}",11.87,Whom prepare wall. Name great happy size.,https://picsum.photos/260/582,False,2025-11-08 15:20:49.617506,2025-11-08 15:20:49.617506
205,120,Right-sized bottom-line archive,{},22.59,Begin around how group company degree. Join west foot answer north.,https://picsum.photos/6/661,False,2025-05-31 06:29:59.271965,2025-05-31 06:29:59.271965
206,120,Stand-alone modular projection,{seafood},28.06,Through term minute maintain. Girl bag figure executive left.,https://placekitten.com/1012/136,False,2025-05-31 06:29:59.271965,2025-05-31 06:29:59.271965
207,120,Fundamental 3rdgeneration task-force,"{shellfish,gluten}",33.88,Offer nature everyone where since eat.,https://placekitten.com/444/433,True,2025-05-31 06:29:59.271965,2025-05-31 06:29:59.271965
208,120,Enhanced national toolset,{},38.2,Involve system right position foreign. Side foreign medical part place.,https://dummyimage.com/236x572,False,2025-05-31 06:29:59.271965,2025-05-31 06:29:59.271965
209,120,Intuitive directional portal,"{dairy,tree_nuts}",26.63,East our nor authority food knowledge consumer.,https://placekitten.com/791/811,True,2025-05-31 06:29:59.271965,2025-05-31 06:29:59.271965
210,120,Focused systemic software,"{eggs,wheat}",13.57,Any face receive report lead fact. Phone base work accept sure. Try eat program result.,https://placekitten.com/204/429,False,2025-05-31 06:29:59.271965,2025-05-31 06:29:59.271965
211,120,Advanced discrete array,"{eggs,wheat,peanuts}",29.1,Available issue adult open over job or contain. Other address field because.,https://dummyimage.com/774x366,False,2025-05-31 06:29:59.271965,2025-05-31 06:29:59.271965
212,120,Monitored hybrid paradigm,"{wheat,shellfish,dairy}",16.91,Hard stage particular real inside agent until. Condition meet each style.,https://dummyimage.com/176x184,True,2025-05-31 06:29:59.271965,2025-05-31 06:29:59.271965
213,120,Team-oriented 6thgeneration monitoring,"{soy,tree_nuts}",9.58,Evening reality situation south shake.,https://placekitten.com/481/554,False,2025-05-31 06:29:59.271965,2025-05-31 06:29:59.271965
214,120,Intuitive optimizing Local Area Network,{},16.17,History pattern former fish radio. Seat money any himself.,https://dummyimage.com/30x318,False,2025-05-31 06:29:59.271965,2025-05-31 06:29:59.271965
215,120,Intuitive mission-critical knowledge user,"{wheat,dairy}",9.93,Themselves window newspaper side guess without. Police find this.,https://placekitten.com/197/207,True,2025-05-31 06:29:59.271965,2025-05-31 06:29:59.271965
216,120,Implemented grid-enabled intranet,"{shellfish,tree_nuts,dairy}",38.69,Road garden sense size establish. Company card their behind senior.,https://picsum.photos/17/413,False,2025-05-31 06:29:59.271965,2025-05-31 06:29:59.271965
217,120,Enterprise-wide cohesive website,"{shellfish,soy}",11.64,International carry dark high. Base model attorney myself value.,https://dummyimage.com/91x389,False,2025-05-31 06:29:59.271965,2025-05-31 06:29:59.271965
218,120,Inverse stable archive,"{wheat,eggs,shellfish}",5.81,Peace window near able already back. Season later true why.,https://placekitten.com/251/486,False,2025-05-31 06:29:59.271965,2025-05-31 06:29:59.271965
219,120,Horizontal tangible forecast,"{dairy,shellfish,soy}",6.7,Unit door history trial woman police. Son them perhaps late reason create method.,https://placekitten.com/432/510,False,2025-05-31 06:29:59.271965,2025-05-31 06:29:59.271965
220,120,Networked next generation product,"{eggs,fish,gluten}",34.65,Form now travel teacher. Food least bag white responsibility information.,https://dummyimage.com/246x987,False,2025-05-31 06:29:59.271965,2025-05-31 06:29:59.271965
221,120,Reactive modular service-desk,"{soy,tree_nuts}",17.81,Say floor ground person. Hear sea single senior stock. Official time plant few trial half.,https://dummyimage.com/473x56,False,2025-05-31 06:29:59.271965,2025-05-31 06:29:59.271965
222,120,Stand-alone background artificial intelligence,{soy},24.36,Beautiful former study physical use. Radio woman grow respond.,https://placekitten.com/200/459,True,2025-05-31 06:29:59.271965,2025-05-31 06:29:59.271965
223,121,Right-sized encompassing instruction set,{},18.79,Scene offer on land travel bank professor. Buy any interesting involve bit you shake.,https://picsum.photos/560/780,False,2025-05-25 15:55:51.910480,2025-05-25 15:55:51.910480
224,121,Digitized holistic toolset,"{fish,soy}",31.42,Employee parent sense likely son difference. But often enjoy if defense woman control.,https://dummyimage.com/16x449,False,2025-05-25 15:55:51.910480,2025-05-25 15:55:51.910480
225,121,Fundamental fault-tolerant product,"{fish,gluten,shellfish}",6.36,Change each boy. Store loss floor will explain evening south.,https://placekitten.com/173/967,False,2025-05-25 15:55:51.910480,2025-05-25 15:55:51.910480
226,121,Expanded secondary paradigm,"{fish,wheat,seafood}",26.22,Toward itself fish fly also without. Us wind base that.,https://picsum.photos/966/660,False,2025-05-25 15:55:51.910480,2025-05-25 15:55:51.910480
227,121,Switchable eco-centric conglomeration,"{shellfish,soy}",10.69,"Ok learn seem no. Quite art manage enter few.
Tough dinner bit free do land offer.",https://placekitten.com/87/206,False,2025-05-25 15:55:51.910480,2025-05-25 15:55:51.910480
228,121,Sharable intangible encryption,"{shellfish,soy}",22.76,"Have team event.
System join left two.
Shoulder great two. Relate and dark team attack.",https://picsum.photos/712/916,False,2025-05-25 15:55:51.910480,2025-05-25 15:55:51.910480
229,121,Total demand-driven benchmark,"{shellfish,eggs,wheat}",33.55,Certain hot short knowledge own. Race all option eat knowledge practice past these.,https://picsum.photos/1006/561,False,2025-05-25 15:55:51.910480,2025-05-25 15:55:51.910480
230,121,Versatile stable protocol,{},39.3,Own also night. Family feel theory training.,https://placekitten.com/797/77,False,2025-05-25 15:55:51.910480,2025-05-25 15:55:51.910480
231,121,Face-to-face mobile product,{},25.89,Others boy find voice job authority. Trade role either way.,https://dummyimage.com/419x441,False,2025-05-25 15:55:51.910480,2025-05-25 15:55:51.910480
232,121,Organic client-driven knowledge user,{gluten},25.42,Season site family stuff within upon. Wish detail return simply.,https://dummyimage.com/942x706,False,2025-05-25 15:55:51.910480,2025-05-25 15:55:51.910480
233,121,Business-focused intermediate architecture,"{seafood,dairy,gluten}",25.04,Young during everything fight east write receive reduce.,https://dummyimage.com/29x541,False,2025-05-25 15:55:51.910480,2025-05-25 15:55:51.910480
234,121,Enhanced non-volatile support,{gluten},20.44,Night position but finish man despite many. Join language yourself stop increase.,https://placekitten.com/179/271,False,2025-05-25 15:55:51.910480,2025-05-25 15:55:51.910480
235,122,Focused radical capability,{fish},12.26,Of lot think thought election.,https://dummyimage.com/582x730,False,2025-07-02 01:05:00.369108,2025-07-02 01:05:00.369108
236,122,Fully-configurable maximized website,"{fish,tree_nuts,soy}",38.48,Must late green again part different business. Usually whom rate keep citizen own.,https://dummyimage.com/816x664,False,2025-07-02 01:05:00.369108,2025-07-02 01:05:00.369108
237,122,Compatible national architecture,"{fish,soy}",28.66,She arrive less pretty thus. All yeah leg leader into before.,https://picsum.photos/466/138,False,2025-07-02 01:05:00.369108,2025-07-02 01:05:00.369108
238,122,Proactive human-resource success,"{shellfish,wheat}",11.73,Or movement page report environmental simple impact.,https://dummyimage.com/312x308,False,2025-07-02 01:05:00.369108,2025-07-02 01:05:00.369108
239,122,Proactive real-time model,"{dairy,eggs}",31.99,Kid inside lot health three. Pm car finish.,https://dummyimage.com/968x783,False,2025-07-02 01:05:00.369108,2025-07-02 01:05:00.369108
240,122,Assimilated multi-state solution,"{soy,wheat,shellfish}",24.62,Early relate matter charge discuss now generation.,https://placekitten.com/68/176,False,2025-07-02 01:05:00.369108,2025-07-02 01:05:00.369108
241,122,Enhanced explicit database,"{eggs,peanuts}",25.07,Citizen learn service into parent everyone eat.,https://picsum.photos/296/466,False,2025-07-02 01:05:00.369108,2025-07-02 01:05:00.369108
242,122,Cross-platform human-resource initiative,"{soy,seafood,eggs}",6.47,Continue call decide movie end modern gas. Dark fill catch truth.,https://dummyimage.com/877x482,False,2025-07-02 01:05:00.369108,2025-07-02 01:05:00.369108
243,122,Object-based value-added groupware,{},17.12,Analysis other herself player. Behavior data guy. Pm surface some also reveal enough.,https://placekitten.com/113/942,False,2025-07-02 01:05:00.369108,2025-07-02 01:05:00.369108
244,122,Versatile analyzing collaboration,"{wheat,dairy}",12.07,Some difference a middle. Stuff common training college country bar.,https://dummyimage.com/182x495,False,2025-07-02 01:05:00.369108,2025-07-02 01:05:00.369108
245,123,Advanced full-range installation,{gluten},28.44,History ball look some. Chair see change last surface analysis. Country charge style arm.,https://picsum.photos/368/162,False,2025-07-22 12:58:26.245749,2025-07-22 12:58:26.245749
246,123,Digitized systematic attitude,{gluten},8.51,Clear argue end drug phone. Poor law machine name.,https://dummyimage.com/583x650,False,2025-07-22 12:58:26.245749,2025-07-22 12:58:26.245749
247,123,Multi-lateral intangible parallelism,"{peanuts,seafood,gluten}",38.76,Player way husband deal long.,https://picsum.photos/762/871,False,2025-07-22 12:58:26.245749,2025-07-22 12:58:26.245749
248,123,Phased optimal application,{tree_nuts},27.85,Letter student indeed build throughout surface. Parent easy doctor education pass true.,https://placekitten.com/391/646,False,2025-07-22 12:58:26.245749,2025-07-22 12:58:26.245749
249,123,Self-enabling national implementation,"{wheat,dairy,eggs}",16.24,If never respond already lay card administration.,https://picsum.photos/795/764,False,2025-07-22 12:58:26.245749,2025-07-22 12:58:26.245749
250,123,Programmable methodical help-desk,{},27.83,Voice improve door through consumer how business. Professional news art.,https://placekitten.com/876/865,False,2025-07-22 12:58:26.245749,2025-07-22 12:58:26.245749
251,123,Integrated scalable core,{},36.96,West young risk attorney west there owner. Price prepare street sister common.,https://dummyimage.com/33x18,False,2025-07-22 12:58:26.245749,2025-07-22 12:58:26.245749
252,123,Multi-channeled next generation solution,{gluten},39.9,Side beat nation military show. Movement woman court tonight. By share feeling case much nice rate.,https://dummyimage.com/908x663,False,2025-07-22 12:58:26.245749,2025-07-22 12:58:26.245749
253,123,Operative contextually-based hub,"{seafood,eggs,gluten}",5.32,Trip role discussion bank reason dark. Never relationship then special.,https://dummyimage.com/668x86,False,2025-07-22 12:58:26.245749,2025-07-22 12:58:26.245749
254,123,Profit-focused cohesive groupware,{},37.5,Hundred make street put argue somebody. Family building nothing style hundred only major set.,https://placekitten.com/682/780,False,2025-07-22 12:58:26.245749,2025-07-22 12:58:26.245749
255,123,Compatible explicit ability,"{fish,shellfish,wheat}",36.12,All able blood claim long no later. Available level political all hair that score.,https://picsum.photos/444/437,True,2025-07-22 12:58:26.245749,2025-07-22 12:58:26.245749
256,123,Streamlined 3rdgeneration software,"{eggs,dairy,peanuts}",16.57,Serious rock compare source. Adult dream current out foreign.,https://dummyimage.com/132x1002,False,2025-07-22 12:58:26.245749,2025-07-22 12:58:26.245749
257,123,Multi-lateral next generation moratorium,"{seafood,gluten}",30.78,Husband suffer majority perhaps crime. Less administration modern minute worry since second mind.,https://picsum.photos/64/874,False,2025-07-22 12:58:26.245749,2025-07-22 12:58:26.245749
