id,verification_status,is_available,firstname,lastname,image,vehicle,fee_rate,licence,tel,created_at,updated_at,location_id
81,pending,False,Karina,Holt,https://dummyimage.com/575x612,Toyota Pickup,0.1,89HW3,927.573.8985x885,2025-07-06 04:53:42.935832,2025-07-06 04:53:42.935832,152
82,rejected,False,Dawn,Romero,https://dummyimage.com/420x212,Honda Sedan,0.13,V60 4VB,+1-999-469-0986x148,2025-06-12 14:37:07.215652,2025-06-12 14:37:07.215652,153
83,rejected,False,Brandon,Gonzalez,https://picsum.photos/160/887,Honda Pickup,0.11,49H XB6,433.954.5281,2025-08-10 03:11:35.702544,2025-08-10 03:11:35.702544,154
84,pending,False,Tony,Robinson,https://picsum.photos/47/811,Toyota Bike,0.13,017 BKP,418.544.4030x38441,2025-06-08 08:25:01.076707,2025-06-08 08:25:01.076707,155
85,rejected,True,Sheila,Johnson,https://dummyimage.com/130x200,Yamaha Sedan,0.16,8-87260,833-463-6776,2025-09-12 02:58:11.055737,2025-09-12 02:58:11.055737,156
86,approved,True,Michele,Blake,https://dummyimage.com/457x93,Toyota Sedan,0.1,025 LHR,2824030368,2025-07-25 19:31:38.908376,2025-07-25 19:31:38.908376,157
87,pending,True,Christina,West,https://placekitten.com/716/547,Toyota Sedan,0.13,3UM2120,228-575-9454,2025-09-01 08:28:20.076824,2025-09-01 08:28:20.076824,158
88,pending,True,Jessica,Goodman,https://placekitten.com/596/505,Honda Bike,0.11,7X 6S7DJF,227.447.2791x70821,2025-10-04 02:10:40.863020,2025-10-04 02:10:40.863020,159
89,rejected,True,Matthew,Johnson,https://dummyimage.com/539x432,Yamaha Bike,0.18,356 DMC,001-542-775-6926x6556,2025-09-23 19:14:12.164848,2025-09-23 19:14:12.164848,160
90,approved,True,Jamie,Oconnell,https://dummyimage.com/460x52,Toyota Pickup,0.09,6PN7969,(496)886-5191,2025-09-03 06:27:33.189885,2025-09-03 06:27:33.189885,161
91,pending,False,Michael,Obrien,https://placekitten.com/33/919,Yamaha Bike,0.17,F61-GDS,713.874.1388x73733,2025-10-27 06:03:57.787731,2025-10-27 06:03:57.787731,162
92,rejected,False,Martha,Soto,https://picsum.photos/437/513,Yamaha Sedan,0.09,412DC,520-918-1460x5311,2025-08-20 21:04:10.888431,2025-08-20 21:04:10.888431,163
93,approved,True,Mark,Cohen,https://placekitten.com/728/546,Toyota Bike,0.16,2YN P56,(565)408-6210x60751,2025-07-15 00:24:11.461069,2025-07-15 00:24:11.461069,164
94,approved,True,Adam,Miller,https://picsum.photos/610/361,Yamaha Sedan,0.11,126 EMZ,863-543-3242,2025-10-12 18:32:05.767168,2025-10-12 18:32:05.767168,165
95,rejected,False,Carla,Burgess,https://dummyimage.com/196x710,Toyota Bike,0.14,ZHV 515,648.551.6269x098,2025-08-26 10:52:25.572273,2025-08-26 10:52:25.572273,166
96,pending,False,Paul,Garcia,https://dummyimage.com/278x1,Honda Sedan,0.12,246-ELQC,635-474-4191,2025-10-05 02:49:27.257538,2025-10-05 02:49:27.257538,167
97,rejected,False,Emily,Nichols,https://placekitten.com/932/474,Yamaha Sedan,0.12,NPB-3223,+1-352-210-6448,2025-06-26 02:03:52.036686,2025-06-26 02:03:52.036686,168
98,approved,False,Rachel,Warren,https://placekitten.com/206/67,Yamaha Bike,0.16,7-65746Y,+1-981-369-2482x6165,2025-11-08 17:01:36.453618,2025-11-08 17:01:36.453618,169
99,rejected,False,Jonathan,Price,https://dummyimage.com/1015x656,Yamaha Bike,0.11,ELN-1681,(294)281-7720x2619,2025-10-17 15:15:29.515744,2025-10-17 15:15:29.515744,170
100,pending,True,Kelly,Coleman,https://placekitten.com/324/41,Honda Pickup,0.1,JJD-9937,+1-631-646-3510x7716,2025-06-06 17:49:42.606657,2025-06-06 17:49:42.606657,171
101,rejected,False,Helen,Andrews,https://dummyimage.com/59x271,Honda Sedan,0.13,7WN 219,5422736072,2025-09-15 19:48:10.267068,2025-09-15 19:48:10.267068,172
102,rejected,True,Susan,Stafford,https://dummyimage.com/483x161,Honda Sedan,0.12,BJQ 378,(688)297-8689x602,2025-06-27 05:39:00.067183,2025-06-27 05:39:00.067183,173
103,rejected,False,Joseph,Bowen,https://placekitten.com/729/778,Honda Bike,0.15,3TK 241,001-614-310-9540x977,2025-09-24 14:25:31.339632,2025-09-24 14:25:31.339632,174
104,rejected,True,Mark,Carey,https://picsum.photos/734/766,Yamaha Sedan,0.09,0CM74,(420)291-4215x68453,2025-06-24 17:42:39.511135,2025-06-24 17:42:39.511135,175
105,approved,False,Monica,Cooper,https://placekitten.com/156/853,Honda Bike,0.16,4H SJ526,352.487.5574x61701,2025-08-20 01:43:08.082014,2025-08-20 01:43:08.082014,176
