id,customer_id,driver_id,order_id,rate,review_text,created_at,updated_at
1,4,99,13,3.2,,2025-10-15 17:57:53.997702,2025-10-15 17:57:53.997702
2,5,88,19,4.2,Several Mr ball sing question. Activity page officer method.,2025-10-19 00:54:28.598046,2025-10-19 00:54:28.598046
3,7,92,25,5.0,,2025-10-05 16:55:56.896317,2025-10-05 16:55:56.896317
4,11,93,43,4.1,Water thought care nor. A up yeah guy well picture risk.,2025-10-11 06:00:37.052787,2025-10-11 06:00:37.052787
5,11,82,44,3.4,,2025-11-13 16:30:57.906653,2025-11-13 16:30:57.906653
6,12,85,45,3.3,,2025-11-02 11:10:07.548296,2025-11-02 11:10:07.548296
7,12,99,46,4.2,,2025-10-01 14:59:30.012342,2025-10-01 14:59:30.012342
8,14,92,55,4.8,,2025-10-02 02:43:14.949350,2025-10-02 02:43:14.949350
9,15,99,58,4.3,,2025-10-30 22:53:59.606386,2025-10-30 22:53:59.606386
10,16,103,62,3.9,,2025-10-23 01:58:54.626252,2025-10-23 01:58:54.626252
11,17,105,67,4.4,,2025-10-22 10:40:06.451898,2025-10-22 10:40:06.451898
12,21,84,81,4.8,,2025-10-18 17:42:01.159154,2025-10-18 17:42:01.159154
13,22,102,85,4.5,Arm may build painting that occur. Set never indeed.,2025-10-16 19:23:50.115592,2025-10-16 19:23:50.115592
14,22,98,87,3.1,Group opportunity example card onto.,2025-11-10 16:24:01.844132,2025-11-10 16:24:01.844132
15,22,84,88,3.3,Rest new record product past suddenly recent. Record son design.,2025-11-01 08:34:06.249053,2025-11-01 08:34:06.249053
16,23,100,91,3.3,,2025-10-19 13:03:10.984864,2025-10-19 13:03:10.984864
17,24,102,93,3.5,,2025-10-28 23:23:29.733242,2025-10-28 23:23:29.733242
18,25,105,98,4.0,,2025-11-01 17:05:09.488593,2025-11-01 17:05:09.488593
19,27,98,105,4.1,Meet soon particularly. Play soldier live election.,2025-10-11 12:00:41.076506,2025-10-11 12:00:41.076506
20,27,88,108,3.7,Security always sit worker understand loss. Form fine color sort growth.,2025-10-09 18:03:22.320997,2025-10-09 18:03:22.320997
21,28,101,112,4.2,,2025-11-13 19:43:04.022258,2025-11-13 19:43:04.022258
22,29,94,115,3.3,,2025-10-11 15:18:32.573033,2025-10-11 15:18:32.573033
23,32,87,126,3.5,Specific century fly fear would nature kitchen.,2025-11-01 23:24:23.254215,2025-11-01 23:24:23.254215
24,32,93,127,4.9,Particularly information fire attention structure gun.,2025-10-11 07:59:39.772445,2025-10-11 07:59:39.772445
25,34,103,135,3.9,Clear pass son future unit area management. Rule lawyer effort experience into.,2025-10-27 15:24:40.124212,2025-10-27 15:24:40.124212
26,36,101,143,3.7,Spend election main figure tend successful military garden.,2025-10-21 15:40:00.443479,2025-10-21 15:40:00.443479
27,38,103,152,4.9,,2025-10-01 01:18:31.095438,2025-10-01 01:18:31.095438
28,39,84,153,3.8,,2025-10-28 19:58:34.257743,2025-10-28 19:58:34.257743
29,43,96,170,4.4,How money analysis card just. Weight city structure character drug market.,2025-11-04 20:09:33.448553,2025-11-04 20:09:33.448553
30,44,103,173,5.0,,2025-10-24 04:54:59.374041,2025-10-24 04:54:59.374041
31,44,105,176,3.6,,2025-10-09 00:21:37.102606,2025-10-09 00:21:37.102606
32,46,93,181,4.1,,2025-10-28 14:00:31.681970,2025-10-28 14:00:31.681970
33,47,86,188,3.7,Age eye but have team. About black pressure base.,2025-10-13 17:52:46.062224,2025-10-13 17:52:46.062224
34,48,91,190,4.2,,2025-10-28 09:03:05.022513,2025-10-28 09:03:05.022513
35,48,84,191,3.6,,2025-10-23 05:28:55.679209,2025-10-23 05:28:55.679209
36,48,91,192,3.9,Main experience present almost few. Police run study.,2025-10-23 19:02:34.748560,2025-10-23 19:02:34.748560
37,49,92,194,4.7,,2025-11-12 17:14:54.542907,2025-11-12 17:14:54.542907
38,50,103,197,4.5,,2025-10-05 13:28:51.335328,2025-10-05 13:28:51.335328
39,53,96,209,4.8,,2025-10-23 21:53:25.775789,2025-10-23 21:53:25.775789
40,55,95,217,3.3,Real main successful weight. Price throughout analysis chair.,2025-11-03 08:53:39.300931,2025-11-03 08:53:39.300931
41,58,85,229,4.9,,2025-11-13 16:09:31.402804,2025-11-13 16:09:31.402804
42,58,96,231,3.3,,2025-10-14 13:33:49.970695,2025-10-14 13:33:49.970695
43,59,81,234,4.3,,2025-11-14 03:21:31.645660,2025-11-14 03:21:31.645660
44,62,91,246,3.4,,2025-10-05 08:38:08.593403,2025-10-05 08:38:08.593403
45,67,88,266,4.4,Contain build be radio effort tend. Director its arm.,2025-10-27 14:31:16.223677,2025-10-27 14:31:16.223677
46,73,85,290,3.0,,2025-10-28 00:06:47.405679,2025-10-28 00:06:47.405679
47,73,83,292,4.9,,2025-11-01 23:43:04.310350,2025-11-01 23:43:04.310350
48,74,102,294,4.8,Space make spring young around. Stand though impact blood instead think strong.,2025-10-31 00:02:15.816256,2025-10-31 00:02:15.816256
49,77,96,307,3.2,,2025-10-11 00:21:57.849190,2025-10-11 00:21:57.849190
50,78,82,310,4.6,,2025-11-03 13:04:58.811218,2025-11-03 13:04:58.811218
