id,latitude,longitude,address,created_at,updated_at
1,-15.1715455,-173.403129,"356 Michael Branch
West Phillipmouth, LA 38828",2025-07-11 13:41:15.078731,2025-07-11 13:41:15.078731
2,63.4820085,74.291314,"6632 Jacqueline Squares Suite 028
West Susan, TN 59328",2025-10-01 23:00:54.952046,2025-10-01 23:00:54.952046
3,-19.4012535,135.207107,"0191 Rhonda Knoll Apt. 143
Saraville, MD 21567",2025-10-01 23:00:54.952046,2025-10-01 23:00:54.952046
4,7.151887,140.728564,"Unit 6618 Box 7040
DPO AE 72623",2025-10-01 23:00:54.952046,2025-10-01 23:00:54.952046
5,-77.0693905,-115.995484,"42449 Hamilton Estate Suite 882
West Claudiaton, VI 09567",2025-10-25 19:17:16.748342,2025-10-25 19:17:16.748342
6,-22.6858335,35.947081,"19991 Ross Brooks Suite 397
Ariasside, IL 18618",2025-10-25 19:17:16.748342,2025-10-25 19:17:16.748342
7,-85.9744975,0.445353,"Unit 9609 Box 4220
DPO AP 89321",2025-10-25 19:17:16.748342,2025-10-25 19:17:16.748342
8,50.085224,-61.12406,"4932 Clark Extensions
West Jackshire, TX 78148",2025-07-14 13:13:13.811597,2025-07-14 13:13:13.811597
9,-82.4484065,-5.769427,"98023 Myers Road
East Kevin, MI 43776",2025-06-03 09:12:11.972023,2025-06-03 09:12:11.972023
10,43.2141545,4.828393,"954 Ramos Turnpike Apt. 463
South Lindsey, MA 21098",2025-07-18 08:17:53.794940,2025-07-18 08:17:53.794940
11,-27.417713,135.701206,"102 Bowman Manor Apt. 726
North Brandon, KS 73603",2025-07-01 23:38:15.589397,2025-07-01 23:38:15.589397
12,-40.7030475,9.788362,"369 Robert Grove
West Scottborough, AL 40761",2025-07-01 23:38:15.589397,2025-07-01 23:38:15.589397
13,-36.293464,-17.991427,"829 Roberto Canyon
South Michael, DE 54425",2025-07-01 23:38:15.589397,2025-07-01 23:38:15.589397
14,-34.192491,10.781487,"606 Mitchell Common
Floresbury, NJ 17253",2025-09-11 14:11:51.925766,2025-09-11 14:11:51.925766
15,66.056795,30.815354,"3135 Hernandez Vista Suite 796
South Kellystad, SD 64307",2025-09-11 14:11:51.925766,2025-09-11 14:11:51.925766
16,-53.2436745,119.908782,"11078 Edward Ways
West Natalie, VA 20370",2025-09-11 14:11:51.925766,2025-09-11 14:11:51.925766
17,78.9893915,71.351462,"532 Lawrence Hill Apt. 212
Scottberg, MH 15914",2025-07-03 01:12:42.398836,2025-07-03 01:12:42.398836
18,-69.3165575,124.29779,"657 Bradley View
Christopherton, AS 78698",2025-07-03 01:12:42.398836,2025-07-03 01:12:42.398836
19,-76.0495595,87.252315,"228 Edgar Vista Apt. 650
Elizabethfort, PR 26493",2025-10-24 17:13:25.917354,2025-10-24 17:13:25.917354
20,-54.6303075,58.270382,"86605 Lauren Square
Barbaramouth, NJ 05595",2025-10-24 17:13:25.917354,2025-10-24 17:13:25.917354
21,62.3796195,-172.756684,"09187 Davis Ways
New Eric, MO 73575",2025-10-24 17:13:25.917354,2025-10-24 17:13:25.917354
22,-69.1352155,66.77536,"1220 Jessica Junctions
North Roberto, OR 71376",2025-10-22 21:39:11.810262,2025-10-22 21:39:11.810262
23,-22.044387,4.925508,"31173 Alexander Way Apt. 722
Martinmouth, CO 94464",2025-10-22 21:39:11.810262,2025-10-22 21:39:11.810262
24,88.261743,133.646114,"65487 Stacie Squares Suite 010
Vickihaven, NM 77188",2025-11-13 20:31:06.513297,2025-11-13 20:31:06.513297
25,-69.8895735,63.678839,"283 Allen Village
Sanchezview, CO 22142",2025-07-18 16:08:45.775197,2025-07-18 16:08:45.775197
26,28.2356885,110.534546,"82270 Bobby Oval Suite 012
North Rodney, WY 08051",2025-07-18 16:08:45.775197,2025-07-18 16:08:45.775197
27,27.0022385,34.567489,"21608 Sanchez Viaduct
North Jenniferbury, MN 94203",2025-07-18 16:08:45.775197,2025-07-18 16:08:45.775197
28,-87.7163835,96.219935,"20803 Elaine Pine
Ivanside, AK 26932",2025-09-08 03:51:54.527578,2025-09-08 03:51:54.527578
29,31.987384,87.462142,"91916 Heidi Forks
Thompsonchester, ME 58225",2025-10-16 13:51:12.027569,2025-10-16 13:51:12.027569
30,83.597617,99.962009,"68100 Mark Route
Port Anthony, KY 17822",2025-10-16 13:51:12.027569,2025-10-16 13:51:12.027569
31,-69.3211465,74.82844,"1169 Evans Trafficway
Port Monicaview, AK 64187",2025-10-16 13:51:12.027569,2025-10-16 13:51:12.027569
32,-45.4721205,176.92154,"20539 Tina Plains
North Ashleyfort, NC 03124",2025-07-14 12:23:25.504726,2025-07-14 12:23:25.504726
33,-35.8147035,145.204519,"675 Fleming Unions Suite 188
Jacksonside, IN 82529",2025-05-29 22:56:05.394676,2025-05-29 22:56:05.394676
34,-55.9756375,50.596751,"673 Williams Wall Suite 637
Jenniferton, DC 05902",2025-05-29 22:56:05.394676,2025-05-29 22:56:05.394676
35,41.3439995,-171.19944,"51583 Jon Shores Suite 314
Lake Matthew, ME 29927",2025-07-28 16:24:44.150057,2025-07-28 16:24:44.150057
36,-76.9537365,-38.353136,"USNV Perkins
FPO AE 24412",2025-07-28 16:24:44.150057,2025-07-28 16:24:44.150057
37,29.9656245,167.281884,"1497 Santos Plaza Apt. 320
East Michael, OK 08133",2025-07-28 16:24:44.150057,2025-07-28 16:24:44.150057
38,55.0338585,151.181863,"770 Higgins Glen Suite 558
Dalebury, MO 12851",2025-11-12 19:59:15.255921,2025-11-12 19:59:15.255921
39,-13.912192,171.9671,"PSC 3077, Box 5765
APO AE 86794",2025-11-12 19:59:15.255921,2025-11-12 19:59:15.255921
40,-26.7318425,-142.73011,"454 Heidi Key
Gutierrezchester, MT 23434",2025-10-09 03:09:07.575788,2025-10-09 03:09:07.575788
41,-66.796215,-18.339271,"300 Allen Drive Apt. 522
Kevinshire, HI 44548",2025-11-11 19:10:42.107217,2025-11-11 19:10:42.107217
42,73.5059625,154.497175,"22032 Geoffrey Fort
New Gregoryview, ME 74687",2025-09-17 20:55:55.886100,2025-09-17 20:55:55.886100
43,25.6331365,4.73231,"889 Rodriguez Track Suite 195
New Erik, NE 57202",2025-09-17 20:55:55.886100,2025-09-17 20:55:55.886100
44,-45.2216045,49.047185,"052 Cowan Union
Riverabury, PA 29465",2025-05-31 22:17:36.101599,2025-05-31 22:17:36.101599
45,-82.9083525,-141.382898,"50571 Richardson Villages Suite 010
Sarahfort, MN 75827",2025-07-16 03:48:54.881333,2025-07-16 03:48:54.881333
46,62.313757,-64.534255,"75813 Mooney Land Apt. 140
Dawntown, AL 33428",2025-07-16 03:48:54.881333,2025-07-16 03:48:54.881333
47,-87.498718,84.509872,"56135 Phillips Springs Apt. 753
Chadburgh, MO 07498",2025-07-16 03:48:54.881333,2025-07-16 03:48:54.881333
48,6.1966565,144.485795,"41678 Mckinney Spurs
Dustinhaven, SD 79462",2025-09-26 10:15:16.225145,2025-09-26 10:15:16.225145
49,-22.838859,-160.440034,"55344 Perez Centers
Garciafort, NY 30168",2025-09-26 10:15:16.225145,2025-09-26 10:15:16.225145
50,-87.3845105,-38.356999,"66748 Smith Trail
New Matthew, NM 02036",2025-08-27 08:32:33.310194,2025-08-27 08:32:33.310194
51,74.3212015,-113.908817,"775 Katie Rue
Port Hannah, MT 81378",2025-05-19 15:52:04.747838,2025-05-19 15:52:04.747838
52,-68.88126,-118.136238,"982 Jerry Ports Apt. 749
Port Jamie, MP 80283",2025-09-25 15:11:56.996567,2025-09-25 15:11:56.996567
53,5.356701,-175.059829,"248 Clark Station
Kaitlynfurt, PA 99142",2025-09-25 15:11:56.996567,2025-09-25 15:11:56.996567
54,3.2511245,-151.015286,"6352 Robert Well Apt. 529
Campbellville, IN 24292",2025-09-25 15:11:56.996567,2025-09-25 15:11:56.996567
55,46.848784,50.762038,"94859 Chambers Parks Suite 182
Crystalport, ME 74202",2025-08-13 11:38:28.658437,2025-08-13 11:38:28.658437
56,56.4167825,-21.076751,"35866 Gomez Manors Suite 524
South Williamfort, TX 37165",2025-09-02 22:29:14.396574,2025-09-02 22:29:14.396574
57,-7.135627,104.914161,"43360 Jones Row Suite 766
North Tiffany, SC 61486",2025-11-04 12:24:51.163143,2025-11-04 12:24:51.163143
58,-54.9860955,73.729998,"17125 Mary Flat
Port Josephbury, OH 17772",2025-11-04 12:24:51.163143,2025-11-04 12:24:51.163143
59,89.87284,101.685876,"USNV Peterson
FPO AE 86701",2025-11-04 12:24:51.163143,2025-11-04 12:24:51.163143
60,34.9365495,-135.388281,"698 Fisher Falls
Nancyshire, PW 82596",2025-09-06 14:41:23.130444,2025-09-06 14:41:23.130444
61,46.653575,44.130465,"5516 Beltran Falls
South Kellyport, ID 12299",2025-10-17 04:09:21.111044,2025-10-17 04:09:21.111044
62,-25.292998,125.246669,"202 James Port
Hurstville, TN 67685",2025-09-20 17:31:52.351807,2025-09-20 17:31:52.351807
63,12.275938,79.106086,"3457 Judith Ranch Apt. 785
West Michaelbury, VA 13084",2025-07-01 06:44:36.373120,2025-07-01 06:44:36.373120
64,-15.8774385,2.193722,"13682 Kelly Islands
West Jamesfurt, KY 99353",2025-07-01 06:44:36.373120,2025-07-01 06:44:36.373120
65,54.1018835,-56.269081,"5171 Ward Brook Suite 827
West Denise, MT 24202",2025-07-04 22:45:21.838141,2025-07-04 22:45:21.838141
66,-48.4333445,136.398466,"917 Armstrong Plaza Apt. 593
South Debbieburgh, DE 58575",2025-07-04 22:45:21.838141,2025-07-04 22:45:21.838141
67,56.2903605,-41.791567,"6559 Greer Summit Apt. 751
South Kristopher, MT 22030",2025-06-30 05:56:06.817201,2025-06-30 05:56:06.817201
68,-61.504164,-70.444914,"983 Gregory Village Suite 555
Abbottport, MS 80047",2025-06-30 05:56:06.817201,2025-06-30 05:56:06.817201
69,30.3378715,116.371981,"6899 Maria Orchard
Brandonbury, PW 28336",2025-06-30 05:56:06.817201,2025-06-30 05:56:06.817201
70,88.6772385,-7.398337,"44806 Tara Cove Suite 330
Port Logan, WA 02037",2025-10-25 04:18:04.706869,2025-10-25 04:18:04.706869
71,2.4689935,28.825859,"6818 Rogers Ways
East Angela, OK 16425",2025-07-26 10:10:26.656392,2025-07-26 10:10:26.656392
72,61.806636,-32.426251,"708 Park Falls
Bradyside, DE 08511",2025-11-13 03:50:23.519975,2025-11-13 03:50:23.519975
73,69.4803865,-89.142656,"002 William Court
Adamsborough, NY 26599",2025-10-22 07:57:32.143076,2025-10-22 07:57:32.143076
74,-55.361371,-159.06368,"6776 Beasley Square Apt. 159
South Robinfort, UT 85686",2025-10-22 07:57:32.143076,2025-10-22 07:57:32.143076
75,43.9601475,-68.941835,"4819 Castillo Hills Apt. 354
Port Katie, MA 80915",2025-05-30 15:49:39.565527,2025-05-30 15:49:39.565527
76,86.769031,103.944474,"851 Jennifer Garden
South Christopherland, OK 72287",2025-05-30 15:49:39.565527,2025-05-30 15:49:39.565527
77,63.50482,91.84312,"Unit 0543 Box 4570
DPO AA 38262",2025-06-28 10:35:33.011998,2025-06-28 10:35:33.011998
78,-53.2213155,-123.691181,"569 Lauren Forest
Kimport, NJ 60149",2025-06-28 10:35:33.011998,2025-06-28 10:35:33.011998
79,86.0308825,179.516365,"788 Garner Inlet Apt. 844
West Nicole, SC 99391",2025-06-18 01:30:49.501746,2025-06-18 01:30:49.501746
80,-44.798346,-105.109695,"3750 Logan Highway
Briannamouth, NC 79260",2025-06-18 01:30:49.501746,2025-06-18 01:30:49.501746
81,-78.3907145,-63.162648,"483 Hamilton Track Suite 907
Watsonberg, MS 39934",2025-09-08 05:04:52.032089,2025-09-08 05:04:52.032089
82,-16.0167355,-45.50707,"2691 Atkinson Mall Apt. 734
Port Michaelside, OR 44294",2025-09-08 05:04:52.032089,2025-09-08 05:04:52.032089
83,-21.7687585,31.314867,"966 Brooks Key Suite 688
Lake Matthew, KY 55122",2025-08-15 02:05:02.907619,2025-08-15 02:05:02.907619
84,-87.518119,156.497295,"Unit 5962 Box 0090
DPO AP 36181",2025-06-22 23:05:40.660786,2025-06-22 23:05:40.660786
85,71.1449905,148.230388,"1845 Clinton Overpass
North Nicholas, TN 60662",2025-11-04 16:26:04.394926,2025-11-04 16:26:04.394926
86,-2.7931825,-22.711984,"05425 Danielle Alley
Lake Benjaminchester, OR 04549",2025-11-09 05:05:46.268827,2025-11-09 05:05:46.268827
87,-58.610394,84.169858,"12663 Sarah Path
Emilytown, AS 96198",2025-11-09 05:05:46.268827,2025-11-09 05:05:46.268827
88,51.215617,161.45252,"937 Miller Extensions Apt. 950
Stephaniestad, TN 79712",2025-11-09 05:05:46.268827,2025-11-09 05:05:46.268827
89,32.452172,99.394243,"2837 Thompson Garden Suite 204
Wilsonberg, AK 11957",2025-11-14 19:05:09.507396,2025-11-14 19:05:09.507396
90,-84.643104,-139.760027,"8969 Williamson Burg Suite 462
Travistown, IN 92444",2025-07-14 12:42:47.442912,2025-07-14 12:42:47.442912
91,-28.0951265,75.212062,"795 Carolyn Route
Harrisborough, GU 30663",2025-10-03 22:51:34.693119,2025-10-03 22:51:34.693119
92,30.0327925,7.685287,"539 Christine Street Apt. 949
Garcialand, NC 10425",2025-08-17 09:16:18.698669,2025-08-17 09:16:18.698669
93,61.0491575,-102.373568,"08961 Jessica Springs Suite 453
South Tina, NE 96028",2025-08-17 09:16:18.698669,2025-08-17 09:16:18.698669
94,-74.0302505,172.659764,"099 Michael Pass
Edgarmouth, IN 02083",2025-06-07 21:07:43.062019,2025-06-07 21:07:43.062019
95,-29.1500515,120.743384,"6549 Young Corners
Port Melvin, LA 55043",2025-06-07 21:07:43.062019,2025-06-07 21:07:43.062019
96,6.416632,-14.110838,"0054 Allen Vista
West Brianna, IA 88379",2025-06-07 03:47:21.291696,2025-06-07 03:47:21.291696
97,37.1544495,-131.583905,"653 Henderson Trafficway
West Ashley, RI 04677",2025-09-13 15:23:26.969065,2025-09-13 15:23:26.969065
98,39.9514305,-160.843275,"110 Tony Knolls Suite 465
Davidborough, ND 85663",2025-09-13 15:23:26.969065,2025-09-13 15:23:26.969065
99,76.756233,-148.298344,"83624 Davis Circle Apt. 912
Aliciaport, VT 79695",2025-09-13 15:23:26.969065,2025-09-13 15:23:26.969065
100,56.74736,-71.390784,"2033 Lori Walks Apt. 803
North Selenatown, LA 24481",2025-05-25 17:36:29.545508,2025-05-25 17:36:29.545508
101,6.463121,-63.20503,"56995 Hahn Park Apt. 957
South Sharonmouth, DE 18531",2025-05-25 17:36:29.545508,2025-05-25 17:36:29.545508
102,-16.0223575,-73.926414,"490 Joy Stream Apt. 380
Coxborough, HI 06854",2025-10-08 01:17:22.401781,2025-10-08 01:17:22.401781
103,-40.08275,47.963383,"935 Santana Locks Apt. 190
Hendersonhaven, VI 76304",2025-10-08 01:17:22.401781,2025-10-08 01:17:22.401781
104,86.93117,162.592223,"009 Rodriguez Squares
Alexanderstad, MI 20086",2025-11-04 07:24:50.993365,2025-11-04 07:24:50.993365
105,76.960523,-15.854041,"397 Jackson Club Apt. 842
West John, WV 94122",2025-11-04 07:24:50.993365,2025-11-04 07:24:50.993365
106,-71.8868985,-20.071356,"515 Cox Harbors
Port Dana, AZ 24572",2025-10-21 11:28:24.153572,2025-10-21 11:28:24.153572
107,-66.861189,50.533276,"014 Andrew Glens
Garyshire, TN 98088",2025-09-24 17:23:18.980616,2025-09-24 17:23:18.980616
108,62.2014135,-79.154953,"500 Harvey Stravenue
Sandovalborough, MT 21196",2025-09-24 17:23:18.980616,2025-09-24 17:23:18.980616
109,-46.8282315,-166.740701,"953 Bruce Mall
East Joseph, LA 03917",2025-09-25 07:34:55.893904,2025-09-25 07:34:55.893904
110,-41.874463,-82.183685,"2569 Roth Plain
Jaymouth, VI 28964",2025-09-25 07:34:55.893904,2025-09-25 07:34:55.893904
111,-26.914512,-143.451998,"5331 Diane Stravenue
Walshbury, MA 27520",2025-07-17 13:57:01.707199,2025-07-17 13:57:01.707199
112,19.0092655,-33.026428,"PSC 9996, Box 6235
APO AA 43406",2025-07-17 13:57:01.707199,2025-07-17 13:57:01.707199
113,-66.4314455,-74.84903,"067 Robin Court Apt. 874
South Davidhaven, FL 36884",2025-07-17 13:57:01.707199,2025-07-17 13:57:01.707199
114,8.1302285,-27.534054,"PSC 2109, Box 8208
APO AE 38983",2025-06-08 16:47:10.575449,2025-06-08 16:47:10.575449
115,-88.7731815,92.427913,"7626 Marissa Pine
West Todd, TX 89551",2025-06-08 16:47:10.575449,2025-06-08 16:47:10.575449
116,-76.8825825,-151.976819,"5323 Perez River
Greenton, AL 38476",2025-06-08 16:47:10.575449,2025-06-08 16:47:10.575449
117,-49.84246,45.504101,"771 Kristin Crescent
East Christopher, DC 96218",2025-08-19 20:50:21.995597,2025-08-19 20:50:21.995597
118,35.965045,97.779463,"2955 Ford Summit
Donaldtown, OK 99503",2025-08-19 20:50:21.995597,2025-08-19 20:50:21.995597
119,-48.398173,-1.854974,"47989 Lynch Haven
West Danielchester, PR 24467",2025-08-19 20:50:21.995597,2025-08-19 20:50:21.995597
120,81.185713,177.354885,"217 Andrew Unions Suite 868
Port Katrinashire, MS 31029",2025-07-20 19:13:42.866660,2025-07-20 19:13:42.866660
121,50.9290945,-179.426319,"9297 Wilson Prairie
Jamesborough, CO 62009",2025-07-20 19:13:42.866660,2025-07-20 19:13:42.866660
122,-46.133022,-152.174011,"06816 Taylor Street
North Robert, WV 34256",2025-07-20 19:13:42.866660,2025-07-20 19:13:42.866660
123,81.553699,30.052229,"USCGC Barton
FPO AA 12150",2025-09-25 03:25:05.422027,2025-09-25 03:25:05.422027
124,-53.592538,-161.962504,"9844 Michele Oval Suite 416
Coxland, IN 19190",2025-09-25 03:25:05.422027,2025-09-25 03:25:05.422027
125,16.5115765,-16.722699,"362 Pierce Lights
Port Laurastad, MS 95244",2025-09-25 03:25:05.422027,2025-09-25 03:25:05.422027
126,-33.3003045,156.337037,"043 Brandon Parkway
Morenofurt, NV 66845",2025-07-21 16:10:14.303787,2025-07-21 16:10:14.303787
127,15.6788975,-156.103047,"63206 Nicole Coves Apt. 390
Juliaberg, OK 40022",2025-07-27 00:41:26.000782,2025-07-27 00:41:26.000782
128,-21.292595,90.072226,"93227 Mary Ford Suite 599
West Brianstad, UT 99809",2025-07-27 00:41:26.000782,2025-07-27 00:41:26.000782
129,36.7766525,-63.183568,"551 Walker Lock
West Brittneymouth, GA 28909",2025-09-06 13:47:41.174683,2025-09-06 13:47:41.174683
130,84.219331,131.266838,"7337 Timothy Grove
Lopeztown, DE 16168",2025-09-06 13:47:41.174683,2025-09-06 13:47:41.174683
131,84.8348625,130.280124,"690 Renee Mission Suite 431
New Elijahhaven, SC 74563",2025-09-06 13:47:41.174683,2025-09-06 13:47:41.174683
132,-46.7536815,133.608131,"39962 Mary Mall Suite 215
Cookeburgh, NC 87755",2025-06-28 05:36:41.645926,2025-06-28 05:36:41.645926
133,18.575546,-144.815592,"26047 John Burgs Suite 934
Lake David, MO 26233",2025-06-28 05:36:41.645926,2025-06-28 05:36:41.645926
134,22.2395765,-74.925591,"3468 Robert Turnpike
Sarahton, GU 87845",2025-06-28 05:36:41.645926,2025-06-28 05:36:41.645926
135,7.4559005,-75.3344,"4946 Booth Crescent
Port Anthonyton, NM 32872",2025-06-30 15:52:59.717490,2025-06-30 15:52:59.717490
136,-9.697722,174.619407,"9708 Santiago Club
South Stacychester, GA 36350",2025-06-30 15:52:59.717490,2025-06-30 15:52:59.717490
137,70.6553155,36.254239,"7612 Brown Tunnel Apt. 063
East Ginachester, LA 33615",2025-06-30 15:52:59.717490,2025-06-30 15:52:59.717490
138,-74.0603455,19.331606,"1870 Miller Groves
Lake Danielle, PA 45002",2025-10-30 10:14:22.167581,2025-10-30 10:14:22.167581
139,-6.0932145,13.813877,"396 Gerald Meadows
West Debra, MN 73672",2025-10-30 10:14:22.167581,2025-10-30 10:14:22.167581
140,83.211622,89.869119,"PSC 8650, Box 6836
APO AA 14972",2025-09-13 02:05:30.529412,2025-09-13 02:05:30.529412
141,-34.1214215,7.274493,"6608 Barnes Bypass
New Adam, OH 86069",2025-06-30 22:26:55.665541,2025-06-30 22:26:55.665541
142,14.3361855,-90.187352,"0818 Gregory Island
Clarencestad, WI 52015",2025-10-07 12:07:01.705844,2025-10-07 12:07:01.705844
143,-3.6817715,-92.144121,"8031 Watson Manor
East Taylor, SD 60475",2025-09-24 17:55:41.846309,2025-09-24 17:55:41.846309
144,-81.0493015,-141.301843,"38247 Rodriguez Fork
East Michaelburgh, WV 96871",2025-09-24 17:55:41.846309,2025-09-24 17:55:41.846309
145,15.533952,-60.71638,"487 Carpenter Islands
East Rebeccaland, IA 31168",2025-05-22 09:36:31.435239,2025-05-22 09:36:31.435239
146,42.4829245,-23.780215,"3610 Breanna Stream Suite 772
Stanleymouth, MS 56555",2025-05-22 09:36:31.435239,2025-05-22 09:36:31.435239
147,56.9782215,-12.852616,"USCGC Smith
FPO AE 98950",2025-10-20 23:39:54.206299,2025-10-20 23:39:54.206299
148,-50.004281,-137.937479,"8021 Jessica Terrace Apt. 488
Port Patrick, AZ 38473",2025-10-20 23:39:54.206299,2025-10-20 23:39:54.206299
149,85.452164,-102.719555,"2795 Christopher Courts
Ericmouth, AZ 66803",2025-07-30 06:33:25.332150,2025-07-30 06:33:25.332150
150,70.9997765,101.183849,"48678 Johns Expressway Suite 458
Shannonstad, PA 41309",2025-07-30 06:33:25.332150,2025-07-30 06:33:25.332150
151,27.8728685,91.826159,"471 Olson Skyway
Lake Willie, WY 14937",2025-07-30 06:33:25.332150,2025-07-30 06:33:25.332150
152,1.5267705,-49.953526,"90563 Olson Brooks Apt. 312
East Thomas, HI 59078",2025-07-06 04:53:42.935832,2025-07-06 04:53:42.935832
153,-30.4746955,79.240194,"8181 Gonzales Corners
West Ralphside, SC 33343",2025-06-12 14:37:07.215652,2025-06-12 14:37:07.215652
154,-41.9483445,-49.7419,"89706 Laurie Point Suite 801
Angelatown, ND 98127",2025-08-10 03:11:35.702544,2025-08-10 03:11:35.702544
155,-52.752013,-49.374828,"137 Tammy Plains
South Andrew, RI 46958",2025-06-08 08:25:01.076707,2025-06-08 08:25:01.076707
156,14.4993305,-17.327264,"1396 Edward Canyon Suite 037
South Andrew, NE 94959",2025-09-12 02:58:11.055737,2025-09-12 02:58:11.055737
157,-69.3231755,128.90678,"804 Patrick Village
East Sierraview, AZ 29600",2025-07-25 19:31:38.908376,2025-07-25 19:31:38.908376
158,61.7460875,8.939057,"70353 Schwartz Cliffs
North Sean, PW 66312",2025-09-01 08:28:20.076824,2025-09-01 08:28:20.076824
159,77.23484,69.229571,"PSC 1419, Box 0756
APO AE 69433",2025-10-04 02:10:40.863020,2025-10-04 02:10:40.863020
160,21.40545,113.430359,"34541 Dougherty Islands Apt. 743
Zacharystad, MO 71559",2025-09-23 19:14:12.164848,2025-09-23 19:14:12.164848
161,15.866484,171.329786,"43513 Sean Flats
North Anthonyborough, GU 07289",2025-09-03 06:27:33.189885,2025-09-03 06:27:33.189885
162,8.2858435,-36.053333,"622 Kemp Locks Apt. 611
Lake Megan, DC 47447",2025-10-27 06:03:57.787731,2025-10-27 06:03:57.787731
163,-34.139965,-141.229411,"2113 Beth Plain Suite 014
West Anthony, NH 65548",2025-08-20 21:04:10.888431,2025-08-20 21:04:10.888431
164,-21.9075315,89.031959,"1898 Lewis Junction Suite 305
North Tracyfurt, CO 44645",2025-07-15 00:24:11.461069,2025-07-15 00:24:11.461069
165,68.1281375,103.075701,"544 Horne Lock Apt. 324
Rittermouth, PA 54062",2025-10-12 18:32:05.767168,2025-10-12 18:32:05.767168
166,-89.7638545,-17.928955,"5047 Long Track Suite 726
West Lucasside, NJ 49458",2025-08-26 10:52:25.572273,2025-08-26 10:52:25.572273
167,-86.041944,-83.642548,"0441 White Squares Apt. 617
Christinashire, MT 13027",2025-10-05 02:49:27.257538,2025-10-05 02:49:27.257538
168,-41.200985,-117.200873,"7954 Grant Plains
South Debbie, KS 21633",2025-06-26 02:03:52.036686,2025-06-26 02:03:52.036686
169,-76.1272045,52.120261,"90933 Roberts Forest
Jacquelinefurt, RI 91407",2025-11-08 17:01:36.453618,2025-11-08 17:01:36.453618
170,-21.0707605,2.945051,"534 Steven Harbor Suite 843
Robinsonville, NY 71179",2025-10-17 15:15:29.515744,2025-10-17 15:15:29.515744
171,-75.246683,-55.632839,"62272 Scott Streets
Natashaberg, OR 57804",2025-06-06 17:49:42.606657,2025-06-06 17:49:42.606657
172,-64.373004,-24.208999,"1374 Mitchell Well Suite 951
Port Eddieton, AS 70610",2025-09-15 19:48:10.267068,2025-09-15 19:48:10.267068
173,13.369024,-144.845467,"87544 Brooke Forest
Lake Nicole, MS 56235",2025-06-27 05:39:00.067183,2025-06-27 05:39:00.067183
174,42.409186,64.431587,"43521 Ortega Squares
Alisonbury, SD 88638",2025-09-24 14:25:31.339632,2025-09-24 14:25:31.339632
175,74.8622565,126.434424,"08881 Michele Gateway Apt. 039
North Jason, ID 31720",2025-06-24 17:42:39.511135,2025-06-24 17:42:39.511135
176,-7.6844095,-88.486047,"USCGC Sanchez
FPO AA 32134",2025-08-20 01:43:08.082014,2025-08-20 01:43:08.082014
177,-11.3395665,-67.728075,"878 Jonathan Flats
Amandaside, MA 53542",2025-07-14 00:55:36.661247,2025-07-14 00:55:36.661247
178,-16.6810675,171.10739,"8743 Thomas Walk Apt. 595
Lisafort, AL 23013",2025-07-01 05:26:32.020775,2025-07-01 05:26:32.020775
179,-66.519598,44.397047,"PSC 0250, Box 3002
APO AE 88868",2025-07-06 01:54:33.766083,2025-07-06 01:54:33.766083
180,26.4696075,18.683841,"15240 Melissa Isle
North Christopher, MO 47015",2025-06-14 07:00:42.336730,2025-06-14 07:00:42.336730
181,38.0849355,46.205877,"Unit 0951 Box 8273
DPO AA 69176",2025-09-29 20:39:09.951368,2025-09-29 20:39:09.951368
182,-23.677793,-44.223166,"9386 Ricardo Centers
Latoyaburgh, OH 39312",2025-05-29 00:35:14.100977,2025-05-29 00:35:14.100977
183,-28.772236,-155.967715,"Unit 4705 Box 9605
DPO AE 36100",2025-06-11 09:02:21.968313,2025-06-11 09:02:21.968313
184,-70.4619445,-19.458358,"42589 Phelps Forest Suite 186
North Jeremytown, CA 15048",2025-10-14 16:43:59.184391,2025-10-14 16:43:59.184391
185,8.842459,129.772928,"8714 Carlos Stravenue
New Victoria, ME 81089",2025-09-22 00:20:39.284220,2025-09-22 00:20:39.284220
186,88.7937975,22.972806,"Unit 0982 Box 8923
DPO AA 27440",2025-05-22 03:26:45.785569,2025-05-22 03:26:45.785569
187,-25.2309165,106.330846,"USCGC Collins
FPO AE 64284",2025-07-27 04:38:17.689075,2025-07-27 04:38:17.689075
188,-12.9616275,102.222341,"19596 John Crescent
Jaredhaven, WV 41491",2025-10-25 07:16:16.019063,2025-10-25 07:16:16.019063
189,-48.4227215,-9.460075,"3490 Amy Manors Apt. 401
Wendyborough, OR 38997",2025-09-17 07:34:22.822490,2025-09-17 07:34:22.822490
190,36.871415,35.326035,"Unit 4235 Box 8366
DPO AA 12787",2025-11-08 15:20:49.617506,2025-11-08 15:20:49.617506
191,-38.497662,-134.763402,"11869 Davis Plains Apt. 206
South Dorothymouth, KY 39225",2025-05-31 06:29:59.271965,2025-05-31 06:29:59.271965
192,2.4980105,101.198875,"045 Flores Glen
New Monique, OR 77642",2025-05-25 15:55:51.910480,2025-05-25 15:55:51.910480
193,-39.1422905,47.941632,"194 Jeffrey Islands Apt. 307
Ashleyfurt, DE 92171",2025-07-02 01:05:00.369108,2025-07-02 01:05:00.369108
194,-54.964128,-147.741075,"0154 Ernest Meadows
Suttonview, MH 65206",2025-07-22 12:58:26.245749,2025-07-22 12:58:26.245749
