order_id,dish_id,amount,remark,created_at,updated_at
1,107,1,,2025-11-13 20:45:40.436468,2025-11-13 20:45:40.436468
1,119,2,,2025-11-13 20:45:40.436468,2025-11-13 20:45:40.436468
1,112,3,,2025-11-13 20:45:40.436468,2025-11-13 20:45:40.436468
2,186,1,,2025-10-20 18:03:41.825633,2025-10-20 18:03:41.825633
3,189,3,,2025-10-23 23:57:25.200783,2025-10-23 23:57:25.200783
3,192,1,,2025-10-23 23:57:25.200783,2025-10-23 23:57:25.200783
3,184,3,,2025-10-23 23:57:25.200783,2025-10-23 23:57:25.200783
4,241,3,,2025-10-22 01:30:04.047161,2025-10-22 01:30:04.047161
4,237,3,,2025-10-22 01:30:04.047161,2025-10-22 01:30:04.047161
5,150,2,,2025-11-05 22:59:22.443268,2025-11-05 22:59:22.443268
5,160,3,,2025-11-05 22:59:22.443268,2025-11-05 22:59:22.443268
6,224,1,,2025-10-22 10:05:18.062623,2025-10-22 10:05:18.062623
7,57,1,,2025-10-24 08:56:40.444336,2025-10-24 08:56:40.444336
7,51,3,,2025-10-24 08:56:40.444336,2025-10-24 08:56:40.444336
8,103,2,,2025-10-26 11:28:49.005242,2025-10-26 11:28:49.005242
8,116,1,,2025-10-26 11:28:49.005242,2025-10-26 11:28:49.005242
9,203,1,,2025-10-18 21:43:00.587201,2025-10-18 21:43:00.587201
10,130,2,,2025-10-19 13:20:10.274841,2025-10-19 13:20:10.274841
10,121,3,,2025-10-19 13:20:10.274841,2025-10-19 13:20:10.274841
10,122,1,,2025-10-19 13:20:10.274841,2025-10-19 13:20:10.274841
11,185,2,,2025-10-24 02:17:58.365149,2025-10-24 02:17:58.365149
11,192,2,,2025-10-24 02:17:58.365149,2025-10-24 02:17:58.365149
12,215,3,,2025-10-06 23:17:57.428497,2025-10-06 23:17:57.428497
12,205,3,,2025-10-06 23:17:57.428497,2025-10-06 23:17:57.428497
13,94,1,,2025-10-15 17:57:53.997702,2025-10-15 17:57:53.997702
13,91,3,,2025-10-15 17:57:53.997702,2025-10-15 17:57:53.997702
14,205,1,,2025-10-16 17:06:18.308355,2025-10-16 17:06:18.308355
14,218,3,,2025-10-16 17:06:18.308355,2025-10-16 17:06:18.308355
15,78,1,,2025-11-08 23:13:36.944900,2025-11-08 23:13:36.944900
16,61,2,,2025-10-02 10:43:46.437971,2025-10-02 10:43:46.437971
16,66,1,,2025-10-02 10:43:46.437971,2025-10-02 10:43:46.437971
16,68,2,,2025-10-02 10:43:46.437971,2025-10-02 10:43:46.437971
17,51,1,,2025-10-20 19:00:53.538143,2025-10-20 19:00:53.538143
17,49,3,,2025-10-20 19:00:53.538143,2025-10-20 19:00:53.538143
18,211,1,,2025-11-07 10:12:29.095783,2025-11-07 10:12:29.095783
18,209,1,,2025-11-07 10:12:29.095783,2025-11-07 10:12:29.095783
19,156,3,,2025-10-19 00:54:28.598046,2025-10-19 00:54:28.598046
20,193,1,,2025-10-28 07:06:10.632750,2025-10-28 07:06:10.632750
20,183,2,,2025-10-28 07:06:10.632750,2025-10-28 07:06:10.632750
21,71,1,,2025-10-25 22:18:52.559630,2025-10-25 22:18:52.559630
21,67,2,,2025-10-25 22:18:52.559630,2025-10-25 22:18:52.559630
22,25,2,,2025-11-07 21:09:11.405493,2025-11-07 21:09:11.405493
23,33,3,,2025-10-28 04:47:09.351666,2025-10-28 04:47:09.351666
23,32,3,,2025-10-28 04:47:09.351666,2025-10-28 04:47:09.351666
23,35,3,,2025-10-28 04:47:09.351666,2025-10-28 04:47:09.351666
24,201,3,,2025-10-30 05:54:20.437531,2025-10-30 05:54:20.437531
25,231,1,,2025-10-05 16:55:56.896317,2025-10-05 16:55:56.896317
25,234,3,,2025-10-05 16:55:56.896317,2025-10-05 16:55:56.896317
26,231,1,,2025-11-02 20:30:15.188359,2025-11-02 20:30:15.188359
26,228,2,,2025-11-02 20:30:15.188359,2025-11-02 20:30:15.188359
27,1,2,,2025-10-28 02:47:50.321090,2025-10-28 02:47:50.321090
28,199,2,,2025-10-30 20:28:26.581308,2025-10-30 20:28:26.581308
29,84,2,,2025-10-20 05:17:03.230494,2025-10-20 05:17:03.230494
30,216,3,,2025-10-14 06:55:58.221228,2025-10-14 06:55:58.221228
31,247,1,,2025-10-09 10:57:47.647476,2025-10-09 10:57:47.647476
32,187,2,,2025-10-31 16:07:43.287329,2025-10-31 16:07:43.287329
32,184,2,,2025-10-31 16:07:43.287329,2025-10-31 16:07:43.287329
32,186,1,,2025-10-31 16:07:43.287329,2025-10-31 16:07:43.287329
33,240,1,,2025-10-13 00:27:49.511886,2025-10-13 00:27:49.511886
33,242,3,,2025-10-13 00:27:49.511886,2025-10-13 00:27:49.511886
34,110,2,,2025-11-06 07:44:40.102430,2025-11-06 07:44:40.102430
34,112,2,,2025-11-06 07:44:40.102430,2025-11-06 07:44:40.102430
35,43,2,,2025-11-12 04:15:46.871855,2025-11-12 04:15:46.871855
36,24,2,,2025-10-07 13:59:06.692642,2025-10-07 13:59:06.692642
37,15,1,,2025-11-04 20:21:32.704043,2025-11-04 20:21:32.704043
37,8,1,,2025-11-04 20:21:32.704043,2025-11-04 20:21:32.704043
38,39,1,,2025-10-16 02:34:10.244762,2025-10-16 02:34:10.244762
38,34,3,,2025-10-16 02:34:10.244762,2025-10-16 02:34:10.244762
38,31,2,,2025-10-16 02:34:10.244762,2025-10-16 02:34:10.244762
39,28,2,,2025-10-02 09:50:24.141654,2025-10-02 09:50:24.141654
40,127,1,,2025-10-24 21:00:26.922919,2025-10-24 21:00:26.922919
40,122,3,,2025-10-24 21:00:26.922919,2025-10-24 21:00:26.922919
41,189,1,,2025-11-10 02:03:55.637100,2025-11-10 02:03:55.637100
42,157,1,,2025-10-12 06:40:06.740533,2025-10-12 06:40:06.740533
42,154,2,,2025-10-12 06:40:06.740533,2025-10-12 06:40:06.740533
43,109,2,,2025-10-11 06:00:37.052787,2025-10-11 06:00:37.052787
43,110,1,,2025-10-11 06:00:37.052787,2025-10-11 06:00:37.052787
43,103,1,,2025-10-11 06:00:37.052787,2025-10-11 06:00:37.052787
44,95,1,,2025-11-13 16:30:57.906653,2025-11-13 16:30:57.906653
44,88,3,,2025-11-13 16:30:57.906653,2025-11-13 16:30:57.906653
45,149,1,,2025-11-02 11:10:07.548296,2025-11-02 11:10:07.548296
46,228,1,,2025-10-01 14:59:30.012342,2025-10-01 14:59:30.012342
46,225,2,,2025-10-01 14:59:30.012342,2025-10-01 14:59:30.012342
46,231,2,,2025-10-01 14:59:30.012342,2025-10-01 14:59:30.012342
47,105,2,,2025-10-24 01:50:32.950049,2025-10-24 01:50:32.950049
47,117,2,,2025-10-24 01:50:32.950049,2025-10-24 01:50:32.950049
47,106,1,,2025-10-24 01:50:32.950049,2025-10-24 01:50:32.950049
48,88,3,,2025-10-19 12:04:37.959994,2025-10-19 12:04:37.959994
49,228,3,,2025-10-19 21:52:03.896308,2025-10-19 21:52:03.896308
49,231,3,,2025-10-19 21:52:03.896308,2025-10-19 21:52:03.896308
50,142,1,,2025-10-05 07:23:14.090271,2025-10-05 07:23:14.090271
51,164,1,,2025-10-01 07:02:08.569698,2025-10-01 07:02:08.569698
51,149,1,,2025-10-01 07:02:08.569698,2025-10-01 07:02:08.569698
51,155,1,,2025-10-01 07:02:08.569698,2025-10-01 07:02:08.569698
52,103,1,,2025-11-14 11:24:43.419182,2025-11-14 11:24:43.419182
53,224,2,,2025-11-08 16:53:10.392451,2025-11-08 16:53:10.392451
54,227,2,,2025-10-02 15:29:54.494785,2025-10-02 15:29:54.494785
54,224,1,,2025-10-02 15:29:54.494785,2025-10-02 15:29:54.494785
54,231,2,,2025-10-02 15:29:54.494785,2025-10-02 15:29:54.494785
55,29,3,,2025-10-02 02:43:14.949350,2025-10-02 02:43:14.949350
56,30,2,,2025-10-27 09:32:50.389389,2025-10-27 09:32:50.389389
56,38,1,,2025-10-27 09:32:50.389389,2025-10-27 09:32:50.389389
57,36,1,,2025-10-15 11:00:04.081786,2025-10-15 11:00:04.081786
57,33,1,,2025-10-15 11:00:04.081786,2025-10-15 11:00:04.081786
57,32,2,,2025-10-15 11:00:04.081786,2025-10-15 11:00:04.081786
58,236,3,,2025-10-30 22:53:59.606386,2025-10-30 22:53:59.606386
58,241,1,,2025-10-30 22:53:59.606386,2025-10-30 22:53:59.606386
59,225,3,,2025-10-06 18:19:56.625619,2025-10-06 18:19:56.625619
60,228,2,,2025-11-06 04:40:37.270215,2025-11-06 04:40:37.270215
60,223,2,,2025-11-06 04:40:37.270215,2025-11-06 04:40:37.270215
61,69,3,,2025-11-09 01:33:53.005294,2025-11-09 01:33:53.005294
61,65,3,,2025-11-09 01:33:53.005294,2025-11-09 01:33:53.005294
62,182,3,,2025-10-23 01:58:54.626252,2025-10-23 01:58:54.626252
63,97,1,,2025-11-06 22:35:39.929412,2025-11-06 22:35:39.929412
63,99,3,,2025-11-06 22:35:39.929412,2025-11-06 22:35:39.929412
64,30,1,,2025-10-29 08:14:43.733346,2025-10-29 08:14:43.733346
64,36,1,,2025-10-29 08:14:43.733346,2025-10-29 08:14:43.733346
65,5,2,,2025-11-06 01:11:28.302721,2025-11-06 01:11:28.302721
65,6,3,,2025-11-06 01:11:28.302721,2025-11-06 01:11:28.302721
66,184,3,,2025-10-19 04:21:18.626200,2025-10-19 04:21:18.626200
66,183,2,,2025-10-19 04:21:18.626200,2025-10-19 04:21:18.626200
66,191,2,,2025-10-19 04:21:18.626200,2025-10-19 04:21:18.626200
67,131,1,,2025-10-22 10:40:06.451898,2025-10-22 10:40:06.451898
67,130,1,,2025-10-22 10:40:06.451898,2025-10-22 10:40:06.451898
67,124,3,,2025-10-22 10:40:06.451898,2025-10-22 10:40:06.451898
68,93,3,,2025-11-01 14:28:33.972717,2025-11-01 14:28:33.972717
68,96,2,,2025-11-01 14:28:33.972717,2025-11-01 14:28:33.972717
69,62,2,,2025-10-24 01:04:55.313879,2025-10-24 01:04:55.313879
69,69,3,,2025-10-24 01:04:55.313879,2025-10-24 01:04:55.313879
69,66,1,,2025-10-24 01:04:55.313879,2025-10-24 01:04:55.313879
70,175,3,,2025-10-27 20:43:15.792415,2025-10-27 20:43:15.792415
70,180,3,,2025-10-27 20:43:15.792415,2025-10-27 20:43:15.792415
71,187,2,,2025-10-14 08:56:21.108821,2025-10-14 08:56:21.108821
71,189,2,,2025-10-14 08:56:21.108821,2025-10-14 08:56:21.108821
71,183,3,,2025-10-14 08:56:21.108821,2025-10-14 08:56:21.108821
72,154,1,,2025-10-11 21:04:01.992693,2025-10-11 21:04:01.992693
72,159,1,,2025-10-11 21:04:01.992693,2025-10-11 21:04:01.992693
72,164,3,,2025-10-11 21:04:01.992693,2025-10-11 21:04:01.992693
73,200,1,,2025-11-04 13:38:57.484336,2025-11-04 13:38:57.484336
73,201,3,,2025-11-04 13:38:57.484336,2025-11-04 13:38:57.484336
74,113,3,,2025-10-20 05:33:02.957372,2025-10-20 05:33:02.957372
75,221,1,,2025-10-11 20:22:02.193383,2025-10-11 20:22:02.193383
75,222,2,,2025-10-11 20:22:02.193383,2025-10-11 20:22:02.193383
75,215,2,,2025-10-11 20:22:02.193383,2025-10-11 20:22:02.193383
76,69,1,,2025-10-12 11:18:49.598004,2025-10-12 11:18:49.598004
77,19,2,,2025-11-08 03:54:41.486664,2025-11-08 03:54:41.486664
77,20,2,,2025-11-08 03:54:41.486664,2025-11-08 03:54:41.486664
77,29,1,,2025-11-08 03:54:41.486664,2025-11-08 03:54:41.486664
78,14,1,,2025-11-03 11:40:44.317295,2025-11-03 11:40:44.317295
78,4,2,,2025-11-03 11:40:44.317295,2025-11-03 11:40:44.317295
79,232,3,,2025-10-16 04:29:50.577654,2025-10-16 04:29:50.577654
80,149,3,,2025-10-10 14:33:40.166969,2025-10-10 14:33:40.166969
81,123,1,,2025-10-18 17:42:01.159154,2025-10-18 17:42:01.159154
81,127,1,,2025-10-18 17:42:01.159154,2025-10-18 17:42:01.159154
81,124,2,,2025-10-18 17:42:01.159154,2025-10-18 17:42:01.159154
82,121,2,,2025-11-02 11:45:51.293501,2025-11-02 11:45:51.293501
82,125,2,,2025-11-02 11:45:51.293501,2025-11-02 11:45:51.293501
82,130,2,,2025-11-02 11:45:51.293501,2025-11-02 11:45:51.293501
83,20,2,,2025-10-11 03:10:39.292124,2025-10-11 03:10:39.292124
84,5,2,,2025-10-23 15:40:13.038026,2025-10-23 15:40:13.038026
84,16,1,,2025-10-23 15:40:13.038026,2025-10-23 15:40:13.038026
84,17,1,,2025-10-23 15:40:13.038026,2025-10-23 15:40:13.038026
85,244,3,,2025-10-16 19:23:50.115592,2025-10-16 19:23:50.115592
85,236,3,,2025-10-16 19:23:50.115592,2025-10-16 19:23:50.115592
85,241,2,,2025-10-16 19:23:50.115592,2025-10-16 19:23:50.115592
86,150,1,,2025-10-31 06:36:40.217023,2025-10-31 06:36:40.217023
86,156,2,,2025-10-31 06:36:40.217023,2025-10-31 06:36:40.217023
87,13,1,,2025-11-10 16:24:01.844132,2025-11-10 16:24:01.844132
88,222,1,,2025-11-01 08:34:06.249053,2025-11-01 08:34:06.249053
88,220,3,,2025-11-01 08:34:06.249053,2025-11-01 08:34:06.249053
89,198,1,,2025-10-12 10:15:20.530132,2025-10-12 10:15:20.530132
90,54,1,,2025-11-06 21:25:44.664350,2025-11-06 21:25:44.664350
90,56,3,,2025-11-06 21:25:44.664350,2025-11-06 21:25:44.664350
91,85,2,,2025-10-19 13:03:10.984864,2025-10-19 13:03:10.984864
91,74,3,,2025-10-19 13:03:10.984864,2025-10-19 13:03:10.984864
91,73,2,,2025-10-19 13:03:10.984864,2025-10-19 13:03:10.984864
92,243,3,,2025-10-14 08:38:02.431546,2025-10-14 08:38:02.431546
92,240,2,,2025-10-14 08:38:02.431546,2025-10-14 08:38:02.431546
93,152,3,,2025-10-28 23:23:29.733242,2025-10-28 23:23:29.733242
93,160,2,,2025-10-28 23:23:29.733242,2025-10-28 23:23:29.733242
93,157,3,,2025-10-28 23:23:29.733242,2025-10-28 23:23:29.733242
94,140,1,,2025-10-11 07:20:33.258903,2025-10-11 07:20:33.258903
94,136,3,,2025-10-11 07:20:33.258903,2025-10-11 07:20:33.258903
94,145,1,,2025-10-11 07:20:33.258903,2025-10-11 07:20:33.258903
95,191,1,,2025-10-05 13:43:24.489763,2025-10-05 13:43:24.489763
96,9,3,,2025-10-15 05:19:13.147799,2025-10-15 05:19:13.147799
96,7,3,,2025-10-15 05:19:13.147799,2025-10-15 05:19:13.147799
96,15,3,,2025-10-15 05:19:13.147799,2025-10-15 05:19:13.147799
97,83,2,,2025-10-12 09:55:06.481958,2025-10-12 09:55:06.481958
98,60,3,,2025-11-01 17:05:09.488593,2025-11-01 17:05:09.488593
99,246,3,,2025-10-06 06:37:15.680184,2025-10-06 06:37:15.680184
99,250,2,,2025-10-06 06:37:15.680184,2025-10-06 06:37:15.680184
100,112,1,,2025-11-04 03:34:59.832848,2025-11-04 03:34:59.832848
101,138,1,,2025-11-02 22:51:07.442024,2025-11-02 22:51:07.442024
101,142,3,,2025-11-02 22:51:07.442024,2025-11-02 22:51:07.442024
101,140,3,,2025-11-02 22:51:07.442024,2025-11-02 22:51:07.442024
102,57,3,,2025-10-11 15:36:21.390843,2025-10-11 15:36:21.390843
103,23,2,,2025-10-24 13:07:17.572644,2025-10-24 13:07:17.572644
104,40,1,,2025-10-30 20:35:42.906467,2025-10-30 20:35:42.906467
104,42,2,,2025-10-30 20:35:42.906467,2025-10-30 20:35:42.906467
104,41,3,,2025-10-30 20:35:42.906467,2025-10-30 20:35:42.906467
105,6,2,,2025-10-11 12:00:41.076506,2025-10-11 12:00:41.076506
105,8,3,,2025-10-11 12:00:41.076506,2025-10-11 12:00:41.076506
106,97,3,,2025-10-28 05:28:41.741115,2025-10-28 05:28:41.741115
106,89,2,,2025-10-28 05:28:41.741115,2025-10-28 05:28:41.741115
106,92,1,,2025-10-28 05:28:41.741115,2025-10-28 05:28:41.741115
107,228,1,,2025-10-21 13:05:57.718696,2025-10-21 13:05:57.718696
107,225,1,,2025-10-21 13:05:57.718696,2025-10-21 13:05:57.718696
108,179,3,,2025-10-09 18:03:22.320997,2025-10-09 18:03:22.320997
108,171,3,,2025-10-09 18:03:22.320997,2025-10-09 18:03:22.320997
109,247,1,,2025-10-10 06:20:56.581369,2025-10-10 06:20:56.581369
110,235,3,,2025-10-03 05:58:09.151870,2025-10-03 05:58:09.151870
110,241,2,,2025-10-03 05:58:09.151870,2025-10-03 05:58:09.151870
110,238,3,,2025-10-03 05:58:09.151870,2025-10-03 05:58:09.151870
111,74,3,,2025-10-17 02:55:37.403048,2025-10-17 02:55:37.403048
111,79,1,,2025-10-17 02:55:37.403048,2025-10-17 02:55:37.403048
111,85,3,,2025-10-17 02:55:37.403048,2025-10-17 02:55:37.403048
112,181,2,,2025-11-13 19:43:04.022258,2025-11-13 19:43:04.022258
112,180,1,,2025-11-13 19:43:04.022258,2025-11-13 19:43:04.022258
113,34,2,,2025-10-29 22:45:10.175555,2025-10-29 22:45:10.175555
113,36,2,,2025-10-29 22:45:10.175555,2025-10-29 22:45:10.175555
113,33,3,,2025-10-29 22:45:10.175555,2025-10-29 22:45:10.175555
114,122,3,,2025-10-10 01:32:13.561498,2025-10-10 01:32:13.561498
115,226,1,,2025-10-11 15:18:32.573033,2025-10-11 15:18:32.573033
115,232,1,,2025-10-11 15:18:32.573033,2025-10-11 15:18:32.573033
116,244,1,,2025-10-07 15:23:32.890435,2025-10-07 15:23:32.890435
116,235,2,,2025-10-07 15:23:32.890435,2025-10-07 15:23:32.890435
117,71,2,,2025-10-09 06:21:34.570029,2025-10-09 06:21:34.570029
117,70,2,,2025-10-09 06:21:34.570029,2025-10-09 06:21:34.570029
117,60,3,,2025-10-09 06:21:34.570029,2025-10-09 06:21:34.570029
118,241,3,,2025-11-02 20:50:57.099840,2025-11-02 20:50:57.099840
118,237,1,,2025-11-02 20:50:57.099840,2025-11-02 20:50:57.099840
118,236,3,,2025-11-02 20:50:57.099840,2025-11-02 20:50:57.099840
119,14,3,,2025-11-05 13:31:37.888540,2025-11-05 13:31:37.888540
119,17,3,,2025-11-05 13:31:37.888540,2025-11-05 13:31:37.888540
119,18,2,,2025-11-05 13:31:37.888540,2025-11-05 13:31:37.888540
120,44,1,,2025-10-05 12:54:50.253268,2025-10-05 12:54:50.253268
120,48,2,,2025-10-05 12:54:50.253268,2025-10-05 12:54:50.253268
121,243,3,,2025-10-21 09:57:24.296216,2025-10-21 09:57:24.296216
122,128,3,,2025-11-12 03:40:18.788932,2025-11-12 03:40:18.788932
122,126,2,,2025-11-12 03:40:18.788932,2025-11-12 03:40:18.788932
123,249,2,,2025-10-31 09:51:26.373856,2025-10-31 09:51:26.373856
123,257,3,,2025-10-31 09:51:26.373856,2025-10-31 09:51:26.373856
124,56,3,,2025-10-16 11:41:23.185572,2025-10-16 11:41:23.185572
125,229,3,,2025-10-12 22:05:54.879294,2025-10-12 22:05:54.879294
125,224,1,,2025-10-12 22:05:54.879294,2025-10-12 22:05:54.879294
125,233,3,,2025-10-12 22:05:54.879294,2025-10-12 22:05:54.879294
126,29,3,,2025-11-01 23:24:23.254215,2025-11-01 23:24:23.254215
127,76,2,,2025-10-11 07:59:39.772445,2025-10-11 07:59:39.772445
128,98,3,,2025-10-09 04:46:44.840460,2025-10-09 04:46:44.840460
128,95,1,,2025-10-09 04:46:44.840460,2025-10-09 04:46:44.840460
129,127,2,,2025-10-20 17:47:50.595653,2025-10-20 17:47:50.595653
129,126,2,,2025-10-20 17:47:50.595653,2025-10-20 17:47:50.595653
129,129,3,,2025-10-20 17:47:50.595653,2025-10-20 17:47:50.595653
130,115,1,,2025-10-01 22:52:59.805982,2025-10-01 22:52:59.805982
130,113,2,,2025-10-01 22:52:59.805982,2025-10-01 22:52:59.805982
131,92,1,,2025-11-12 18:15:36.182046,2025-11-12 18:15:36.182046
131,89,1,,2025-11-12 18:15:36.182046,2025-11-12 18:15:36.182046
132,55,3,,2025-10-16 02:35:50.535533,2025-10-16 02:35:50.535533
133,122,3,,2025-11-08 07:35:36.437005,2025-11-08 07:35:36.437005
133,128,1,,2025-11-08 07:35:36.437005,2025-11-08 07:35:36.437005
134,73,1,,2025-10-17 07:03:23.979189,2025-10-17 07:03:23.979189
134,83,3,,2025-10-17 07:03:23.979189,2025-10-17 07:03:23.979189
135,154,2,,2025-10-27 15:24:40.124212,2025-10-27 15:24:40.124212
135,164,2,,2025-10-27 15:24:40.124212,2025-10-27 15:24:40.124212
136,60,3,,2025-10-08 15:40:33.913840,2025-10-08 15:40:33.913840
136,65,3,,2025-10-08 15:40:33.913840,2025-10-08 15:40:33.913840
136,58,3,,2025-10-08 15:40:33.913840,2025-10-08 15:40:33.913840
137,75,1,,2025-10-17 03:40:40.214138,2025-10-17 03:40:40.214138
138,91,2,,2025-11-13 21:45:46.269011,2025-11-13 21:45:46.269011
138,98,3,,2025-11-13 21:45:46.269011,2025-11-13 21:45:46.269011
138,90,2,,2025-11-13 21:45:46.269011,2025-11-13 21:45:46.269011
139,84,1,,2025-11-12 10:08:35.821541,2025-11-12 10:08:35.821541
139,77,1,,2025-11-12 10:08:35.821541,2025-11-12 10:08:35.821541
139,78,1,,2025-11-12 10:08:35.821541,2025-11-12 10:08:35.821541
140,125,1,,2025-10-16 11:07:50.509192,2025-10-16 11:07:50.509192
140,129,1,,2025-10-16 11:07:50.509192,2025-10-16 11:07:50.509192
141,17,1,,2025-10-01 18:29:05.212879,2025-10-01 18:29:05.212879
141,3,3,,2025-10-01 18:29:05.212879,2025-10-01 18:29:05.212879
142,66,2,,2025-10-30 00:43:34.987505,2025-10-30 00:43:34.987505
143,66,3,,2025-10-21 15:40:00.443479,2025-10-21 15:40:00.443479
143,60,2,,2025-10-21 15:40:00.443479,2025-10-21 15:40:00.443479
143,67,3,,2025-10-21 15:40:00.443479,2025-10-21 15:40:00.443479
144,132,3,,2025-11-11 09:05:50.708308,2025-11-11 09:05:50.708308
145,139,2,,2025-10-09 03:57:56.522800,2025-10-09 03:57:56.522800
145,132,2,,2025-10-09 03:57:56.522800,2025-10-09 03:57:56.522800
145,140,1,,2025-10-09 03:57:56.522800,2025-10-09 03:57:56.522800
146,110,1,,2025-10-03 16:41:03.857723,2025-10-03 16:41:03.857723
146,111,1,,2025-10-03 16:41:03.857723,2025-10-03 16:41:03.857723
146,119,2,,2025-10-03 16:41:03.857723,2025-10-03 16:41:03.857723
147,86,1,,2025-10-01 12:42:33.752527,2025-10-01 12:42:33.752527
147,88,1,,2025-10-01 12:42:33.752527,2025-10-01 12:42:33.752527
148,201,2,,2025-10-23 16:23:18.982928,2025-10-23 16:23:18.982928
148,199,1,,2025-10-23 16:23:18.982928,2025-10-23 16:23:18.982928
149,85,1,,2025-10-05 12:47:18.725468,2025-10-05 12:47:18.725468
150,89,2,,2025-11-06 22:51:57.980665,2025-11-06 22:51:57.980665
150,94,2,,2025-11-06 22:51:57.980665,2025-11-06 22:51:57.980665
151,143,1,,2025-10-06 03:22:23.486941,2025-10-06 03:22:23.486941
152,47,2,,2025-10-01 01:18:31.095438,2025-10-01 01:18:31.095438
152,40,3,,2025-10-01 01:18:31.095438,2025-10-01 01:18:31.095438
153,24,1,,2025-10-28 19:58:34.257743,2025-10-28 19:58:34.257743
154,127,3,,2025-11-01 16:03:07.739270,2025-11-01 16:03:07.739270
155,32,1,,2025-11-02 21:13:13.626610,2025-11-02 21:13:13.626610
155,37,3,,2025-11-02 21:13:13.626610,2025-11-02 21:13:13.626610
155,34,3,,2025-11-02 21:13:13.626610,2025-11-02 21:13:13.626610
156,151,1,,2025-10-14 15:57:22.224391,2025-10-14 15:57:22.224391
156,161,3,,2025-10-14 15:57:22.224391,2025-10-14 15:57:22.224391
156,152,2,,2025-10-14 15:57:22.224391,2025-10-14 15:57:22.224391
157,87,3,,2025-10-14 17:46:54.062892,2025-10-14 17:46:54.062892
158,30,3,,2025-10-14 13:17:22.470031,2025-10-14 13:17:22.470031
158,35,1,,2025-10-14 13:17:22.470031,2025-10-14 13:17:22.470031
159,236,1,,2025-10-26 01:05:17.356680,2025-10-26 01:05:17.356680
160,195,1,,2025-11-08 00:06:27.487946,2025-11-08 00:06:27.487946
160,203,1,,2025-11-08 00:06:27.487946,2025-11-08 00:06:27.487946
160,199,1,,2025-11-08 00:06:27.487946,2025-11-08 00:06:27.487946
161,162,3,,2025-11-09 01:09:56.410458,2025-11-09 01:09:56.410458
161,165,1,,2025-11-09 01:09:56.410458,2025-11-09 01:09:56.410458
162,5,1,,2025-10-21 10:54:09.242109,2025-10-21 10:54:09.242109
162,10,2,,2025-10-21 10:54:09.242109,2025-10-21 10:54:09.242109
162,1,1,,2025-10-21 10:54:09.242109,2025-10-21 10:54:09.242109
163,110,3,,2025-11-08 21:41:22.949644,2025-11-08 21:41:22.949644
164,49,2,,2025-10-01 18:18:24.316240,2025-10-01 18:18:24.316240
164,41,2,,2025-10-01 18:18:24.316240,2025-10-01 18:18:24.316240
164,52,2,,2025-10-01 18:18:24.316240,2025-10-01 18:18:24.316240
165,13,1,,2025-10-15 21:12:17.484470,2025-10-15 21:12:17.484470
165,2,2,,2025-10-15 21:12:17.484470,2025-10-15 21:12:17.484470
165,10,3,,2025-10-15 21:12:17.484470,2025-10-15 21:12:17.484470
166,238,1,,2025-10-17 17:25:20.904283,2025-10-17 17:25:20.904283
167,38,2,,2025-11-07 14:34:51.870625,2025-11-07 14:34:51.870625
167,36,3,,2025-11-07 14:34:51.870625,2025-11-07 14:34:51.870625
168,238,2,,2025-10-01 01:23:30.995476,2025-10-01 01:23:30.995476
169,81,1,,2025-10-13 17:21:25.659766,2025-10-13 17:21:25.659766
169,84,1,,2025-10-13 17:21:25.659766,2025-10-13 17:21:25.659766
170,142,1,,2025-11-04 20:09:33.448553,2025-11-04 20:09:33.448553
171,239,3,,2025-10-30 20:20:12.874542,2025-10-30 20:20:12.874542
172,130,2,,2025-10-06 04:58:20.956264,2025-10-06 04:58:20.956264
172,125,1,,2025-10-06 04:58:20.956264,2025-10-06 04:58:20.956264
172,121,2,,2025-10-06 04:58:20.956264,2025-10-06 04:58:20.956264
173,33,1,,2025-10-24 04:54:59.374041,2025-10-24 04:54:59.374041
174,130,1,,2025-10-10 11:47:34.363571,2025-10-10 11:47:34.363571
175,109,3,,2025-11-06 11:58:44.707078,2025-11-06 11:58:44.707078
175,106,2,,2025-11-06 11:58:44.707078,2025-11-06 11:58:44.707078
176,95,1,,2025-10-09 00:21:37.102606,2025-10-09 00:21:37.102606
177,14,3,,2025-10-06 00:13:55.127744,2025-10-06 00:13:55.127744
177,18,2,,2025-10-06 00:13:55.127744,2025-10-06 00:13:55.127744
178,129,2,,2025-11-13 21:32:16.781744,2025-11-13 21:32:16.781744
178,131,1,,2025-11-13 21:32:16.781744,2025-11-13 21:32:16.781744
178,123,3,,2025-11-13 21:32:16.781744,2025-11-13 21:32:16.781744
179,79,1,,2025-10-20 04:14:10.194802,2025-10-20 04:14:10.194802
179,85,2,,2025-10-20 04:14:10.194802,2025-10-20 04:14:10.194802
180,88,2,,2025-11-12 10:15:31.145269,2025-11-12 10:15:31.145269
181,192,3,,2025-10-28 14:00:31.681970,2025-10-28 14:00:31.681970
182,25,2,,2025-10-21 21:23:09.571073,2025-10-21 21:23:09.571073
182,27,2,,2025-10-21 21:23:09.571073,2025-10-21 21:23:09.571073
182,19,2,,2025-10-21 21:23:09.571073,2025-10-21 21:23:09.571073
183,83,1,,2025-10-29 13:04:34.977150,2025-10-29 13:04:34.977150
183,80,1,,2025-10-29 13:04:34.977150,2025-10-29 13:04:34.977150
183,74,2,,2025-10-29 13:04:34.977150,2025-10-29 13:04:34.977150
184,83,2,,2025-11-14 20:09:37.597411,2025-11-14 20:09:37.597411
184,73,1,,2025-11-14 20:09:37.597411,2025-11-14 20:09:37.597411
184,84,3,,2025-11-14 20:09:37.597411,2025-11-14 20:09:37.597411
185,71,1,,2025-11-04 10:18:07.439247,2025-11-04 10:18:07.439247
186,127,3,,2025-10-30 15:36:21.000687,2025-10-30 15:36:21.000687
187,18,1,,2025-10-11 06:07:37.138717,2025-10-11 06:07:37.138717
188,134,1,,2025-10-13 17:52:46.062224,2025-10-13 17:52:46.062224
188,133,3,,2025-10-13 17:52:46.062224,2025-10-13 17:52:46.062224
189,38,3,,2025-10-30 02:00:07.478964,2025-10-30 02:00:07.478964
189,31,2,,2025-10-30 02:00:07.478964,2025-10-30 02:00:07.478964
190,242,2,,2025-10-28 09:03:05.022513,2025-10-28 09:03:05.022513
191,89,3,,2025-10-23 05:28:55.679209,2025-10-23 05:28:55.679209
192,148,2,,2025-10-23 19:02:34.748560,2025-10-23 19:02:34.748560
192,142,2,,2025-10-23 19:02:34.748560,2025-10-23 19:02:34.748560
193,60,3,,2025-10-08 12:57:16.370421,2025-10-08 12:57:16.370421
193,68,2,,2025-10-08 12:57:16.370421,2025-10-08 12:57:16.370421
194,149,1,,2025-11-12 17:14:54.542907,2025-11-12 17:14:54.542907
194,155,1,,2025-11-12 17:14:54.542907,2025-11-12 17:14:54.542907
194,158,2,,2025-11-12 17:14:54.542907,2025-11-12 17:14:54.542907
195,121,1,,2025-10-17 01:24:00.051991,2025-10-17 01:24:00.051991
195,127,3,,2025-10-17 01:24:00.051991,2025-10-17 01:24:00.051991
196,205,3,,2025-10-12 02:11:22.427165,2025-10-12 02:11:22.427165
196,220,3,,2025-10-12 02:11:22.427165,2025-10-12 02:11:22.427165
196,209,2,,2025-10-12 02:11:22.427165,2025-10-12 02:11:22.427165
197,69,3,,2025-10-05 13:28:51.335328,2025-10-05 13:28:51.335328
198,92,2,,2025-10-17 19:53:04.483854,2025-10-17 19:53:04.483854
198,89,3,,2025-10-17 19:53:04.483854,2025-10-17 19:53:04.483854
199,246,1,,2025-10-07 00:31:57.209577,2025-10-07 00:31:57.209577
199,248,3,,2025-10-07 00:31:57.209577,2025-10-07 00:31:57.209577
199,253,2,,2025-10-07 00:31:57.209577,2025-10-07 00:31:57.209577
200,65,1,,2025-10-27 10:50:13.095532,2025-10-27 10:50:13.095532
201,151,3,,2025-10-29 09:03:18.642651,2025-10-29 09:03:18.642651
202,62,2,,2025-11-14 15:42:58.866021,2025-11-14 15:42:58.866021
202,63,2,,2025-11-14 15:42:58.866021,2025-11-14 15:42:58.866021
202,64,2,,2025-11-14 15:42:58.866021,2025-11-14 15:42:58.866021
203,136,1,,2025-10-12 12:53:12.013551,2025-10-12 12:53:12.013551
203,135,2,,2025-10-12 12:53:12.013551,2025-10-12 12:53:12.013551
204,109,3,,2025-10-03 05:03:59.586955,2025-10-03 05:03:59.586955
204,107,3,,2025-10-03 05:03:59.586955,2025-10-03 05:03:59.586955
204,117,2,,2025-10-03 05:03:59.586955,2025-10-03 05:03:59.586955
205,82,2,,2025-10-29 01:22:53.387862,2025-10-29 01:22:53.387862
205,73,2,,2025-10-29 01:22:53.387862,2025-10-29 01:22:53.387862
205,83,3,,2025-10-29 01:22:53.387862,2025-10-29 01:22:53.387862
206,190,3,,2025-10-18 00:56:56.256770,2025-10-18 00:56:56.256770
206,183,3,,2025-10-18 00:56:56.256770,2025-10-18 00:56:56.256770
207,211,2,,2025-10-16 06:29:01.359571,2025-10-16 06:29:01.359571
208,17,1,,2025-11-07 05:24:44.592116,2025-11-07 05:24:44.592116
208,13,1,,2025-11-07 05:24:44.592116,2025-11-07 05:24:44.592116
208,5,3,,2025-11-07 05:24:44.592116,2025-11-07 05:24:44.592116
209,189,1,,2025-10-23 21:53:25.775789,2025-10-23 21:53:25.775789
209,191,1,,2025-10-23 21:53:25.775789,2025-10-23 21:53:25.775789
210,60,3,,2025-11-10 06:01:25.338132,2025-11-10 06:01:25.338132
211,216,3,,2025-11-13 21:37:53.592218,2025-11-13 21:37:53.592218
211,212,2,,2025-11-13 21:37:53.592218,2025-11-13 21:37:53.592218
212,167,3,,2025-11-12 20:26:02.347162,2025-11-12 20:26:02.347162
213,236,3,,2025-11-08 04:35:13.579481,2025-11-08 04:35:13.579481
213,238,2,,2025-11-08 04:35:13.579481,2025-11-08 04:35:13.579481
213,242,3,,2025-11-08 04:35:13.579481,2025-11-08 04:35:13.579481
214,160,3,,2025-10-16 08:13:36.795982,2025-10-16 08:13:36.795982
214,158,3,,2025-10-16 08:13:36.795982,2025-10-16 08:13:36.795982
215,134,2,,2025-10-29 17:28:13.013982,2025-10-29 17:28:13.013982
215,136,2,,2025-10-29 17:28:13.013982,2025-10-29 17:28:13.013982
216,65,1,,2025-10-13 15:23:37.174810,2025-10-13 15:23:37.174810
216,63,2,,2025-10-13 15:23:37.174810,2025-10-13 15:23:37.174810
216,60,1,,2025-10-13 15:23:37.174810,2025-10-13 15:23:37.174810
217,70,3,,2025-11-03 08:53:39.300931,2025-11-03 08:53:39.300931
217,64,3,,2025-11-03 08:53:39.300931,2025-11-03 08:53:39.300931
218,139,3,,2025-10-23 08:39:56.017266,2025-10-23 08:39:56.017266
218,144,2,,2025-10-23 08:39:56.017266,2025-10-23 08:39:56.017266
219,27,2,,2025-10-10 22:36:08.035648,2025-10-10 22:36:08.035648
220,193,3,,2025-11-12 15:46:26.430406,2025-11-12 15:46:26.430406
220,186,1,,2025-11-12 15:46:26.430406,2025-11-12 15:46:26.430406
221,242,2,,2025-10-06 15:31:30.665962,2025-10-06 15:31:30.665962
222,89,1,,2025-10-02 02:03:15.536514,2025-10-02 02:03:15.536514
222,97,2,,2025-10-02 02:03:15.536514,2025-10-02 02:03:15.536514
222,87,3,,2025-10-02 02:03:15.536514,2025-10-02 02:03:15.536514
223,37,2,,2025-10-12 08:40:50.066358,2025-10-12 08:40:50.066358
223,34,2,,2025-10-12 08:40:50.066358,2025-10-12 08:40:50.066358
223,36,1,,2025-10-12 08:40:50.066358,2025-10-12 08:40:50.066358
224,33,1,,2025-11-06 13:49:18.352430,2025-11-06 13:49:18.352430
224,36,3,,2025-11-06 13:49:18.352430,2025-11-06 13:49:18.352430
225,120,2,,2025-10-31 08:42:39.452509,2025-10-31 08:42:39.452509
226,25,3,,2025-11-02 14:32:34.397358,2025-11-02 14:32:34.397358
226,23,1,,2025-11-02 14:32:34.397358,2025-11-02 14:32:34.397358
226,21,3,,2025-11-02 14:32:34.397358,2025-11-02 14:32:34.397358
227,245,2,,2025-11-11 20:39:02.879074,2025-11-11 20:39:02.879074
228,38,2,,2025-11-05 02:23:04.835538,2025-11-05 02:23:04.835538
228,35,3,,2025-11-05 02:23:04.835538,2025-11-05 02:23:04.835538
229,51,1,,2025-11-13 16:09:31.402804,2025-11-13 16:09:31.402804
229,55,1,,2025-11-13 16:09:31.402804,2025-11-13 16:09:31.402804
229,42,1,,2025-11-13 16:09:31.402804,2025-11-13 16:09:31.402804
230,11,1,,2025-11-09 11:19:52.510355,2025-11-09 11:19:52.510355
231,67,3,,2025-10-14 13:33:49.970695,2025-10-14 13:33:49.970695
231,61,1,,2025-10-14 13:33:49.970695,2025-10-14 13:33:49.970695
231,59,2,,2025-10-14 13:33:49.970695,2025-10-14 13:33:49.970695
232,55,2,,2025-10-09 10:31:43.064458,2025-10-09 10:31:43.064458
233,21,2,,2025-11-10 17:28:20.960512,2025-11-10 17:28:20.960512
233,24,1,,2025-11-10 17:28:20.960512,2025-11-10 17:28:20.960512
233,20,3,,2025-11-10 17:28:20.960512,2025-11-10 17:28:20.960512
234,183,1,,2025-11-14 03:21:31.645660,2025-11-14 03:21:31.645660
235,196,2,,2025-11-14 07:11:44.896889,2025-11-14 07:11:44.896889
236,248,1,,2025-10-07 12:52:29.013743,2025-10-07 12:52:29.013743
237,71,1,,2025-10-24 17:35:06.739684,2025-10-24 17:35:06.739684
237,65,3,,2025-10-24 17:35:06.739684,2025-10-24 17:35:06.739684
237,70,2,,2025-10-24 17:35:06.739684,2025-10-24 17:35:06.739684
238,21,1,,2025-11-14 08:52:20.705200,2025-11-14 08:52:20.705200
238,29,3,,2025-11-14 08:52:20.705200,2025-11-14 08:52:20.705200
238,19,2,,2025-11-14 08:52:20.705200,2025-11-14 08:52:20.705200
239,184,2,,2025-10-01 09:52:18.530025,2025-10-01 09:52:18.530025
240,125,1,,2025-10-01 06:26:41.776654,2025-10-01 06:26:41.776654
241,107,2,,2025-11-01 19:55:31.109292,2025-11-01 19:55:31.109292
241,119,1,,2025-11-01 19:55:31.109292,2025-11-01 19:55:31.109292
242,115,1,,2025-10-04 02:35:16.857934,2025-10-04 02:35:16.857934
242,109,2,,2025-10-04 02:35:16.857934,2025-10-04 02:35:16.857934
243,224,1,,2025-10-19 15:26:49.097615,2025-10-19 15:26:49.097615
243,230,3,,2025-10-19 15:26:49.097615,2025-10-19 15:26:49.097615
243,233,3,,2025-10-19 15:26:49.097615,2025-10-19 15:26:49.097615
244,10,3,,2025-10-24 03:04:29.067725,2025-10-24 03:04:29.067725
244,6,3,,2025-10-24 03:04:29.067725,2025-10-24 03:04:29.067725
245,82,1,,2025-11-06 05:40:45.043141,2025-11-06 05:40:45.043141
245,79,2,,2025-11-06 05:40:45.043141,2025-11-06 05:40:45.043141
246,257,3,,2025-10-05 08:38:08.593403,2025-10-05 08:38:08.593403
246,248,1,,2025-10-05 08:38:08.593403,2025-10-05 08:38:08.593403
246,255,3,,2025-10-05 08:38:08.593403,2025-10-05 08:38:08.593403
247,33,2,,2025-10-25 21:01:30.149043,2025-10-25 21:01:30.149043
247,32,3,,2025-10-25 21:01:30.149043,2025-10-25 21:01:30.149043
247,35,3,,2025-10-25 21:01:30.149043,2025-10-25 21:01:30.149043
248,241,2,,2025-10-28 07:00:44.462795,2025-10-28 07:00:44.462795
248,239,3,,2025-10-28 07:00:44.462795,2025-10-28 07:00:44.462795
248,235,3,,2025-10-28 07:00:44.462795,2025-10-28 07:00:44.462795
249,37,2,,2025-10-17 12:55:59.555080,2025-10-17 12:55:59.555080
250,226,1,,2025-11-09 19:11:58.559297,2025-11-09 19:11:58.559297
251,7,1,,2025-11-08 20:14:06.569751,2025-11-08 20:14:06.569751
251,3,3,,2025-11-08 20:14:06.569751,2025-11-08 20:14:06.569751
252,242,1,,2025-11-13 20:14:28.518592,2025-11-13 20:14:28.518592
252,244,2,,2025-11-13 20:14:28.518592,2025-11-13 20:14:28.518592
252,239,1,,2025-11-13 20:14:28.518592,2025-11-13 20:14:28.518592
253,137,1,,2025-11-04 10:09:51.887524,2025-11-04 10:09:51.887524
254,122,2,,2025-10-05 10:06:02.985916,2025-10-05 10:06:02.985916
254,123,2,,2025-10-05 10:06:02.985916,2025-10-05 10:06:02.985916
255,16,1,,2025-11-11 06:48:38.606400,2025-11-11 06:48:38.606400
255,5,1,,2025-11-11 06:48:38.606400,2025-11-11 06:48:38.606400
256,69,1,,2025-10-04 04:47:00.517859,2025-10-04 04:47:00.517859
256,65,1,,2025-10-04 04:47:00.517859,2025-10-04 04:47:00.517859
256,63,3,,2025-10-04 04:47:00.517859,2025-10-04 04:47:00.517859
257,120,3,,2025-11-08 10:48:57.709621,2025-11-08 10:48:57.709621
258,240,2,,2025-11-13 03:39:52.173499,2025-11-13 03:39:52.173499
259,248,3,,2025-11-05 05:12:37.580237,2025-11-05 05:12:37.580237
260,67,2,,2025-11-13 05:05:36.186732,2025-11-13 05:05:36.186732
260,59,1,,2025-11-13 05:05:36.186732,2025-11-13 05:05:36.186732
260,60,3,,2025-11-13 05:05:36.186732,2025-11-13 05:05:36.186732
261,209,1,,2025-11-10 15:51:14.900387,2025-11-10 15:51:14.900387
261,211,2,,2025-11-10 15:51:14.900387,2025-11-10 15:51:14.900387
261,210,3,,2025-11-10 15:51:14.900387,2025-11-10 15:51:14.900387
262,49,3,,2025-10-10 16:32:24.649311,2025-10-10 16:32:24.649311
262,53,1,,2025-10-10 16:32:24.649311,2025-10-10 16:32:24.649311
262,45,1,,2025-10-10 16:32:24.649311,2025-10-10 16:32:24.649311
263,224,1,,2025-10-29 22:51:17.784638,2025-10-29 22:51:17.784638
263,228,3,,2025-10-29 22:51:17.784638,2025-10-29 22:51:17.784638
263,231,1,,2025-10-29 22:51:17.784638,2025-10-29 22:51:17.784638
264,126,3,,2025-10-28 15:03:35.445561,2025-10-28 15:03:35.445561
264,130,3,,2025-10-28 15:03:35.445561,2025-10-28 15:03:35.445561
265,158,3,,2025-10-15 02:01:19.718340,2025-10-15 02:01:19.718340
265,157,3,,2025-10-15 02:01:19.718340,2025-10-15 02:01:19.718340
265,159,2,,2025-10-15 02:01:19.718340,2025-10-15 02:01:19.718340
266,196,1,,2025-10-27 14:31:16.223677,2025-10-27 14:31:16.223677
266,195,3,,2025-10-27 14:31:16.223677,2025-10-27 14:31:16.223677
267,221,1,,2025-10-28 20:05:11.257094,2025-10-28 20:05:11.257094
267,215,1,,2025-10-28 20:05:11.257094,2025-10-28 20:05:11.257094
267,210,1,,2025-10-28 20:05:11.257094,2025-10-28 20:05:11.257094
268,31,2,,2025-11-12 06:11:44.960327,2025-11-12 06:11:44.960327
268,39,1,,2025-11-12 06:11:44.960327,2025-11-12 06:11:44.960327
269,23,1,,2025-11-14 00:02:42.370702,2025-11-14 00:02:42.370702
270,5,2,,2025-10-15 03:10:32.421357,2025-10-15 03:10:32.421357
271,92,1,,2025-10-23 00:09:11.866422,2025-10-23 00:09:11.866422
271,90,1,,2025-10-23 00:09:11.866422,2025-10-23 00:09:11.866422
271,88,3,,2025-10-23 00:09:11.866422,2025-10-23 00:09:11.866422
272,78,1,,2025-11-07 06:17:49.744060,2025-11-07 06:17:49.744060
272,85,2,,2025-11-07 06:17:49.744060,2025-11-07 06:17:49.744060
273,133,2,,2025-10-06 22:46:10.303041,2025-10-06 22:46:10.303041
273,134,3,,2025-10-06 22:46:10.303041,2025-10-06 22:46:10.303041
273,137,3,,2025-10-06 22:46:10.303041,2025-10-06 22:46:10.303041
274,101,2,,2025-10-25 06:53:26.437080,2025-10-25 06:53:26.437080
275,192,2,,2025-10-12 18:19:13.118234,2025-10-12 18:19:13.118234
275,184,1,,2025-10-12 18:19:13.118234,2025-10-12 18:19:13.118234
275,185,3,,2025-10-12 18:19:13.118234,2025-10-12 18:19:13.118234
276,126,3,,2025-10-15 10:47:26.779980,2025-10-15 10:47:26.779980
276,125,2,,2025-10-15 10:47:26.779980,2025-10-15 10:47:26.779980
276,127,1,,2025-10-15 10:47:26.779980,2025-10-15 10:47:26.779980
277,59,2,,2025-10-16 12:55:29.902432,2025-10-16 12:55:29.902432
278,56,1,,2025-11-05 08:53:40.800490,2025-11-05 08:53:40.800490
279,257,1,,2025-10-04 06:05:33.334056,2025-10-04 06:05:33.334056
280,78,1,,2025-10-06 01:08:06.410436,2025-10-06 01:08:06.410436
280,74,3,,2025-10-06 01:08:06.410436,2025-10-06 01:08:06.410436
281,176,2,,2025-11-01 21:40:39.109371,2025-11-01 21:40:39.109371
281,167,2,,2025-11-01 21:40:39.109371,2025-11-01 21:40:39.109371
282,111,1,,2025-10-26 12:22:15.238310,2025-10-26 12:22:15.238310
283,218,3,,2025-10-29 21:42:02.800984,2025-10-29 21:42:02.800984
283,221,1,,2025-10-29 21:42:02.800984,2025-10-29 21:42:02.800984
283,222,2,,2025-10-29 21:42:02.800984,2025-10-29 21:42:02.800984
284,101,2,,2025-10-15 16:40:08.042278,2025-10-15 16:40:08.042278
284,94,2,,2025-10-15 16:40:08.042278,2025-10-15 16:40:08.042278
285,94,2,,2025-11-01 16:34:48.883130,2025-11-01 16:34:48.883130
285,86,1,,2025-11-01 16:34:48.883130,2025-11-01 16:34:48.883130
286,38,3,,2025-11-03 09:53:47.935312,2025-11-03 09:53:47.935312
286,37,2,,2025-11-03 09:53:47.935312,2025-11-03 09:53:47.935312
286,36,3,,2025-11-03 09:53:47.935312,2025-11-03 09:53:47.935312
287,128,3,,2025-11-14 10:25:47.171453,2025-11-14 10:25:47.171453
287,127,3,,2025-11-14 10:25:47.171453,2025-11-14 10:25:47.171453
287,131,3,,2025-11-14 10:25:47.171453,2025-11-14 10:25:47.171453
288,204,1,,2025-10-15 04:47:55.275800,2025-10-15 04:47:55.275800
288,194,1,,2025-10-15 04:47:55.275800,2025-10-15 04:47:55.275800
288,202,3,,2025-10-15 04:47:55.275800,2025-10-15 04:47:55.275800
289,130,2,,2025-10-11 14:19:33.792531,2025-10-11 14:19:33.792531
289,122,1,,2025-10-11 14:19:33.792531,2025-10-11 14:19:33.792531
290,204,1,,2025-10-28 00:06:47.405679,2025-10-28 00:06:47.405679
290,194,2,,2025-10-28 00:06:47.405679,2025-10-28 00:06:47.405679
291,39,2,,2025-10-15 19:40:07.240611,2025-10-15 19:40:07.240611
291,34,2,,2025-10-15 19:40:07.240611,2025-10-15 19:40:07.240611
292,243,1,,2025-11-01 23:43:04.310350,2025-11-01 23:43:04.310350
293,120,2,,2025-10-31 18:31:20.490789,2025-10-31 18:31:20.490789
293,127,3,,2025-10-31 18:31:20.490789,2025-10-31 18:31:20.490789
293,128,2,,2025-10-31 18:31:20.490789,2025-10-31 18:31:20.490789
294,166,1,,2025-10-31 00:02:15.816256,2025-10-31 00:02:15.816256
294,167,2,,2025-10-31 00:02:15.816256,2025-10-31 00:02:15.816256
295,121,2,,2025-10-22 05:09:09.959586,2025-10-22 05:09:09.959586
295,123,3,,2025-10-22 05:09:09.959586,2025-10-22 05:09:09.959586
296,229,3,,2025-10-29 19:20:06.446336,2025-10-29 19:20:06.446336
296,228,2,,2025-10-29 19:20:06.446336,2025-10-29 19:20:06.446336
296,234,3,,2025-10-29 19:20:06.446336,2025-10-29 19:20:06.446336
297,29,3,,2025-11-11 19:36:59.932690,2025-11-11 19:36:59.932690
297,21,2,,2025-11-11 19:36:59.932690,2025-11-11 19:36:59.932690
297,26,2,,2025-11-11 19:36:59.932690,2025-11-11 19:36:59.932690
298,201,3,,2025-10-09 04:48:45.037040,2025-10-09 04:48:45.037040
298,204,2,,2025-10-09 04:48:45.037040,2025-10-09 04:48:45.037040
299,102,2,,2025-11-03 15:28:06.872155,2025-11-03 15:28:06.872155
300,32,2,,2025-10-30 10:29:19.455574,2025-10-30 10:29:19.455574
300,31,3,,2025-10-30 10:29:19.455574,2025-10-30 10:29:19.455574
301,147,3,,2025-10-12 17:24:17.436889,2025-10-12 17:24:17.436889
301,144,1,,2025-10-12 17:24:17.436889,2025-10-12 17:24:17.436889
301,134,2,,2025-10-12 17:24:17.436889,2025-10-12 17:24:17.436889
302,139,3,,2025-10-09 08:14:53.216393,2025-10-09 08:14:53.216393
302,146,2,,2025-10-09 08:14:53.216393,2025-10-09 08:14:53.216393
303,98,1,,2025-10-21 09:37:23.883738,2025-10-21 09:37:23.883738
303,97,1,,2025-10-21 09:37:23.883738,2025-10-21 09:37:23.883738
303,92,2,,2025-10-21 09:37:23.883738,2025-10-21 09:37:23.883738
304,189,3,,2025-10-23 21:31:46.222114,2025-10-23 21:31:46.222114
304,188,1,,2025-10-23 21:31:46.222114,2025-10-23 21:31:46.222114
305,59,2,,2025-10-28 04:54:15.147535,2025-10-28 04:54:15.147535
305,63,2,,2025-10-28 04:54:15.147535,2025-10-28 04:54:15.147535
306,241,1,,2025-11-12 18:31:57.823619,2025-11-12 18:31:57.823619
306,237,3,,2025-11-12 18:31:57.823619,2025-11-12 18:31:57.823619
307,23,1,,2025-10-11 00:21:57.849190,2025-10-11 00:21:57.849190
307,21,2,,2025-10-11 00:21:57.849190,2025-10-11 00:21:57.849190
308,83,3,,2025-11-02 21:12:40.393923,2025-11-02 21:12:40.393923
309,105,1,,2025-10-01 18:11:10.970885,2025-10-01 18:11:10.970885
309,112,2,,2025-10-01 18:11:10.970885,2025-10-01 18:11:10.970885
310,233,3,,2025-11-03 13:04:58.811218,2025-11-03 13:04:58.811218
310,227,3,,2025-11-03 13:04:58.811218,2025-11-03 13:04:58.811218
311,251,2,,2025-10-01 15:25:19.941566,2025-10-01 15:25:19.941566
311,246,1,,2025-10-01 15:25:19.941566,2025-10-01 15:25:19.941566
311,257,1,,2025-10-01 15:25:19.941566,2025-10-01 15:25:19.941566
312,62,3,,2025-10-18 16:42:05.396420,2025-10-18 16:42:05.396420
313,242,2,,2025-10-05 16:04:18.861631,2025-10-05 16:04:18.861631
314,242,3,,2025-10-31 22:12:44.994204,2025-10-31 22:12:44.994204
314,238,3,,2025-10-31 22:12:44.994204,2025-10-31 22:12:44.994204
315,136,3,,2025-10-22 04:25:02.914547,2025-10-22 04:25:02.914547
316,124,1,,2025-10-15 00:41:09.258342,2025-10-15 00:41:09.258342
316,129,1,,2025-10-15 00:41:09.258342,2025-10-15 00:41:09.258342
317,34,3,,2025-11-13 12:50:27.249216,2025-11-13 12:50:27.249216
317,35,2,,2025-11-13 12:50:27.249216,2025-11-13 12:50:27.249216
318,57,1,,2025-10-13 03:08:41.607913,2025-10-13 03:08:41.607913
318,40,3,,2025-10-13 03:08:41.607913,2025-10-13 03:08:41.607913
319,178,1,,2025-10-11 00:59:34.638886,2025-10-11 00:59:34.638886
319,175,1,,2025-10-11 00:59:34.638886,2025-10-11 00:59:34.638886
319,167,3,,2025-10-11 00:59:34.638886,2025-10-11 00:59:34.638886
320,246,1,,2025-10-15 08:48:21.612325,2025-10-15 08:48:21.612325
