id,order_id,payment_method_id,image,status,created_at,updated_at
1,1,1,,rejected,2025-11-13 20:45:40.436468,2025-11-13 20:45:40.436468
2,2,2,https://dummyimage.com/3x788,pending,2025-10-20 18:03:41.825633,2025-10-20 18:03:41.825633
3,3,1,,rejected,2025-10-23 23:57:25.200783,2025-10-23 23:57:25.200783
4,4,2,https://picsum.photos/697/311,pending,2025-10-22 01:30:04.047161,2025-10-22 01:30:04.047161
5,5,4,,rejected,2025-11-05 22:59:22.443268,2025-11-05 22:59:22.443268
6,6,4,https://picsum.photos/578/728,rejected,2025-10-22 10:05:18.062623,2025-10-22 10:05:18.062623
7,7,3,,approved,2025-10-24 08:56:40.444336,2025-10-24 08:56:40.444336
8,8,4,,approved,2025-10-26 11:28:49.005242,2025-10-26 11:28:49.005242
9,9,5,,pending,2025-10-18 21:43:00.587201,2025-10-18 21:43:00.587201
10,10,5,,approved,2025-10-19 13:20:10.274841,2025-10-19 13:20:10.274841
11,11,5,,rejected,2025-10-24 02:17:58.365149,2025-10-24 02:17:58.365149
12,12,5,https://placekitten.com/565/872,rejected,2025-10-06 23:17:57.428497,2025-10-06 23:17:57.428497
13,13,6,https://dummyimage.com/678x369,approved,2025-10-15 17:57:53.997702,2025-10-15 17:57:53.997702
14,14,6,https://picsum.photos/4/193,rejected,2025-10-16 17:06:18.308355,2025-10-16 17:06:18.308355
15,15,6,https://picsum.photos/895/33,pending,2025-11-08 23:13:36.944900,2025-11-08 23:13:36.944900
16,16,6,https://picsum.photos/938/361,pending,2025-10-02 10:43:46.437971,2025-10-02 10:43:46.437971
17,17,7,,pending,2025-10-20 19:00:53.538143,2025-10-20 19:00:53.538143
18,18,8,https://picsum.photos/14/645,rejected,2025-11-07 10:12:29.095783,2025-11-07 10:12:29.095783
19,19,7,,approved,2025-10-19 00:54:28.598046,2025-10-19 00:54:28.598046
20,20,7,,rejected,2025-10-28 07:06:10.632750,2025-10-28 07:06:10.632750
21,21,9,https://dummyimage.com/51x570,pending,2025-10-25 22:18:52.559630,2025-10-25 22:18:52.559630
22,22,9,https://dummyimage.com/922x175,rejected,2025-11-07 21:09:11.405493,2025-11-07 21:09:11.405493
23,23,9,https://picsum.photos/353/505,pending,2025-10-28 04:47:09.351666,2025-10-28 04:47:09.351666
24,24,9,,pending,2025-10-30 05:54:20.437531,2025-10-30 05:54:20.437531
25,25,11,,pending,2025-10-05 16:55:56.896317,2025-10-05 16:55:56.896317
26,26,11,https://placekitten.com/762/650,approved,2025-11-02 20:30:15.188359,2025-11-02 20:30:15.188359
27,27,11,,approved,2025-10-28 02:47:50.321090,2025-10-28 02:47:50.321090
28,28,11,,pending,2025-10-30 20:28:26.581308,2025-10-30 20:28:26.581308
29,29,12,https://picsum.photos/487/524,approved,2025-10-20 05:17:03.230494,2025-10-20 05:17:03.230494
30,30,12,,pending,2025-10-14 06:55:58.221228,2025-10-14 06:55:58.221228
31,31,12,,pending,2025-10-09 10:57:47.647476,2025-10-09 10:57:47.647476
32,32,12,https://dummyimage.com/792x940,pending,2025-10-31 16:07:43.287329,2025-10-31 16:07:43.287329
33,33,13,,pending,2025-10-13 00:27:49.511886,2025-10-13 00:27:49.511886
34,34,13,https://placekitten.com/457/633,approved,2025-11-06 07:44:40.102430,2025-11-06 07:44:40.102430
35,35,13,,rejected,2025-11-12 04:15:46.871855,2025-11-12 04:15:46.871855
36,36,14,,pending,2025-10-07 13:59:06.692642,2025-10-07 13:59:06.692642
37,37,15,https://dummyimage.com/755x243,approved,2025-11-04 20:21:32.704043,2025-11-04 20:21:32.704043
38,38,15,https://placekitten.com/740/929,rejected,2025-10-16 02:34:10.244762,2025-10-16 02:34:10.244762
39,39,15,https://picsum.photos/912/4,pending,2025-10-02 09:50:24.141654,2025-10-02 09:50:24.141654
40,40,15,https://picsum.photos/963/557,rejected,2025-10-24 21:00:26.922919,2025-10-24 21:00:26.922919
41,41,17,,rejected,2025-11-10 02:03:55.637100,2025-11-10 02:03:55.637100
42,42,16,,pending,2025-10-12 06:40:06.740533,2025-10-12 06:40:06.740533
43,43,17,,pending,2025-10-11 06:00:37.052787,2025-10-11 06:00:37.052787
44,44,17,,pending,2025-11-13 16:30:57.906653,2025-11-13 16:30:57.906653
45,45,18,,approved,2025-11-02 11:10:07.548296,2025-11-02 11:10:07.548296
46,46,18,,approved,2025-10-01 14:59:30.012342,2025-10-01 14:59:30.012342
47,47,18,,rejected,2025-10-24 01:50:32.950049,2025-10-24 01:50:32.950049
48,48,18,,rejected,2025-10-19 12:04:37.959994,2025-10-19 12:04:37.959994
49,49,19,,pending,2025-10-19 21:52:03.896308,2025-10-19 21:52:03.896308
50,50,19,,pending,2025-10-05 07:23:14.090271,2025-10-05 07:23:14.090271
51,51,20,,rejected,2025-10-01 07:02:08.569698,2025-10-01 07:02:08.569698
52,52,20,,approved,2025-11-14 11:24:43.419182,2025-11-14 11:24:43.419182
53,53,21,,rejected,2025-11-08 16:53:10.392451,2025-11-08 16:53:10.392451
54,54,21,,approved,2025-10-02 15:29:54.494785,2025-10-02 15:29:54.494785
55,55,21,,approved,2025-10-02 02:43:14.949350,2025-10-02 02:43:14.949350
56,56,21,https://placekitten.com/24/200,rejected,2025-10-27 09:32:50.389389,2025-10-27 09:32:50.389389
57,57,23,,pending,2025-10-15 11:00:04.081786,2025-10-15 11:00:04.081786
58,58,23,,rejected,2025-10-30 22:53:59.606386,2025-10-30 22:53:59.606386
59,59,23,,pending,2025-10-06 18:19:56.625619,2025-10-06 18:19:56.625619
60,60,22,,pending,2025-11-06 04:40:37.270215,2025-11-06 04:40:37.270215
61,61,24,,approved,2025-11-09 01:33:53.005294,2025-11-09 01:33:53.005294
62,62,24,https://picsum.photos/93/495,pending,2025-10-23 01:58:54.626252,2025-10-23 01:58:54.626252
63,63,24,https://placekitten.com/597/427,rejected,2025-11-06 22:35:39.929412,2025-11-06 22:35:39.929412
64,64,24,,approved,2025-10-29 08:14:43.733346,2025-10-29 08:14:43.733346
65,65,26,,rejected,2025-11-06 01:11:28.302721,2025-11-06 01:11:28.302721
66,66,26,,rejected,2025-10-19 04:21:18.626200,2025-10-19 04:21:18.626200
67,67,25,,rejected,2025-10-22 10:40:06.451898,2025-10-22 10:40:06.451898
68,68,25,https://placekitten.com/644/988,rejected,2025-11-01 14:28:33.972717,2025-11-01 14:28:33.972717
69,69,27,,rejected,2025-10-24 01:04:55.313879,2025-10-24 01:04:55.313879
70,70,27,,approved,2025-10-27 20:43:15.792415,2025-10-27 20:43:15.792415
71,71,27,,rejected,2025-10-14 08:56:21.108821,2025-10-14 08:56:21.108821
72,72,27,https://placekitten.com/723/1022,rejected,2025-10-11 21:04:01.992693,2025-10-11 21:04:01.992693
73,73,28,https://dummyimage.com/611x849,pending,2025-11-04 13:38:57.484336,2025-11-04 13:38:57.484336
74,74,28,https://placekitten.com/989/115,rejected,2025-10-20 05:33:02.957372,2025-10-20 05:33:02.957372
75,75,29,https://dummyimage.com/925x862,pending,2025-10-11 20:22:02.193383,2025-10-11 20:22:02.193383
76,76,29,,approved,2025-10-12 11:18:49.598004,2025-10-12 11:18:49.598004
77,77,30,,approved,2025-11-08 03:54:41.486664,2025-11-08 03:54:41.486664
78,78,30,https://dummyimage.com/656x205,pending,2025-11-03 11:40:44.317295,2025-11-03 11:40:44.317295
79,79,31,https://dummyimage.com/482x517,approved,2025-10-16 04:29:50.577654,2025-10-16 04:29:50.577654
80,80,30,,pending,2025-10-10 14:33:40.166969,2025-10-10 14:33:40.166969
81,81,32,https://placekitten.com/417/892,pending,2025-10-18 17:42:01.159154,2025-10-18 17:42:01.159154
82,82,32,https://dummyimage.com/475x13,approved,2025-11-02 11:45:51.293501,2025-11-02 11:45:51.293501
83,83,32,,approved,2025-10-11 03:10:39.292124,2025-10-11 03:10:39.292124
84,84,32,,approved,2025-10-23 15:40:13.038026,2025-10-23 15:40:13.038026
85,85,33,https://picsum.photos/444/225,pending,2025-10-16 19:23:50.115592,2025-10-16 19:23:50.115592
86,86,33,,pending,2025-10-31 06:36:40.217023,2025-10-31 06:36:40.217023
87,87,33,,approved,2025-11-10 16:24:01.844132,2025-11-10 16:24:01.844132
88,88,33,,rejected,2025-11-01 08:34:06.249053,2025-11-01 08:34:06.249053
89,89,34,,pending,2025-10-12 10:15:20.530132,2025-10-12 10:15:20.530132
90,90,35,,pending,2025-11-06 21:25:44.664350,2025-11-06 21:25:44.664350
91,91,34,https://dummyimage.com/151x793,rejected,2025-10-19 13:03:10.984864,2025-10-19 13:03:10.984864
92,92,34,,approved,2025-10-14 08:38:02.431546,2025-10-14 08:38:02.431546
93,93,37,,approved,2025-10-28 23:23:29.733242,2025-10-28 23:23:29.733242
94,94,36,,approved,2025-10-11 07:20:33.258903,2025-10-11 07:20:33.258903
95,95,37,,pending,2025-10-05 13:43:24.489763,2025-10-05 13:43:24.489763
96,96,36,,pending,2025-10-15 05:19:13.147799,2025-10-15 05:19:13.147799
97,97,39,https://dummyimage.com/333x516,rejected,2025-10-12 09:55:06.481958,2025-10-12 09:55:06.481958
98,98,39,https://dummyimage.com/481x80,approved,2025-11-01 17:05:09.488593,2025-11-01 17:05:09.488593
99,99,39,,approved,2025-10-06 06:37:15.680184,2025-10-06 06:37:15.680184
100,100,38,,rejected,2025-11-04 03:34:59.832848,2025-11-04 03:34:59.832848
101,101,40,,rejected,2025-11-02 22:51:07.442024,2025-11-02 22:51:07.442024
102,102,40,https://placekitten.com/683/400,pending,2025-10-11 15:36:21.390843,2025-10-11 15:36:21.390843
103,103,40,https://placekitten.com/610/95,rejected,2025-10-24 13:07:17.572644,2025-10-24 13:07:17.572644
104,104,40,https://placekitten.com/472/481,approved,2025-10-30 20:35:42.906467,2025-10-30 20:35:42.906467
105,105,41,,approved,2025-10-11 12:00:41.076506,2025-10-11 12:00:41.076506
106,106,41,,pending,2025-10-28 05:28:41.741115,2025-10-28 05:28:41.741115
107,107,41,,pending,2025-10-21 13:05:57.718696,2025-10-21 13:05:57.718696
108,108,41,,rejected,2025-10-09 18:03:22.320997,2025-10-09 18:03:22.320997
109,109,42,,pending,2025-10-10 06:20:56.581369,2025-10-10 06:20:56.581369
110,110,42,https://picsum.photos/177/480,approved,2025-10-03 05:58:09.151870,2025-10-03 05:58:09.151870
111,111,42,https://placekitten.com/831/174,rejected,2025-10-17 02:55:37.403048,2025-10-17 02:55:37.403048
112,112,42,,rejected,2025-11-13 19:43:04.022258,2025-11-13 19:43:04.022258
113,113,43,https://dummyimage.com/972x888,approved,2025-10-29 22:45:10.175555,2025-10-29 22:45:10.175555
114,114,44,,rejected,2025-10-10 01:32:13.561498,2025-10-10 01:32:13.561498
115,115,43,,pending,2025-10-11 15:18:32.573033,2025-10-11 15:18:32.573033
116,116,43,https://picsum.photos/219/805,rejected,2025-10-07 15:23:32.890435,2025-10-07 15:23:32.890435
117,117,45,https://picsum.photos/938/111,pending,2025-10-09 06:21:34.570029,2025-10-09 06:21:34.570029
118,118,45,,approved,2025-11-02 20:50:57.099840,2025-11-02 20:50:57.099840
119,119,46,https://dummyimage.com/611x721,approved,2025-11-05 13:31:37.888540,2025-11-05 13:31:37.888540
120,120,45,https://placekitten.com/975/735,approved,2025-10-05 12:54:50.253268,2025-10-05 12:54:50.253268
121,121,47,,approved,2025-10-21 09:57:24.296216,2025-10-21 09:57:24.296216
122,122,47,https://placekitten.com/507/605,approved,2025-11-12 03:40:18.788932,2025-11-12 03:40:18.788932
123,123,47,,pending,2025-10-31 09:51:26.373856,2025-10-31 09:51:26.373856
124,124,47,,pending,2025-10-16 11:41:23.185572,2025-10-16 11:41:23.185572
125,125,48,,approved,2025-10-12 22:05:54.879294,2025-10-12 22:05:54.879294
126,126,48,,approved,2025-11-01 23:24:23.254215,2025-11-01 23:24:23.254215
127,127,48,,approved,2025-10-11 07:59:39.772445,2025-10-11 07:59:39.772445
128,128,48,,rejected,2025-10-09 04:46:44.840460,2025-10-09 04:46:44.840460
129,129,50,https://dummyimage.com/490x517,pending,2025-10-20 17:47:50.595653,2025-10-20 17:47:50.595653
130,130,49,,rejected,2025-10-01 22:52:59.805982,2025-10-01 22:52:59.805982
131,131,50,https://dummyimage.com/278x888,pending,2025-11-12 18:15:36.182046,2025-11-12 18:15:36.182046
132,132,50,,approved,2025-10-16 02:35:50.535533,2025-10-16 02:35:50.535533
133,133,51,,rejected,2025-11-08 07:35:36.437005,2025-11-08 07:35:36.437005
134,134,51,,rejected,2025-10-17 07:03:23.979189,2025-10-17 07:03:23.979189
135,135,51,,approved,2025-10-27 15:24:40.124212,2025-10-27 15:24:40.124212
136,136,51,https://placekitten.com/623/367,approved,2025-10-08 15:40:33.913840,2025-10-08 15:40:33.913840
137,137,53,,rejected,2025-10-17 03:40:40.214138,2025-10-17 03:40:40.214138
138,138,53,,pending,2025-11-13 21:45:46.269011,2025-11-13 21:45:46.269011
139,139,53,,approved,2025-11-12 10:08:35.821541,2025-11-12 10:08:35.821541
140,140,52,https://dummyimage.com/13x411,rejected,2025-10-16 11:07:50.509192,2025-10-16 11:07:50.509192
141,141,54,,rejected,2025-10-01 18:29:05.212879,2025-10-01 18:29:05.212879
142,142,55,,approved,2025-10-30 00:43:34.987505,2025-10-30 00:43:34.987505
143,143,55,,pending,2025-10-21 15:40:00.443479,2025-10-21 15:40:00.443479
144,144,55,https://placekitten.com/904/551,rejected,2025-11-11 09:05:50.708308,2025-11-11 09:05:50.708308
145,145,56,https://dummyimage.com/906x817,rejected,2025-10-09 03:57:56.522800,2025-10-09 03:57:56.522800
146,146,56,,rejected,2025-10-03 16:41:03.857723,2025-10-03 16:41:03.857723
147,147,56,,pending,2025-10-01 12:42:33.752527,2025-10-01 12:42:33.752527
148,148,56,https://dummyimage.com/782x175,rejected,2025-10-23 16:23:18.982928,2025-10-23 16:23:18.982928
149,149,58,https://picsum.photos/754/292,pending,2025-10-05 12:47:18.725468,2025-10-05 12:47:18.725468
150,150,57,https://dummyimage.com/773x49,approved,2025-11-06 22:51:57.980665,2025-11-06 22:51:57.980665
151,151,58,https://picsum.photos/993/821,rejected,2025-10-06 03:22:23.486941,2025-10-06 03:22:23.486941
152,152,57,https://picsum.photos/403/866,pending,2025-10-01 01:18:31.095438,2025-10-01 01:18:31.095438
153,153,59,,rejected,2025-10-28 19:58:34.257743,2025-10-28 19:58:34.257743
154,154,59,https://placekitten.com/433/645,rejected,2025-11-01 16:03:07.739270,2025-11-01 16:03:07.739270
155,155,59,,pending,2025-11-02 21:13:13.626610,2025-11-02 21:13:13.626610
156,156,59,https://placekitten.com/844/454,pending,2025-10-14 15:57:22.224391,2025-10-14 15:57:22.224391
157,157,60,,pending,2025-10-14 17:46:54.062892,2025-10-14 17:46:54.062892
158,158,60,,pending,2025-10-14 13:17:22.470031,2025-10-14 13:17:22.470031
159,159,60,,approved,2025-10-26 01:05:17.356680,2025-10-26 01:05:17.356680
160,160,60,,approved,2025-11-08 00:06:27.487946,2025-11-08 00:06:27.487946
161,161,62,https://dummyimage.com/598x446,rejected,2025-11-09 01:09:56.410458,2025-11-09 01:09:56.410458
162,162,61,https://dummyimage.com/114x263,rejected,2025-10-21 10:54:09.242109,2025-10-21 10:54:09.242109
163,163,62,https://picsum.photos/648/942,approved,2025-11-08 21:41:22.949644,2025-11-08 21:41:22.949644
164,164,61,,approved,2025-10-01 18:18:24.316240,2025-10-01 18:18:24.316240
165,165,63,,approved,2025-10-15 21:12:17.484470,2025-10-15 21:12:17.484470
166,166,63,,rejected,2025-10-17 17:25:20.904283,2025-10-17 17:25:20.904283
167,167,63,,approved,2025-11-07 14:34:51.870625,2025-11-07 14:34:51.870625
168,168,63,,rejected,2025-10-01 01:23:30.995476,2025-10-01 01:23:30.995476
169,169,64,https://dummyimage.com/153x640,pending,2025-10-13 17:21:25.659766,2025-10-13 17:21:25.659766
170,170,64,,approved,2025-11-04 20:09:33.448553,2025-11-04 20:09:33.448553
171,171,64,https://dummyimage.com/342x63,approved,2025-10-30 20:20:12.874542,2025-10-30 20:20:12.874542
172,172,64,,approved,2025-10-06 04:58:20.956264,2025-10-06 04:58:20.956264
173,173,65,https://placekitten.com/719/1007,pending,2025-10-24 04:54:59.374041,2025-10-24 04:54:59.374041
174,174,65,,approved,2025-10-10 11:47:34.363571,2025-10-10 11:47:34.363571
175,175,65,,approved,2025-11-06 11:58:44.707078,2025-11-06 11:58:44.707078
176,176,65,https://dummyimage.com/433x563,approved,2025-10-09 00:21:37.102606,2025-10-09 00:21:37.102606
177,177,66,https://dummyimage.com/866x118,approved,2025-10-06 00:13:55.127744,2025-10-06 00:13:55.127744
178,178,66,,rejected,2025-11-13 21:32:16.781744,2025-11-13 21:32:16.781744
179,179,66,https://dummyimage.com/246x389,approved,2025-10-20 04:14:10.194802,2025-10-20 04:14:10.194802
180,180,66,,rejected,2025-11-12 10:15:31.145269,2025-11-12 10:15:31.145269
181,181,67,,rejected,2025-10-28 14:00:31.681970,2025-10-28 14:00:31.681970
182,182,67,,pending,2025-10-21 21:23:09.571073,2025-10-21 21:23:09.571073
183,183,67,https://dummyimage.com/41x125,approved,2025-10-29 13:04:34.977150,2025-10-29 13:04:34.977150
184,184,67,https://dummyimage.com/1016x869,rejected,2025-11-14 20:09:37.597411,2025-11-14 20:09:37.597411
185,185,69,https://dummyimage.com/591x165,pending,2025-11-04 10:18:07.439247,2025-11-04 10:18:07.439247
186,186,69,https://picsum.photos/633/733,approved,2025-10-30 15:36:21.000687,2025-10-30 15:36:21.000687
187,187,69,https://placekitten.com/588/942,pending,2025-10-11 06:07:37.138717,2025-10-11 06:07:37.138717
188,188,69,,approved,2025-10-13 17:52:46.062224,2025-10-13 17:52:46.062224
189,189,70,,pending,2025-10-30 02:00:07.478964,2025-10-30 02:00:07.478964
190,190,70,,rejected,2025-10-28 09:03:05.022513,2025-10-28 09:03:05.022513
191,191,71,https://placekitten.com/785/435,rejected,2025-10-23 05:28:55.679209,2025-10-23 05:28:55.679209
192,192,70,https://picsum.photos/744/599,rejected,2025-10-23 19:02:34.748560,2025-10-23 19:02:34.748560
193,193,72,,rejected,2025-10-08 12:57:16.370421,2025-10-08 12:57:16.370421
194,194,72,,rejected,2025-11-12 17:14:54.542907,2025-11-12 17:14:54.542907
195,195,72,,pending,2025-10-17 01:24:00.051991,2025-10-17 01:24:00.051991
196,196,72,,approved,2025-10-12 02:11:22.427165,2025-10-12 02:11:22.427165
197,197,74,https://placekitten.com/948/194,pending,2025-10-05 13:28:51.335328,2025-10-05 13:28:51.335328
198,198,74,https://placekitten.com/779/731,approved,2025-10-17 19:53:04.483854,2025-10-17 19:53:04.483854
199,199,75,,pending,2025-10-07 00:31:57.209577,2025-10-07 00:31:57.209577
200,200,75,,rejected,2025-10-27 10:50:13.095532,2025-10-27 10:50:13.095532
201,201,76,,pending,2025-10-29 09:03:18.642651,2025-10-29 09:03:18.642651
202,202,76,,pending,2025-11-14 15:42:58.866021,2025-11-14 15:42:58.866021
203,203,76,,rejected,2025-10-12 12:53:12.013551,2025-10-12 12:53:12.013551
204,204,76,,pending,2025-10-03 05:03:59.586955,2025-10-03 05:03:59.586955
205,205,78,https://dummyimage.com/718x172,pending,2025-10-29 01:22:53.387862,2025-10-29 01:22:53.387862
206,206,78,,rejected,2025-10-18 00:56:56.256770,2025-10-18 00:56:56.256770
207,207,78,,approved,2025-10-16 06:29:01.359571,2025-10-16 06:29:01.359571
208,208,78,,pending,2025-11-07 05:24:44.592116,2025-11-07 05:24:44.592116
209,209,79,https://dummyimage.com/459x600,approved,2025-10-23 21:53:25.775789,2025-10-23 21:53:25.775789
210,210,79,,approved,2025-11-10 06:01:25.338132,2025-11-10 06:01:25.338132
211,211,79,,approved,2025-11-13 21:37:53.592218,2025-11-13 21:37:53.592218
212,212,79,,pending,2025-11-12 20:26:02.347162,2025-11-12 20:26:02.347162
213,213,80,,approved,2025-11-08 04:35:13.579481,2025-11-08 04:35:13.579481
214,214,81,,approved,2025-10-16 08:13:36.795982,2025-10-16 08:13:36.795982
215,215,81,https://dummyimage.com/625x222,pending,2025-10-29 17:28:13.013982,2025-10-29 17:28:13.013982
216,216,80,,approved,2025-10-13 15:23:37.174810,2025-10-13 15:23:37.174810
217,217,82,https://dummyimage.com/713x732,rejected,2025-11-03 08:53:39.300931,2025-11-03 08:53:39.300931
218,218,82,,approved,2025-10-23 08:39:56.017266,2025-10-23 08:39:56.017266
219,219,82,,rejected,2025-10-10 22:36:08.035648,2025-10-10 22:36:08.035648
220,220,82,https://picsum.photos/602/527,pending,2025-11-12 15:46:26.430406,2025-11-12 15:46:26.430406
221,221,83,,approved,2025-10-06 15:31:30.665962,2025-10-06 15:31:30.665962
222,222,83,,approved,2025-10-02 02:03:15.536514,2025-10-02 02:03:15.536514
223,223,83,https://placekitten.com/87/232,pending,2025-10-12 08:40:50.066358,2025-10-12 08:40:50.066358
224,224,83,,approved,2025-11-06 13:49:18.352430,2025-11-06 13:49:18.352430
225,225,84,,pending,2025-10-31 08:42:39.452509,2025-10-31 08:42:39.452509
226,226,85,,pending,2025-11-02 14:32:34.397358,2025-11-02 14:32:34.397358
227,227,85,https://placekitten.com/361/799,rejected,2025-11-11 20:39:02.879074,2025-11-11 20:39:02.879074
228,228,85,,rejected,2025-11-05 02:23:04.835538,2025-11-05 02:23:04.835538
229,229,87,https://placekitten.com/207/277,approved,2025-11-13 16:09:31.402804,2025-11-13 16:09:31.402804
230,230,87,,approved,2025-11-09 11:19:52.510355,2025-11-09 11:19:52.510355
231,231,86,https://dummyimage.com/131x306,approved,2025-10-14 13:33:49.970695,2025-10-14 13:33:49.970695
232,232,86,https://dummyimage.com/448x677,pending,2025-10-09 10:31:43.064458,2025-10-09 10:31:43.064458
233,233,88,https://picsum.photos/273/983,approved,2025-11-10 17:28:20.960512,2025-11-10 17:28:20.960512
234,234,88,,rejected,2025-11-14 03:21:31.645660,2025-11-14 03:21:31.645660
235,235,88,https://picsum.photos/772/677,pending,2025-11-14 07:11:44.896889,2025-11-14 07:11:44.896889
236,236,88,,approved,2025-10-07 12:52:29.013743,2025-10-07 12:52:29.013743
237,237,90,https://dummyimage.com/185x629,approved,2025-10-24 17:35:06.739684,2025-10-24 17:35:06.739684
238,238,90,https://picsum.photos/1008/842,pending,2025-11-14 08:52:20.705200,2025-11-14 08:52:20.705200
239,239,90,https://dummyimage.com/704x549,rejected,2025-10-01 09:52:18.530025,2025-10-01 09:52:18.530025
240,240,90,,rejected,2025-10-01 06:26:41.776654,2025-10-01 06:26:41.776654
241,241,91,,pending,2025-11-01 19:55:31.109292,2025-11-01 19:55:31.109292
242,242,91,,rejected,2025-10-04 02:35:16.857934,2025-10-04 02:35:16.857934
243,243,91,https://dummyimage.com/871x569,pending,2025-10-19 15:26:49.097615,2025-10-19 15:26:49.097615
244,244,91,,rejected,2025-10-24 03:04:29.067725,2025-10-24 03:04:29.067725
245,245,93,,rejected,2025-11-06 05:40:45.043141,2025-11-06 05:40:45.043141
246,246,92,https://picsum.photos/869/976,rejected,2025-10-05 08:38:08.593403,2025-10-05 08:38:08.593403
247,247,92,https://placekitten.com/706/431,rejected,2025-10-25 21:01:30.149043,2025-10-25 21:01:30.149043
248,248,93,,rejected,2025-10-28 07:00:44.462795,2025-10-28 07:00:44.462795
249,249,95,https://placekitten.com/273/714,pending,2025-10-17 12:55:59.555080,2025-10-17 12:55:59.555080
250,250,95,https://placekitten.com/697/920,rejected,2025-11-09 19:11:58.559297,2025-11-09 19:11:58.559297
251,251,95,,approved,2025-11-08 20:14:06.569751,2025-11-08 20:14:06.569751
252,252,94,https://picsum.photos/429/156,rejected,2025-11-13 20:14:28.518592,2025-11-13 20:14:28.518592
253,253,96,,rejected,2025-11-04 10:09:51.887524,2025-11-04 10:09:51.887524
254,254,96,,pending,2025-10-05 10:06:02.985916,2025-10-05 10:06:02.985916
255,255,96,,rejected,2025-11-11 06:48:38.606400,2025-11-11 06:48:38.606400
256,256,96,,pending,2025-10-04 04:47:00.517859,2025-10-04 04:47:00.517859
257,257,97,https://placekitten.com/767/789,rejected,2025-11-08 10:48:57.709621,2025-11-08 10:48:57.709621
258,258,97,https://dummyimage.com/382x989,rejected,2025-11-13 03:39:52.173499,2025-11-13 03:39:52.173499
259,259,97,,rejected,2025-11-05 05:12:37.580237,2025-11-05 05:12:37.580237
260,260,97,,approved,2025-11-13 05:05:36.186732,2025-11-13 05:05:36.186732
261,261,98,https://dummyimage.com/810x865,pending,2025-11-10 15:51:14.900387,2025-11-10 15:51:14.900387
262,262,98,,rejected,2025-10-10 16:32:24.649311,2025-10-10 16:32:24.649311
263,263,98,https://placekitten.com/285/699,pending,2025-10-29 22:51:17.784638,2025-10-29 22:51:17.784638
264,264,98,,approved,2025-10-28 15:03:35.445561,2025-10-28 15:03:35.445561
265,265,101,https://picsum.photos/539/425,rejected,2025-10-15 02:01:19.718340,2025-10-15 02:01:19.718340
266,266,100,,pending,2025-10-27 14:31:16.223677,2025-10-27 14:31:16.223677
267,267,101,https://dummyimage.com/848x792,pending,2025-10-28 20:05:11.257094,2025-10-28 20:05:11.257094
268,268,100,,rejected,2025-11-12 06:11:44.960327,2025-11-12 06:11:44.960327
269,269,102,https://placekitten.com/256/8,rejected,2025-11-14 00:02:42.370702,2025-11-14 00:02:42.370702
270,270,102,,pending,2025-10-15 03:10:32.421357,2025-10-15 03:10:32.421357
271,271,102,,pending,2025-10-23 00:09:11.866422,2025-10-23 00:09:11.866422
272,272,102,,approved,2025-11-07 06:17:49.744060,2025-11-07 06:17:49.744060
273,273,103,https://picsum.photos/564/1018,rejected,2025-10-06 22:46:10.303041,2025-10-06 22:46:10.303041
274,274,103,https://dummyimage.com/1016x21,rejected,2025-10-25 06:53:26.437080,2025-10-25 06:53:26.437080
275,275,103,,rejected,2025-10-12 18:19:13.118234,2025-10-12 18:19:13.118234
276,276,103,,approved,2025-10-15 10:47:26.779980,2025-10-15 10:47:26.779980
277,277,104,https://dummyimage.com/424x1005,approved,2025-10-16 12:55:29.902432,2025-10-16 12:55:29.902432
278,278,104,,approved,2025-11-05 08:53:40.800490,2025-11-05 08:53:40.800490
279,279,104,,pending,2025-10-04 06:05:33.334056,2025-10-04 06:05:33.334056
280,280,104,,pending,2025-10-06 01:08:06.410436,2025-10-06 01:08:06.410436
281,281,106,https://picsum.photos/598/190,rejected,2025-11-01 21:40:39.109371,2025-11-01 21:40:39.109371
282,282,105,,pending,2025-10-26 12:22:15.238310,2025-10-26 12:22:15.238310
283,283,105,,pending,2025-10-29 21:42:02.800984,2025-10-29 21:42:02.800984
284,284,105,,approved,2025-10-15 16:40:08.042278,2025-10-15 16:40:08.042278
285,285,107,,rejected,2025-11-01 16:34:48.883130,2025-11-01 16:34:48.883130
286,286,108,https://dummyimage.com/1021x572,rejected,2025-11-03 09:53:47.935312,2025-11-03 09:53:47.935312
287,287,108,https://placekitten.com/605/757,approved,2025-11-14 10:25:47.171453,2025-11-14 10:25:47.171453
288,288,108,https://placekitten.com/953/415,pending,2025-10-15 04:47:55.275800,2025-10-15 04:47:55.275800
289,289,109,,approved,2025-10-11 14:19:33.792531,2025-10-11 14:19:33.792531
290,290,109,,pending,2025-10-28 00:06:47.405679,2025-10-28 00:06:47.405679
291,291,109,https://picsum.photos/161/448,approved,2025-10-15 19:40:07.240611,2025-10-15 19:40:07.240611
292,292,109,,approved,2025-11-01 23:43:04.310350,2025-11-01 23:43:04.310350
293,293,110,https://picsum.photos/667/435,approved,2025-10-31 18:31:20.490789,2025-10-31 18:31:20.490789
294,294,111,,approved,2025-10-31 00:02:15.816256,2025-10-31 00:02:15.816256
295,295,111,,rejected,2025-10-22 05:09:09.959586,2025-10-22 05:09:09.959586
296,296,111,,pending,2025-10-29 19:20:06.446336,2025-10-29 19:20:06.446336
297,297,112,,approved,2025-11-11 19:36:59.932690,2025-11-11 19:36:59.932690
298,298,112,https://dummyimage.com/237x861,rejected,2025-10-09 04:48:45.037040,2025-10-09 04:48:45.037040
299,299,112,,pending,2025-11-03 15:28:06.872155,2025-11-03 15:28:06.872155
300,300,112,,rejected,2025-10-30 10:29:19.455574,2025-10-30 10:29:19.455574
301,301,114,,pending,2025-10-12 17:24:17.436889,2025-10-12 17:24:17.436889
302,302,114,,rejected,2025-10-09 08:14:53.216393,2025-10-09 08:14:53.216393
303,303,113,https://placekitten.com/151/780,approved,2025-10-21 09:37:23.883738,2025-10-21 09:37:23.883738
304,304,114,,rejected,2025-10-23 21:31:46.222114,2025-10-23 21:31:46.222114
305,305,115,,rejected,2025-10-28 04:54:15.147535,2025-10-28 04:54:15.147535
306,306,115,https://placekitten.com/1016/424,pending,2025-11-12 18:31:57.823619,2025-11-12 18:31:57.823619
307,307,115,https://placekitten.com/189/774,approved,2025-10-11 00:21:57.849190,2025-10-11 00:21:57.849190
308,308,115,,pending,2025-11-02 21:12:40.393923,2025-11-02 21:12:40.393923
309,309,116,https://dummyimage.com/211x628,rejected,2025-10-01 18:11:10.970885,2025-10-01 18:11:10.970885
310,310,116,https://dummyimage.com/43x889,pending,2025-11-03 13:04:58.811218,2025-11-03 13:04:58.811218
311,311,117,https://picsum.photos/124/44,approved,2025-10-01 15:25:19.941566,2025-10-01 15:25:19.941566
312,312,116,https://picsum.photos/438/0,pending,2025-10-18 16:42:05.396420,2025-10-18 16:42:05.396420
313,313,118,,approved,2025-10-05 16:04:18.861631,2025-10-05 16:04:18.861631
314,314,118,https://placekitten.com/473/735,rejected,2025-10-31 22:12:44.994204,2025-10-31 22:12:44.994204
315,315,118,,approved,2025-10-22 04:25:02.914547,2025-10-22 04:25:02.914547
316,316,118,,pending,2025-10-15 00:41:09.258342,2025-10-15 00:41:09.258342
317,317,119,https://picsum.photos/136/849,pending,2025-11-13 12:50:27.249216,2025-11-13 12:50:27.249216
318,318,119,https://dummyimage.com/857x868,approved,2025-10-13 03:08:41.607913,2025-10-13 03:08:41.607913
319,319,119,,rejected,2025-10-11 00:59:34.638886,2025-10-11 00:59:34.638886
320,320,119,,rejected,2025-10-15 08:48:21.612325,2025-10-15 08:48:21.612325
