id,user_id,restaurant_id,order_id,rate,review_text,created_at,updated_at
1,1,118,2,4.7,,2025-10-20 18:03:41.825633,2025-10-20 18:03:41.825633
2,1,118,3,3.6,Then push yeah story. Water ten course our. Film dream cause.,2025-10-23 23:57:25.200783,2025-10-23 23:57:25.200783
3,2,121,6,4.5,Girl after whether whether we term.,2025-10-22 10:05:18.062623,2025-10-22 10:05:18.062623
4,3,119,9,4.4,Example southern interest data. Fill catch matter subject.,2025-10-18 21:43:00.587201,2025-10-18 21:43:00.587201
5,7,121,25,3.9,,2025-10-05 16:55:56.896317,2025-10-05 16:55:56.896317
6,9,109,35,3.2,Since discover stage could address sit.,2025-11-12 04:15:46.871855,2025-11-12 04:15:46.871855
7,11,118,41,4.6,Officer various take step require. Member concern world if where necessary.,2025-11-10 02:03:55.637100,2025-11-10 02:03:55.637100
8,12,116,45,3.2,Something moment choose such with war majority improve.,2025-11-02 11:10:07.548296,2025-11-02 11:10:07.548296
9,12,121,46,5.0,,2025-10-01 14:59:30.012342,2025-10-01 14:59:30.012342
10,14,107,55,4.1,,2025-10-02 02:43:14.949350,2025-10-02 02:43:14.949350
11,16,112,63,3.7,Fear shoulder building available. So your guy behavior career.,2025-11-06 22:35:39.929412,2025-11-06 22:35:39.929412
12,17,106,65,3.9,,2025-11-06 01:11:28.302721,2025-11-06 01:11:28.302721
13,17,114,67,3.8,Most interest number director option market message. Support quite leg yes.,2025-10-22 10:40:06.451898,2025-10-22 10:40:06.451898
14,20,121,79,3.4,,2025-10-16 04:29:50.577654,2025-10-16 04:29:50.577654
15,21,114,81,3.3,,2025-10-18 17:42:01.159154,2025-10-18 17:42:01.159154
16,22,122,85,3.9,Alone art sure win big various college.,2025-10-16 19:23:50.115592,2025-10-16 19:23:50.115592
17,22,106,87,4.3,,2025-11-10 16:24:01.844132,2025-11-10 16:24:01.844132
18,24,116,93,3.8,Leader sure suggest quickly. System north against. Under red couple south.,2025-10-28 23:23:29.733242,2025-10-28 23:23:29.733242
19,24,106,96,3.4,,2025-10-15 05:19:13.147799,2025-10-15 05:19:13.147799
20,25,110,98,3.4,Civil quality Congress song. Should way middle. Last bad almost bit.,2025-11-01 17:05:09.488593,2025-11-01 17:05:09.488593
21,25,123,99,4.3,Important citizen commercial ago art morning. Budget blood draw may party town.,2025-10-06 06:37:15.680184,2025-10-06 06:37:15.680184
22,25,113,100,4.0,Expect method dark suddenly more. Effect cut serious good.,2025-11-04 03:34:59.832848,2025-11-04 03:34:59.832848
23,27,106,105,3.1,,2025-10-11 12:00:41.076506,2025-10-11 12:00:41.076506
24,27,112,106,3.1,Majority body back thus not answer amount grow. Size large media part task.,2025-10-28 05:28:41.741115,2025-10-28 05:28:41.741115
25,28,122,110,3.8,,2025-10-03 05:58:09.151870,2025-10-03 05:58:09.151870
26,28,111,111,3.1,Visit president specific worker on. Audience indicate who actually.,2025-10-17 02:55:37.403048,2025-10-17 02:55:37.403048
27,28,117,112,4.1,Key voice force religious teach near back. Style choose contain.,2025-11-13 19:43:04.022258,2025-11-13 19:43:04.022258
28,32,107,126,3.5,Oil check drive it because involve feel.,2025-11-01 23:24:23.254215,2025-11-01 23:24:23.254215
29,32,111,127,4.7,,2025-10-11 07:59:39.772445,2025-10-11 07:59:39.772445
30,33,114,129,4.6,Base pressure child machine. Reach dog run require reason trial bed itself.,2025-10-20 17:47:50.595653,2025-10-20 17:47:50.595653
31,33,113,130,4.1,Field find not paper clearly. Property give sea recognize help traditional.,2025-10-01 22:52:59.805982,2025-10-01 22:52:59.805982
32,34,111,134,3.5,Cell heart break each. Difference cold middle light push near.,2025-10-17 07:03:23.979189,2025-10-17 07:03:23.979189
33,34,116,135,3.2,Score pretty challenge firm. Back until memory much compare mean.,2025-10-27 15:24:40.124212,2025-10-27 15:24:40.124212
34,35,111,137,3.8,Three street democratic sea. Book unit because across later whose.,2025-10-17 03:40:40.214138,2025-10-17 03:40:40.214138
35,35,114,140,3.1,,2025-10-16 11:07:50.509192,2025-10-16 11:07:50.509192
36,37,112,147,3.0,Believe threat green real. Four fill Mr other art. Upon red want blood.,2025-10-01 12:42:33.752527,2025-10-01 12:42:33.752527
37,39,114,154,4.7,,2025-11-01 16:03:07.739270,2025-11-01 16:03:07.739270
38,39,116,156,3.1,Speak film prevent television former make almost second.,2025-10-14 15:57:22.224391,2025-10-14 15:57:22.224391
39,40,112,157,4.8,,2025-10-14 17:46:54.062892,2025-10-14 17:46:54.062892
40,40,119,160,3.7,Term loss trial just wish eye among.,2025-11-08 00:06:27.487946,2025-11-08 00:06:27.487946
41,41,116,161,3.8,,2025-11-09 01:09:56.410458,2025-11-09 01:09:56.410458
42,41,106,162,3.3,Apply media see your. Short ok choose prevent us allow his us.,2025-10-21 10:54:09.242109,2025-10-21 10:54:09.242109
43,42,122,168,3.7,,2025-10-01 01:23:30.995476,2025-10-01 01:23:30.995476
44,43,111,169,4.2,Line property year spend attack general. Baby inside any national however pick.,2025-10-13 17:21:25.659766,2025-10-13 17:21:25.659766
45,44,108,173,4.4,Including century we myself billion task into. Source western while nature per.,2025-10-24 04:54:59.374041,2025-10-24 04:54:59.374041
46,44,114,174,4.5,,2025-10-10 11:47:34.363571,2025-10-10 11:47:34.363571
47,46,118,181,4.8,,2025-10-28 14:00:31.681970,2025-10-28 14:00:31.681970
48,46,107,182,4.3,Drop by there well. Business suggest there environmental.,2025-10-21 21:23:09.571073,2025-10-21 21:23:09.571073
49,46,111,184,3.3,His control imagine dream address history. Material example buy hold.,2025-11-14 20:09:37.597411,2025-11-14 20:09:37.597411
50,47,110,185,3.3,Pick raise pattern interesting commercial teacher nice.,2025-11-04 10:18:07.439247,2025-11-04 10:18:07.439247
51,47,114,186,3.8,Production each value this. Themselves structure hour among sing.,2025-10-30 15:36:21.000687,2025-10-30 15:36:21.000687
52,47,115,188,4.9,Team want main wait you small floor official.,2025-10-13 17:52:46.062224,2025-10-13 17:52:46.062224
53,48,122,190,4.3,Chair employee there in still.,2025-10-28 09:03:05.022513,2025-10-28 09:03:05.022513
54,48,112,191,4.3,Would high example. Individual visit Congress sing.,2025-10-23 05:28:55.679209,2025-10-23 05:28:55.679209
55,49,116,194,3.2,,2025-11-12 17:14:54.542907,2025-11-12 17:14:54.542907
56,50,110,197,4.5,,2025-10-05 13:28:51.335328,2025-10-05 13:28:51.335328
57,52,106,208,4.2,,2025-11-07 05:24:44.592116,2025-11-07 05:24:44.592116
58,53,118,209,3.0,,2025-10-23 21:53:25.775789,2025-10-23 21:53:25.775789
59,54,116,214,5.0,,2025-10-16 08:13:36.795982,2025-10-16 08:13:36.795982
60,56,112,222,3.6,,2025-10-02 02:03:15.536514,2025-10-02 02:03:15.536514
61,56,108,223,4.6,Third administration religious especially like.,2025-10-12 08:40:50.066358,2025-10-12 08:40:50.066358
62,57,123,227,4.3,,2025-11-11 20:39:02.879074,2025-11-11 20:39:02.879074
63,58,110,231,3.6,,2025-10-14 13:33:49.970695,2025-10-14 13:33:49.970695
64,59,123,236,3.1,Have write all Mrs try. Hard coach will box heavy order.,2025-10-07 12:52:29.013743,2025-10-07 12:52:29.013743
65,60,107,238,3.2,,2025-11-14 08:52:20.705200,2025-11-14 08:52:20.705200
66,63,122,252,3.3,,2025-11-13 20:14:28.518592,2025-11-13 20:14:28.518592
67,64,106,255,3.6,,2025-11-11 06:48:38.606400,2025-11-11 06:48:38.606400
68,64,110,256,4.2,Work determine structure ready radio small agree. Senior one hotel some.,2025-10-04 04:47:00.517859,2025-10-04 04:47:00.517859
69,66,120,261,3.6,,2025-11-10 15:51:14.900387,2025-11-10 15:51:14.900387
70,66,109,262,4.1,,2025-10-10 16:32:24.649311,2025-10-10 16:32:24.649311
71,67,119,266,3.3,The southern money develop politics able.,2025-10-27 14:31:16.223677,2025-10-27 14:31:16.223677
72,68,106,270,4.2,Me performance west respond. On answer family. Hour season along if wall if by.,2025-10-15 03:10:32.421357,2025-10-15 03:10:32.421357
73,70,123,279,4.3,,2025-10-04 06:05:33.334056,2025-10-04 06:05:33.334056
74,70,111,280,3.8,Understand agree upon house wait particularly effort.,2025-10-06 01:08:06.410436,2025-10-06 01:08:06.410436
75,71,117,281,3.7,Join letter brother kitchen. Best those Republican floor.,2025-11-01 21:40:39.109371,2025-11-01 21:40:39.109371
76,72,114,287,4.2,,2025-11-14 10:25:47.171453,2025-11-14 10:25:47.171453
77,73,122,292,3.8,Political safe professor sort. Against raise form. Personal everyone man bring.,2025-11-01 23:43:04.310350,2025-11-01 23:43:04.310350
78,74,117,294,4.7,,2025-10-31 00:02:15.816256,2025-10-31 00:02:15.816256
79,76,118,304,3.6,,2025-10-23 21:31:46.222114,2025-10-23 21:31:46.222114
80,79,122,313,4.3,Per example mother program. Yet large leave specific himself easy including.,2025-10-05 16:04:18.861631,2025-10-05 16:04:18.861631
81,79,115,315,3.8,Rate effect southern nor without owner watch. Clear opportunity piece.,2025-10-22 04:25:02.914547,2025-10-22 04:25:02.914547
