id,email,password,accepted_term_of_service,accepted_pdpa,created_at,updated_at,role
1,hurleychristina@example.net,2D1l#%Po!9r&VgJV,True,True,2025-07-11 13:41:15.078731,2025-07-11 13:41:15.078731,customer
2,alexis70@example.org,#nO69opvMv5IWaKP,True,True,2025-10-01 23:00:54.952046,2025-10-01 23:00:54.952046,customer
3,gary26@example.org,(BEOy4kKqA&n79So,True,True,2025-10-25 19:17:16.748342,2025-10-25 19:17:16.748342,customer
4,joel45@example.net,!Fx8yep$(0J9GP3$,True,True,2025-07-14 13:13:13.811597,2025-07-14 13:13:13.811597,customer
5,mackenzie89@example.net,z90#rHw7$Wdl+S9p,True,True,2025-06-03 09:12:11.972023,2025-06-03 09:12:11.972023,customer
6,tonya54@example.org,7biUOacjSd^_23VY,True,True,2025-07-18 08:17:53.794940,2025-07-18 08:17:53.794940,customer
7,contrerasolivia@example.net,eXj+b1Ej!PQNH!g!,True,True,2025-07-01 23:38:15.589397,2025-07-01 23:38:15.589397,customer
8,alexander44@example.net,HTOx*4Gdu^nOC4n6,True,True,2025-09-11 14:11:51.925766,2025-09-11 14:11:51.925766,customer
9,rayjames@example.org,*b2LRYqr^()tmMBL,True,True,2025-07-03 01:12:42.398836,2025-07-03 01:12:42.398836,customer
10,david33@example.com,1)elqr0e33b+O(XO,True,True,2025-10-24 17:13:25.917354,2025-10-24 17:13:25.917354,customer
11,lewismargaret@example.com,+e#6^KZRK8bnF6w#,True,True,2025-10-22 21:39:11.810262,2025-10-22 21:39:11.810262,customer
12,tonyleach@example.org,%O)*3CtjmGRV%pmH,True,True,2025-11-13 20:31:06.513297,2025-11-13 20:31:06.513297,customer
13,yanderson@example.net,(G5AHn54$GM7VoCh,True,True,2025-07-18 16:08:45.775197,2025-07-18 16:08:45.775197,customer
14,michelle41@example.org,U^YA)d$uKz2%qSrP,True,True,2025-09-08 03:51:54.527578,2025-09-08 03:51:54.527578,customer
15,emily57@example.net,Ien(pGH#@8M+L6hb,True,True,2025-10-16 13:51:12.027569,2025-10-16 13:51:12.027569,customer
16,woodleonard@example.org,(i+93ZT&pK_UxBw$,True,True,2025-07-14 12:23:25.504726,2025-07-14 12:23:25.504726,customer
17,marysanders@example.org,DwFsFOpi)1X(++_*,True,True,2025-05-29 22:56:05.394676,2025-05-29 22:56:05.394676,customer
18,woodrichard@example.org,_j+qQ3tht30IhBI6,True,True,2025-07-28 16:24:44.150057,2025-07-28 16:24:44.150057,customer
19,dawn67@example.net,B_o@aRDiT&7n9GdM,True,True,2025-11-12 19:59:15.255921,2025-11-12 19:59:15.255921,customer
20,shirleybaker@example.net,_2Lxv7Mha4cPhMql,True,True,2025-10-09 03:09:07.575788,2025-10-09 03:09:07.575788,customer
21,paulzuniga@example.net,%3BdMn*kz_#lU#(a,True,True,2025-11-11 19:10:42.107217,2025-11-11 19:10:42.107217,customer
22,mortonbryan@example.org,Eo2@3XCZ_3kXVbeq,True,True,2025-09-17 20:55:55.886100,2025-09-17 20:55:55.886100,customer
23,joshua01@example.com,k@(+5DKlKC@)^WWF,True,True,2025-05-31 22:17:36.101599,2025-05-31 22:17:36.101599,customer
24,susanpearson@example.org,V#7zNOml4pCVX^3q,True,True,2025-07-16 03:48:54.881333,2025-07-16 03:48:54.881333,customer
25,timothymedina@example.net,+ioh@X7vDc+o_2H$,True,True,2025-09-26 10:15:16.225145,2025-09-26 10:15:16.225145,customer
26,nhardy@example.com,!+FZ27gyo(3&Rrac,True,True,2025-08-27 08:32:33.310194,2025-08-27 08:32:33.310194,customer
27,floresdonald@example.org,FznC4WJ9C(l8zP1v,True,True,2025-05-19 15:52:04.747838,2025-05-19 15:52:04.747838,customer
28,olsenkayla@example.net,Z5t_0zGHSE4U4VKL,True,True,2025-09-25 15:11:56.996567,2025-09-25 15:11:56.996567,customer
29,aboyd@example.org,C)za*S1qo7X37WiN,True,True,2025-08-13 11:38:28.658437,2025-08-13 11:38:28.658437,customer
30,jasonmccormick@example.com,AXKJE7y6zC*G2sNY,True,True,2025-09-02 22:29:14.396574,2025-09-02 22:29:14.396574,customer
31,jenniferdennis@example.net,uDnLwo#B(73%nuge,True,True,2025-11-04 12:24:51.163143,2025-11-04 12:24:51.163143,customer
32,millervictoria@example.com,sC(8u@fP7PVn%GI0,True,True,2025-09-06 14:41:23.130444,2025-09-06 14:41:23.130444,customer
33,reynoldsangela@example.net,j#3^g@Tw)gsR152A,True,True,2025-10-17 04:09:21.111044,2025-10-17 04:09:21.111044,customer
34,richardgeorge@example.com,xmITvjlH1B^yeIu7,True,True,2025-09-20 17:31:52.351807,2025-09-20 17:31:52.351807,customer
35,blakechapman@example.com,bdX!QZ!tu&7SitTi,True,True,2025-07-01 06:44:36.373120,2025-07-01 06:44:36.373120,customer
36,asmith@example.com,D7%&nHKmi%034G**,True,True,2025-07-04 22:45:21.838141,2025-07-04 22:45:21.838141,customer
37,icampbell@example.org,5ZAIueXx)kZ33^!U,True,True,2025-06-30 05:56:06.817201,2025-06-30 05:56:06.817201,customer
38,jerrygallagher@example.net,V#Ze445d)POR&k$v,True,True,2025-10-25 04:18:04.706869,2025-10-25 04:18:04.706869,customer
39,stacywatkins@example.org,g_Ql%Yrk@p_65wg(,True,True,2025-07-26 10:10:26.656392,2025-07-26 10:10:26.656392,customer
40,glennjordan@example.net,scG^Qtq7Le0Z6*8T,True,True,2025-11-13 03:50:23.519975,2025-11-13 03:50:23.519975,customer
41,timothy15@example.net,K)h5fP@*NBMDD*8c,True,True,2025-10-22 07:57:32.143076,2025-10-22 07:57:32.143076,customer
42,santiagojoel@example.org,^T79ZtHtx_mNqJf^,True,True,2025-05-30 15:49:39.565527,2025-05-30 15:49:39.565527,customer
43,robinhicks@example.net,)R#CK2Y$Lg&+P*o!,True,True,2025-06-28 10:35:33.011998,2025-06-28 10:35:33.011998,customer
44,thomas48@example.net,8*q00HFxi$rJ3Crv,True,True,2025-06-18 01:30:49.501746,2025-06-18 01:30:49.501746,customer
45,adam55@example.org,^NYQjOj2c8(!xlQ(,True,True,2025-09-08 05:04:52.032089,2025-09-08 05:04:52.032089,customer
46,thomas48@example.com,C#2u7@6v%86kXWyM,True,True,2025-08-15 02:05:02.907619,2025-08-15 02:05:02.907619,customer
47,nicolecoleman@example.org,^NS$bas!%4@YTJ_M,True,True,2025-06-22 23:05:40.660786,2025-06-22 23:05:40.660786,customer
48,josephneal@example.net,x*)y3S08w$qSPbxk,True,True,2025-11-04 16:26:04.394926,2025-11-04 16:26:04.394926,customer
49,ryannguyen@example.net,GM@0jZ@uv_F9K_t_,True,True,2025-11-09 05:05:46.268827,2025-11-09 05:05:46.268827,customer
50,wphillips@example.com,%3Q4eZRx360@fDTK,True,True,2025-11-14 19:05:09.507396,2025-11-14 19:05:09.507396,customer
51,sandrawilliams@example.net,^8a(jMQoxuX^11I$,True,True,2025-07-14 12:42:47.442912,2025-07-14 12:42:47.442912,customer
52,gordonraymond@example.org,D$4JqoE4d%k0x(ik,True,True,2025-10-03 22:51:34.693119,2025-10-03 22:51:34.693119,customer
53,blakeanderson@example.org,48krNNCsz(9hx0N2,True,True,2025-08-17 09:16:18.698669,2025-08-17 09:16:18.698669,customer
54,kristin88@example.org,+9KZhsQWzeE70OU4,True,True,2025-06-07 21:07:43.062019,2025-06-07 21:07:43.062019,customer
55,kelli38@example.com,zPE1DGS6Tt(FOyRb,True,True,2025-06-07 03:47:21.291696,2025-06-07 03:47:21.291696,customer
56,james99@example.net,Vkwb)YA5EN+kT0sz,True,True,2025-09-13 15:23:26.969065,2025-09-13 15:23:26.969065,customer
57,xrobinson@example.org,_f#OETnZ84y0JllV,True,True,2025-05-25 17:36:29.545508,2025-05-25 17:36:29.545508,customer
58,smithheather@example.org,btlXC%Eb@3!q6kdK,True,True,2025-10-08 01:17:22.401781,2025-10-08 01:17:22.401781,customer
59,mike82@example.com,_C(&RTSavn+_8c)u,True,True,2025-11-04 07:24:50.993365,2025-11-04 07:24:50.993365,customer
60,sandy01@example.com,+g6#XdMDW736UkNw,True,True,2025-10-21 11:28:24.153572,2025-10-21 11:28:24.153572,customer
61,katherine15@example.com,Z_9!)LZva+yBlbN_,True,True,2025-09-24 17:23:18.980616,2025-09-24 17:23:18.980616,customer
62,rebekah60@example.org,sG@faMOmqvi2lGlp,True,True,2025-09-25 07:34:55.893904,2025-09-25 07:34:55.893904,customer
63,david29@example.net,x6o(xY^l_glb9bd#,True,True,2025-07-17 13:57:01.707199,2025-07-17 13:57:01.707199,customer
64,caroljuarez@example.com,4IFo+vCx_g17xxLW,True,True,2025-06-08 16:47:10.575449,2025-06-08 16:47:10.575449,customer
65,traciecampbell@example.org,WG3sHVyi%vUC4fHa,True,True,2025-08-19 20:50:21.995597,2025-08-19 20:50:21.995597,customer
66,kfrench@example.org,&u)%ucoc*b(MY9*m,True,True,2025-07-20 19:13:42.866660,2025-07-20 19:13:42.866660,customer
67,vasquezrose@example.com,(5Z7AJiu^sIRqGRz,True,True,2025-09-25 03:25:05.422027,2025-09-25 03:25:05.422027,customer
68,stricklandmary@example.net,7TawPO#1ppv*Rpyn,True,True,2025-07-21 16:10:14.303787,2025-07-21 16:10:14.303787,customer
69,conwayjean@example.com,r7wEl7JM^WOxVmqX,True,True,2025-07-27 00:41:26.000782,2025-07-27 00:41:26.000782,customer
70,gregoryglass@example.com,oi2mzCrojP*wf!Lv,True,True,2025-09-06 13:47:41.174683,2025-09-06 13:47:41.174683,customer
71,danielle89@example.org,p@cv18S547cE1Pgy,True,True,2025-06-28 05:36:41.645926,2025-06-28 05:36:41.645926,customer
72,edward04@example.net,fm_xRCvPz31^2Kwr,True,True,2025-06-30 15:52:59.717490,2025-06-30 15:52:59.717490,customer
73,pjohnson@example.net,x9^7BW$kG(d+xYJ7,True,True,2025-10-30 10:14:22.167581,2025-10-30 10:14:22.167581,customer
74,melissa01@example.net,!S+ZJVrWq1CLhb^(,True,True,2025-09-13 02:05:30.529412,2025-09-13 02:05:30.529412,customer
75,jevans@example.net,B^*dc*GmB%@d9CJf,True,True,2025-06-30 22:26:55.665541,2025-06-30 22:26:55.665541,customer
76,davidwilson@example.org,orFVmhs_*f00HsrX,True,True,2025-10-07 12:07:01.705844,2025-10-07 12:07:01.705844,customer
77,cbailey@example.net,@74DBN+_K99DMpls,True,True,2025-09-24 17:55:41.846309,2025-09-24 17:55:41.846309,customer
78,timothy97@example.com,S%LVfRWC_K&p1P)p,True,True,2025-05-22 09:36:31.435239,2025-05-22 09:36:31.435239,customer
79,scottmckay@example.org,5Gk)O0TvwF^7IM8T,True,True,2025-10-20 23:39:54.206299,2025-10-20 23:39:54.206299,customer
80,cynthiawatts@example.org,Xd^0w8nUvUEH2N+Q,True,True,2025-07-30 06:33:25.332150,2025-07-30 06:33:25.332150,customer
81,benjamin79@example.com,z!4cCBxq)F)5dEHa,True,True,2025-07-06 04:53:42.935832,2025-07-06 04:53:42.935832,driver
82,nancy22@example.net,5@#**9Rx!1B3im+i,True,True,2025-06-12 14:37:07.215652,2025-06-12 14:37:07.215652,driver
83,toddbuckley@example.org,apU08*Vj)%RLEm+7,True,True,2025-08-10 03:11:35.702544,2025-08-10 03:11:35.702544,driver
84,myersmatthew@example.org,#bc@eEy#4$7Kn6Zp,True,True,2025-06-08 08:25:01.076707,2025-06-08 08:25:01.076707,driver
85,sshelton@example.net,))kqB(ClnsV6Rkx9,True,True,2025-09-12 02:58:11.055737,2025-09-12 02:58:11.055737,driver
86,jermaineburns@example.org,j+vVUmAuNZ2Kg^l),True,True,2025-07-25 19:31:38.908376,2025-07-25 19:31:38.908376,driver
87,michaelsanders@example.net,I&k)E7Dk^u2A8x^k,True,True,2025-09-01 08:28:20.076824,2025-09-01 08:28:20.076824,driver
88,jacksonsamantha@example.com,H@Gipm_9U841DKBS,True,True,2025-10-04 02:10:40.863020,2025-10-04 02:10:40.863020,driver
89,brandon14@example.net,@6IXwkM4hN*4!HQk,True,True,2025-09-23 19:14:12.164848,2025-09-23 19:14:12.164848,driver
90,michaelmaddox@example.com,w#(3YyMSza%(A)x0,True,True,2025-09-03 06:27:33.189885,2025-09-03 06:27:33.189885,driver
91,caitlin67@example.com,n_2EGmN(#gQJJRVf,True,True,2025-10-27 06:03:57.787731,2025-10-27 06:03:57.787731,driver
92,gomezpamela@example.net,%c$Aq_YO!9K$D8v#,True,True,2025-08-20 21:04:10.888431,2025-08-20 21:04:10.888431,driver
93,sheacynthia@example.net,IvHuN+(e#&b2eZF4,True,True,2025-07-15 00:24:11.461069,2025-07-15 00:24:11.461069,driver
94,bradduran@example.com,!IQQZqw&y6nQT@ik,True,True,2025-10-12 18:32:05.767168,2025-10-12 18:32:05.767168,driver
95,michaelmullins@example.com,*Vl3i$d@q8+cO#xc,True,True,2025-08-26 10:52:25.572273,2025-08-26 10:52:25.572273,driver
96,ismith@example.net,aYu6)D&z(48MO)Ox,True,True,2025-10-05 02:49:27.257538,2025-10-05 02:49:27.257538,driver
97,jessemcclure@example.com,qIr+R3WoqTmCe8xd,True,True,2025-06-26 02:03:52.036686,2025-06-26 02:03:52.036686,driver
98,marioclements@example.com,%4rk)7r6cX55XwiB,True,True,2025-11-08 17:01:36.453618,2025-11-08 17:01:36.453618,driver
99,brownpatricia@example.org,UW2N)HKtn7x999ws,True,True,2025-10-17 15:15:29.515744,2025-10-17 15:15:29.515744,driver
100,foxalexander@example.org,bLVuY4Ov%xO7V3fk,True,True,2025-06-06 17:49:42.606657,2025-06-06 17:49:42.606657,driver
101,sullivanmegan@example.com,OO5AyaXddq7!@7yQ,True,True,2025-09-15 19:48:10.267068,2025-09-15 19:48:10.267068,driver
102,vanessasmith@example.com,^&i_NlmW@zZo5EZu,True,True,2025-06-27 05:39:00.067183,2025-06-27 05:39:00.067183,driver
103,lopezdavid@example.net,O@&fhA!$&jz2E0wj,True,True,2025-09-24 14:25:31.339632,2025-09-24 14:25:31.339632,driver
104,julie16@example.net,+5mJk*9h(g1M%Jql,True,True,2025-06-24 17:42:39.511135,2025-06-24 17:42:39.511135,driver
105,pbrown@example.org,&!AR+7WrZgyQ)LbF,True,True,2025-08-20 01:43:08.082014,2025-08-20 01:43:08.082014,driver
106,sgarcia@example.com,&vH5A^l2OadxyKy3,True,True,2025-07-14 00:55:36.661247,2025-07-14 00:55:36.661247,restaurant
107,david54@example.org,!EnXkEjhRm1%4VJ_,True,True,2025-07-01 05:26:32.020775,2025-07-01 05:26:32.020775,restaurant
108,carrillocarol@example.com,r%daZ2td3P*oiCJc,True,True,2025-07-06 01:54:33.766083,2025-07-06 01:54:33.766083,restaurant
109,kaylamorales@example.com,_vgH%QGu6BG8y^zz,True,True,2025-06-14 07:00:42.336730,2025-06-14 07:00:42.336730,restaurant
110,joshua44@example.com,+_w9zQ8mOO!7&9Mk,True,True,2025-09-29 20:39:09.951368,2025-09-29 20:39:09.951368,restaurant
111,jenniferdurham@example.org,L4VY1lr9)NBNIekz,True,True,2025-05-29 00:35:14.100977,2025-05-29 00:35:14.100977,restaurant
112,joshua48@example.net,B#_puKXjc&5)BIwr,True,True,2025-06-11 09:02:21.968313,2025-06-11 09:02:21.968313,restaurant
113,xmontes@example.net,z(#tLztxIv$7G5Hd,True,True,2025-10-14 16:43:59.184391,2025-10-14 16:43:59.184391,restaurant
114,craig54@example.org,!D8YPAKzURIe$uyr,True,True,2025-09-22 00:20:39.284220,2025-09-22 00:20:39.284220,restaurant
115,xfarmer@example.com,Ve7&_FLv(E%UYurM,True,True,2025-05-22 03:26:45.785569,2025-05-22 03:26:45.785569,restaurant
116,kerrmelinda@example.com,n1EPALPw^94(7xrb,True,True,2025-07-27 04:38:17.689075,2025-07-27 04:38:17.689075,restaurant
117,dawn41@example.net,tlJ1tRlw4_P1Chdn,True,True,2025-10-25 07:16:16.019063,2025-10-25 07:16:16.019063,restaurant
118,ashleycampbell@example.com,mjk97A!m6&^NF2qg,True,True,2025-09-17 07:34:22.822490,2025-09-17 07:34:22.822490,restaurant
119,michellemclaughlin@example.net,D5_en4+K!vQf$bFJ,True,True,2025-11-08 15:20:49.617506,2025-11-08 15:20:49.617506,restaurant
120,robin15@example.net,&_&w9PSjKu)Ml@$G,True,True,2025-05-31 06:29:59.271965,2025-05-31 06:29:59.271965,restaurant
121,masonsonia@example.org,$xv47xIs(DA9B2JA,True,True,2025-05-25 15:55:51.910480,2025-05-25 15:55:51.910480,restaurant
122,ashleywhite@example.org,et9eX(JC9q(0CoCw,True,True,2025-07-02 01:05:00.369108,2025-07-02 01:05:00.369108,restaurant
123,lisasolomon@example.net,t^3WmkJ%o!AdCdv^,True,True,2025-07-22 12:58:26.245749,2025-07-22 12:58:26.245749,restaurant
124,fowens@example.org,&&%fG8@5a1!79JD7,True,True,2025-09-24 08:51:55.923053,2025-09-24 08:51:55.923053,admin
125,christian00@example.net,VkhOQ!0%(+j#rKMu,True,True,2025-06-20 16:04:14.702636,2025-06-20 16:04:14.702636,admin
126,aramirez@example.com,k60PHMQn%%2_5mz^,True,True,2025-10-31 10:15:47.770391,2025-10-31 10:15:47.770391,admin
127,billyali@example.com,+^&a7Oy3^$ludTag,True,True,2025-06-12 01:57:32.124984,2025-06-12 01:57:32.124984,admin
